<?xml version='1.0' encoding='UTF-8'?>
<gpx version="1.1" creator="https://www.komoot.de" xmlns="http://www.topografix.com/GPX/1/1" xmlns:xsi="http://www.w3.org/2001/XMLSchema-instance" xsi:schemaLocation="http://www.topografix.com/GPX/1/1 http://www.topografix.com/GPX/1/1/gpx.xsd">
  <metadata>
    <name>Day 2 - Wrynose Pass and Cold Pike</name>
    <author>
      <link href="https://www.komoot.de">
        <text>komoot</text>
        <type>text/html</type>
      </link>
    </author>
  </metadata>
  <trk>
    <name>Day 2 - Wrynose Pass and Cold Pike</name>
    <trkseg>
      <trkpt lat="54.445538" lon="-3.102863">
        <ele>105.229767</ele>
        <time>2025-08-26T16:43:19.747Z</time>
      </trkpt>
      <trkpt lat="54.445532" lon="-3.102989">
        <ele>105.229767</ele>
        <time>2025-08-26T16:43:26.340Z</time>
      </trkpt>
      <trkpt lat="54.445571" lon="-3.103573">
        <ele>105.229767</ele>
        <time>2025-08-26T16:43:57.469Z</time>
      </trkpt>
      <trkpt lat="54.445547" lon="-3.103694">
        <ele>105.229767</ele>
        <time>2025-08-26T16:44:04.172Z</time>
      </trkpt>
      <trkpt lat="54.445624" lon="-3.103818">
        <ele>105.229767</ele>
        <time>2025-08-26T16:44:13.804Z</time>
      </trkpt>
      <trkpt lat="54.445791" lon="-3.103737">
        <ele>105.229767</ele>
        <time>2025-08-26T16:44:29.534Z</time>
      </trkpt>
      <trkpt lat="54.445837" lon="-3.103653">
        <ele>105.229767</ele>
        <time>2025-08-26T16:44:35.560Z</time>
      </trkpt>
      <trkpt lat="54.445874" lon="-3.103420">
        <ele>105.284179</ele>
        <time>2025-08-26T16:44:48.203Z</time>
      </trkpt>
      <trkpt lat="54.445979" lon="-3.103212">
        <ele>105.397526</ele>
        <time>2025-08-26T16:45:02.515Z</time>
      </trkpt>
      <trkpt lat="54.446075" lon="-3.103062">
        <ele>105.489317</ele>
        <time>2025-08-26T16:45:13.953Z</time>
      </trkpt>
      <trkpt lat="54.446144" lon="-3.103040">
        <ele>105.538980</ele>
        <time>2025-08-26T16:45:20.140Z</time>
      </trkpt>
      <trkpt lat="54.446182" lon="-3.102969">
        <ele>105.578689</ele>
        <time>2025-08-26T16:45:25.047Z</time>
      </trkpt>
      <trkpt lat="54.446224" lon="-3.102741">
        <ele>105.677106</ele>
        <time>2025-08-26T16:45:37.011Z</time>
      </trkpt>
      <trkpt lat="54.446236" lon="-3.102105">
        <ele>105.938957</ele>
        <time>2025-08-26T16:46:07.647Z</time>
      </trkpt>
      <trkpt lat="54.446333" lon="-3.100915">
        <ele>106.433427</ele>
        <time>2025-08-26T16:47:05.085Z</time>
      </trkpt>
      <trkpt lat="54.446503" lon="-3.099797">
        <ele>106.028381</ele>
        <time>2025-08-26T16:48:00.653Z</time>
      </trkpt>
      <trkpt lat="54.446587" lon="-3.099467">
        <ele>105.855349</ele>
        <time>2025-08-26T16:48:17.937Z</time>
      </trkpt>
      <trkpt lat="54.446643" lon="-3.099060">
        <ele>105.654456</ele>
        <time>2025-08-26T16:48:37.933Z</time>
      </trkpt>
      <trkpt lat="54.446630" lon="-3.098724">
        <ele>105.492708</ele>
        <time>2025-08-26T16:48:54.039Z</time>
      </trkpt>
      <trkpt lat="54.446674" lon="-3.098320">
        <ele>105.295280</ele>
        <time>2025-08-26T16:49:13.564Z</time>
      </trkpt>
      <trkpt lat="54.446773" lon="-3.098078">
        <ele>105.153154</ele>
        <time>2025-08-26T16:49:27.530Z</time>
      </trkpt>
      <trkpt lat="54.446895" lon="-3.097649">
        <ele>105.582511</ele>
        <time>2025-08-26T16:49:49.848Z</time>
      </trkpt>
      <trkpt lat="54.447085" lon="-3.096876">
        <ele>108.032601</ele>
        <time>2025-08-26T16:50:32.335Z</time>
      </trkpt>
      <trkpt lat="54.447367" lon="-3.096411">
        <ele>109.994156</ele>
        <time>2025-08-26T16:51:08.688Z</time>
      </trkpt>
      <trkpt lat="54.447473" lon="-3.096142">
        <ele>110.942835</ele>
        <time>2025-08-26T16:51:27.067Z</time>
      </trkpt>
      <trkpt lat="54.447783" lon="-3.095978">
        <ele>112.571300</ele>
        <time>2025-08-26T16:51:59.695Z</time>
      </trkpt>
      <trkpt lat="54.447845" lon="-3.095808">
        <ele>113.157147</ele>
        <time>2025-08-26T16:52:11.549Z</time>
      </trkpt>
      <trkpt lat="54.447901" lon="-3.095771">
        <ele>113.458355</ele>
        <time>2025-08-26T16:52:17.804Z</time>
      </trkpt>
      <trkpt lat="54.448294" lon="-3.094707">
        <ele>117.140770</ele>
        <time>2025-08-26T16:53:36.234Z</time>
      </trkpt>
      <trkpt lat="54.448410" lon="-3.094201">
        <ele>118.729893</ele>
        <time>2025-08-26T16:54:08.456Z</time>
      </trkpt>
      <trkpt lat="54.448483" lon="-3.094080">
        <ele>119.239336</ele>
        <time>2025-08-26T16:54:18.217Z</time>
      </trkpt>
      <trkpt lat="54.448565" lon="-3.094086">
        <ele>119.651751</ele>
        <time>2025-08-26T16:54:26.053Z</time>
      </trkpt>
      <trkpt lat="54.448637" lon="-3.094034">
        <ele>120.044148</ele>
        <time>2025-08-26T16:54:33.424Z</time>
      </trkpt>
      <trkpt lat="54.448678" lon="-3.093915">
        <ele>120.448281</ele>
        <time>2025-08-26T16:54:40.732Z</time>
      </trkpt>
      <trkpt lat="54.448743" lon="-3.093766">
        <ele>120.992511</ele>
        <time>2025-08-26T16:54:50.428Z</time>
      </trkpt>
      <trkpt lat="54.448769" lon="-3.093389">
        <ele>122.101689</ele>
        <time>2025-08-26T16:55:08.849Z</time>
      </trkpt>
      <trkpt lat="54.448825" lon="-3.092922">
        <ele>122.317703</ele>
        <time>2025-08-26T16:55:31.713Z</time>
      </trkpt>
      <trkpt lat="54.448825" lon="-3.092587">
        <ele>120.480181</ele>
        <time>2025-08-26T16:55:48.600Z</time>
      </trkpt>
      <trkpt lat="54.448840" lon="-3.092460">
        <ele>119.769342</ele>
        <time>2025-08-26T16:55:55.228Z</time>
      </trkpt>
      <trkpt lat="54.448883" lon="-3.092354">
        <ele>119.060391</ele>
        <time>2025-08-26T16:56:02.125Z</time>
      </trkpt>
      <trkpt lat="54.448943" lon="-3.092318">
        <ele>118.460903</ele>
        <time>2025-08-26T16:56:07.904Z</time>
      </trkpt>
      <trkpt lat="54.449184" lon="-3.091667">
        <ele>114.227733</ele>
        <time>2025-08-26T16:56:51.293Z</time>
      </trkpt>
      <trkpt lat="54.449184" lon="-3.091409">
        <ele>112.812580</ele>
        <time>2025-08-26T16:57:06.272Z</time>
      </trkpt>
      <trkpt lat="54.449221" lon="-3.090989">
        <ele>110.482549</ele>
        <time>2025-08-26T16:57:31.277Z</time>
      </trkpt>
      <trkpt lat="54.449266" lon="-3.090823">
        <ele>109.477923</ele>
        <time>2025-08-26T16:57:42.055Z</time>
      </trkpt>
      <trkpt lat="54.449269" lon="-3.090305">
        <ele>106.636512</ele>
        <time>2025-08-26T16:58:12.699Z</time>
      </trkpt>
      <trkpt lat="54.449327" lon="-3.089681">
        <ele>103.517836</ele>
        <time>2025-08-26T16:58:49.656Z</time>
      </trkpt>
      <trkpt lat="54.449082" lon="-3.089246">
        <ele>100.587567</ele>
        <time>2025-08-26T16:59:24.083Z</time>
      </trkpt>
      <trkpt lat="54.448982" lon="-3.089176">
        <ele>99.689121</ele>
        <time>2025-08-26T16:59:34.398Z</time>
      </trkpt>
      <trkpt lat="54.448918" lon="-3.089082">
        <ele>98.988764</ele>
        <time>2025-08-26T16:59:42.375Z</time>
      </trkpt>
      <trkpt lat="54.448879" lon="-3.089018">
        <ele>98.540191</ele>
        <time>2025-08-26T16:59:47.435Z</time>
      </trkpt>
      <trkpt lat="54.448811" lon="-3.088812">
        <ele>97.394042</ele>
        <time>2025-08-26T17:00:00.122Z</time>
      </trkpt>
      <trkpt lat="54.448768" lon="-3.088638">
        <ele>96.479263</ele>
        <time>2025-08-26T17:00:10.149Z</time>
      </trkpt>
      <trkpt lat="54.448673" lon="-3.088448">
        <ele>95.266786</ele>
        <time>2025-08-26T17:00:23.160Z</time>
      </trkpt>
      <trkpt lat="54.448345" lon="-3.087793">
        <ele>91.140596</ele>
        <time>2025-08-26T17:01:06.974Z</time>
      </trkpt>
      <trkpt lat="54.448300" lon="-3.087726">
        <ele>91.070404</ele>
        <time>2025-08-26T17:01:12.044Z</time>
      </trkpt>
      <trkpt lat="54.447958" lon="-3.088363">
        <ele>90.475885</ele>
        <time>2025-08-26T17:01:53.974Z</time>
      </trkpt>
      <trkpt lat="54.447878" lon="-3.088531">
        <ele>90.326985</ele>
        <time>2025-08-26T17:02:04.347Z</time>
      </trkpt>
      <trkpt lat="54.447310" lon="-3.089673">
        <ele>89.296501</ele>
        <time>2025-08-26T17:03:14.684Z</time>
      </trkpt>
      <trkpt lat="54.447226" lon="-3.089336">
        <ele>89.045079</ele>
        <time>2025-08-26T17:03:31.785Z</time>
      </trkpt>
      <trkpt lat="54.447010" lon="-3.088813">
        <ele>89.338734</ele>
        <time>2025-08-26T17:04:01.670Z</time>
      </trkpt>
      <trkpt lat="54.446753" lon="-3.088487">
        <ele>89.614343</ele>
        <time>2025-08-26T17:04:27.264Z</time>
      </trkpt>
      <trkpt lat="54.446647" lon="-3.088324">
        <ele>89.737062</ele>
        <time>2025-08-26T17:04:38.646Z</time>
      </trkpt>
      <trkpt lat="54.446588" lon="-3.088283">
        <ele>89.791982</ele>
        <time>2025-08-26T17:04:43.742Z</time>
      </trkpt>
      <trkpt lat="54.446503" lon="-3.088303">
        <ele>89.866024</ele>
        <time>2025-08-26T17:04:50.645Z</time>
      </trkpt>
      <trkpt lat="54.445714" lon="-3.088685">
        <ele>90.573438</ele>
        <time>2025-08-26T17:06:00.003Z</time>
      </trkpt>
      <trkpt lat="54.445604" lon="-3.088668">
        <ele>90.933745</ele>
        <time>2025-08-26T17:06:09.776Z</time>
      </trkpt>
      <trkpt lat="54.445537" lon="-3.088613">
        <ele>91.191456</ele>
        <time>2025-08-26T17:06:16.372Z</time>
      </trkpt>
      <trkpt lat="54.445410" lon="-3.088442">
        <ele>91.751350</ele>
        <time>2025-08-26T17:06:30.556Z</time>
      </trkpt>
      <trkpt lat="54.445156" lon="-3.087921">
        <ele>93.123683</ele>
        <time>2025-08-26T17:07:04.853Z</time>
      </trkpt>
      <trkpt lat="54.445019" lon="-3.087750">
        <ele>93.711300</ele>
        <time>2025-08-26T17:07:19.417Z</time>
      </trkpt>
      <trkpt lat="54.444980" lon="-3.087471">
        <ele>94.290500</ele>
        <time>2025-08-26T17:07:33.821Z</time>
      </trkpt>
      <trkpt lat="54.444955" lon="-3.087327">
        <ele>94.593840</ele>
        <time>2025-08-26T17:07:41.314Z</time>
      </trkpt>
      <trkpt lat="54.444913" lon="-3.087233">
        <ele>94.833121</ele>
        <time>2025-08-26T17:07:47.457Z</time>
      </trkpt>
      <trkpt lat="54.444972" lon="-3.087087">
        <ele>95.191997</ele>
        <time>2025-08-26T17:07:56.657Z</time>
      </trkpt>
      <trkpt lat="54.445021" lon="-3.086702">
        <ele>95.987509</ele>
        <time>2025-08-26T17:08:17.695Z</time>
      </trkpt>
      <trkpt lat="54.445079" lon="-3.086483">
        <ele>96.473245</ele>
        <time>2025-08-26T17:08:30.955Z</time>
      </trkpt>
      <trkpt lat="54.445181" lon="-3.086313">
        <ele>97.270949</ele>
        <time>2025-08-26T17:08:44.730Z</time>
      </trkpt>
      <trkpt lat="54.445310" lon="-3.085732">
        <ele>101.225326</ele>
        <time>2025-08-26T17:09:21.024Z</time>
      </trkpt>
      <trkpt lat="54.445341" lon="-3.085653">
        <ele>101.831317</ele>
        <time>2025-08-26T17:09:26.708Z</time>
      </trkpt>
      <trkpt lat="54.445284" lon="-3.085060">
        <ele>105.653009</ele>
        <time>2025-08-26T17:10:03.872Z</time>
      </trkpt>
      <trkpt lat="54.445284" lon="-3.085054">
        <ele>105.691160</ele>
        <time>2025-08-26T17:10:04.256Z</time>
      </trkpt>
      <trkpt lat="54.445040" lon="-3.083720">
        <ele>114.583016</ele>
        <time>2025-08-26T17:11:48.054Z</time>
      </trkpt>
      <trkpt lat="54.445020" lon="-3.083069">
        <ele>117.568755</ele>
        <time>2025-08-26T17:12:35.594Z</time>
      </trkpt>
      <trkpt lat="54.445087" lon="-3.082498">
        <ele>119.351831</ele>
        <time>2025-08-26T17:13:12.653Z</time>
      </trkpt>
      <trkpt lat="54.445091" lon="-3.082289">
        <ele>119.991931</ele>
        <time>2025-08-26T17:13:25.232Z</time>
      </trkpt>
      <trkpt lat="54.445063" lon="-3.082174">
        <ele>120.373563</ele>
        <time>2025-08-26T17:13:32.530Z</time>
      </trkpt>
      <trkpt lat="54.445080" lon="-3.082067">
        <ele>120.713098</ele>
        <time>2025-08-26T17:13:38.901Z</time>
      </trkpt>
      <trkpt lat="54.445045" lon="-3.081924">
        <ele>121.188020</ele>
        <time>2025-08-26T17:13:47.651Z</time>
      </trkpt>
      <trkpt lat="54.445072" lon="-3.081827">
        <ele>121.517205</ele>
        <time>2025-08-26T17:13:53.512Z</time>
      </trkpt>
      <trkpt lat="54.445241" lon="-3.081660">
        <ele>122.543257</ele>
        <time>2025-08-26T17:14:11.144Z</time>
      </trkpt>
      <trkpt lat="54.445263" lon="-3.081498">
        <ele>123.052485</ele>
        <time>2025-08-26T17:14:19.487Z</time>
      </trkpt>
      <trkpt lat="54.445426" lon="-3.081234">
        <ele>124.231170</ele>
        <time>2025-08-26T17:14:37.634Z</time>
      </trkpt>
      <trkpt lat="54.445438" lon="-3.081046">
        <ele>124.810094</ele>
        <time>2025-08-26T17:14:46.661Z</time>
      </trkpt>
      <trkpt lat="54.445525" lon="-3.080825">
        <ele>125.627023</ele>
        <time>2025-08-26T17:14:59.807Z</time>
      </trkpt>
      <trkpt lat="54.445582" lon="-3.080301">
        <ele>124.894978</ele>
        <time>2025-08-26T17:15:26.737Z</time>
      </trkpt>
      <trkpt lat="54.445657" lon="-3.079976">
        <ele>124.016054</ele>
        <time>2025-08-26T17:15:44.723Z</time>
      </trkpt>
      <trkpt lat="54.445860" lon="-3.079401">
        <ele>122.325160</ele>
        <time>2025-08-26T17:16:19.117Z</time>
      </trkpt>
      <trkpt lat="54.445824" lon="-3.079058">
        <ele>121.449047</ele>
        <time>2025-08-26T17:16:36.844Z</time>
      </trkpt>
      <trkpt lat="54.445875" lon="-3.078295">
        <ele>119.518507</ele>
        <time>2025-08-26T17:17:16.017Z</time>
      </trkpt>
      <trkpt lat="54.445895" lon="-3.077999">
        <ele>118.769462</ele>
        <time>2025-08-26T17:17:31.263Z</time>
      </trkpt>
      <trkpt lat="54.445881" lon="-3.077867">
        <ele>118.432187</ele>
        <time>2025-08-26T17:17:38.165Z</time>
      </trkpt>
      <trkpt lat="54.445836" lon="-3.077786">
        <ele>118.140752</ele>
        <time>2025-08-26T17:17:43.835Z</time>
      </trkpt>
      <trkpt lat="54.445838" lon="-3.077771">
        <ele>118.091168</ele>
        <time>2025-08-26T17:17:44.629Z</time>
      </trkpt>
      <trkpt lat="54.445845" lon="-3.077589">
        <ele>117.503486</ele>
        <time>2025-08-26T17:17:54.013Z</time>
      </trkpt>
      <trkpt lat="54.445788" lon="-3.077339">
        <ele>116.638280</ele>
        <time>2025-08-26T17:18:07.815Z</time>
      </trkpt>
      <trkpt lat="54.445782" lon="-3.076716">
        <ele>114.630706</ele>
        <time>2025-08-26T17:18:39.891Z</time>
      </trkpt>
      <trkpt lat="54.445815" lon="-3.074632">
        <ele>107.883736</ele>
        <time>2025-08-26T17:20:28.146Z</time>
      </trkpt>
      <trkpt lat="54.445740" lon="-3.074249">
        <ele>106.454341</ele>
        <time>2025-08-26T17:20:49.291Z</time>
      </trkpt>
      <trkpt lat="54.445668" lon="-3.074009">
        <ele>105.499160</ele>
        <time>2025-08-26T17:21:03.425Z</time>
      </trkpt>
      <trkpt lat="54.445547" lon="-3.073793">
        <ele>104.438327</ele>
        <time>2025-08-26T17:21:19.235Z</time>
      </trkpt>
      <trkpt lat="54.445516" lon="-3.073638">
        <ele>103.858579</ele>
        <time>2025-08-26T17:21:27.904Z</time>
      </trkpt>
      <trkpt lat="54.445522" lon="-3.073458">
        <ele>103.220884</ele>
        <time>2025-08-26T17:21:37.446Z</time>
      </trkpt>
      <trkpt lat="54.445292" lon="-3.072835">
        <ele>100.610757</ele>
        <time>2025-08-26T17:22:16.589Z</time>
      </trkpt>
      <trkpt lat="54.445250" lon="-3.072486">
        <ele>99.350197</ele>
        <time>2025-08-26T17:22:35.237Z</time>
      </trkpt>
      <trkpt lat="54.445101" lon="-3.071991">
        <ele>97.378719</ele>
        <time>2025-08-26T17:23:04.142Z</time>
      </trkpt>
      <trkpt lat="54.444979" lon="-3.071859">
        <ele>96.994790</ele>
        <time>2025-08-26T17:23:16.939Z</time>
      </trkpt>
      <trkpt lat="54.444835" lon="-3.071631">
        <ele>96.559803</ele>
        <time>2025-08-26T17:23:34.150Z</time>
      </trkpt>
      <trkpt lat="54.444752" lon="-3.071204">
        <ele>95.978004</ele>
        <time>2025-08-26T17:23:56.642Z</time>
      </trkpt>
      <trkpt lat="54.444694" lon="-3.071134">
        <ele>95.820537</ele>
        <time>2025-08-26T17:24:02.650Z</time>
      </trkpt>
      <trkpt lat="54.444640" lon="-3.071143">
        <ele>95.699971</ele>
        <time>2025-08-26T17:24:07.157Z</time>
      </trkpt>
      <trkpt lat="54.444034" lon="-3.070329">
        <ele>93.991135</ele>
        <time>2025-08-26T17:25:09.796Z</time>
      </trkpt>
      <trkpt lat="54.444003" lon="-3.070176">
        <ele>93.781760</ele>
        <time>2025-08-26T17:25:17.463Z</time>
      </trkpt>
      <trkpt lat="54.443916" lon="-3.070021">
        <ele>93.503370</ele>
        <time>2025-08-26T17:25:27.671Z</time>
      </trkpt>
      <trkpt lat="54.443853" lon="-3.069843">
        <ele>93.223539</ele>
        <time>2025-08-26T17:25:37.472Z</time>
      </trkpt>
      <trkpt lat="54.443749" lon="-3.069386">
        <ele>92.447822</ele>
        <time>2025-08-26T17:26:00.478Z</time>
      </trkpt>
      <trkpt lat="54.443657" lon="-3.068539">
        <ele>91.085828</ele>
        <time>2025-08-26T17:26:42.088Z</time>
      </trkpt>
      <trkpt lat="54.443297" lon="-3.068450">
        <ele>90.097190</ele>
        <time>2025-08-26T17:27:13.387Z</time>
      </trkpt>
      <trkpt lat="54.443094" lon="-3.068349">
        <ele>89.522749</ele>
        <time>2025-08-26T17:27:31.755Z</time>
      </trkpt>
      <trkpt lat="54.442704" lon="-3.067970">
        <ele>88.290173</ele>
        <time>2025-08-26T17:28:10.868Z</time>
      </trkpt>
      <trkpt lat="54.442535" lon="-3.067753">
        <ele>87.618886</ele>
        <time>2025-08-26T17:28:29.222Z</time>
      </trkpt>
      <trkpt lat="54.442459" lon="-3.067567">
        <ele>87.198147</ele>
        <time>2025-08-26T17:28:40.813Z</time>
      </trkpt>
      <trkpt lat="54.442462" lon="-3.067495">
        <ele>87.064546</ele>
        <time>2025-08-26T17:28:44.462Z</time>
      </trkpt>
      <trkpt lat="54.442553" lon="-3.067296">
        <ele>86.595993</ele>
        <time>2025-08-26T17:28:57.243Z</time>
      </trkpt>
      <trkpt lat="54.442684" lon="-3.066764">
        <ele>85.526716</ele>
        <time>2025-08-26T17:29:26.361Z</time>
      </trkpt>
      <trkpt lat="54.442860" lon="-3.066293">
        <ele>84.490519</ele>
        <time>2025-08-26T17:29:54.166Z</time>
      </trkpt>
      <trkpt lat="54.443016" lon="-3.066087">
        <ele>83.864511</ele>
        <time>2025-08-26T17:30:10.731Z</time>
      </trkpt>
      <trkpt lat="54.443119" lon="-3.065884">
        <ele>83.365885</ele>
        <time>2025-08-26T17:30:23.693Z</time>
      </trkpt>
      <trkpt lat="54.443261" lon="-3.065285">
        <ele>82.560454</ele>
        <time>2025-08-26T17:30:54.729Z</time>
      </trkpt>
      <trkpt lat="54.443295" lon="-3.064997">
        <ele>82.443706</ele>
        <time>2025-08-26T17:31:08.696Z</time>
      </trkpt>
      <trkpt lat="54.443248" lon="-3.064570">
        <ele>82.271061</ele>
        <time>2025-08-26T17:31:29.289Z</time>
      </trkpt>
      <trkpt lat="54.443229" lon="-3.064482">
        <ele>82.233769</ele>
        <time>2025-08-26T17:31:33.740Z</time>
      </trkpt>
      <trkpt lat="54.443229" lon="-3.064482">
        <ele>82.233769</ele>
        <time>2025-08-26T17:31:33.740Z</time>
      </trkpt>
      <trkpt lat="54.442972" lon="-3.063496">
        <ele>81.804513</ele>
        <time>2025-08-26T17:32:24.380Z</time>
      </trkpt>
      <trkpt lat="54.442400" lon="-3.062015">
        <ele>81.255793</ele>
        <time>2025-08-26T17:33:47.690Z</time>
      </trkpt>
      <trkpt lat="54.442076" lon="-3.061480">
        <ele>81.090926</ele>
        <time>2025-08-26T17:34:23.999Z</time>
      </trkpt>
      <trkpt lat="54.441906" lon="-3.061261">
        <ele>81.012963</ele>
        <time>2025-08-26T17:34:41.097Z</time>
      </trkpt>
      <trkpt lat="54.441766" lon="-3.061112">
        <ele>80.952533</ele>
        <time>2025-08-26T17:34:54.386Z</time>
      </trkpt>
      <trkpt lat="54.441516" lon="-3.061031">
        <ele>80.859159</ele>
        <time>2025-08-26T17:35:14.926Z</time>
      </trkpt>
      <trkpt lat="54.440596" lon="-3.061013">
        <ele>80.600287</ele>
        <time>2025-08-26T17:36:29.121Z</time>
      </trkpt>
      <trkpt lat="54.440453" lon="-3.060926">
        <ele>80.561679</ele>
        <time>2025-08-26T17:36:41.262Z</time>
      </trkpt>
      <trkpt lat="54.440342" lon="-3.060792">
        <ele>80.527160</ele>
        <time>2025-08-26T17:36:52.196Z</time>
      </trkpt>
      <trkpt lat="54.439512" lon="-3.059054">
        <ele>80.346354</ele>
        <time>2025-08-26T17:38:37.403Z</time>
      </trkpt>
      <trkpt lat="54.439405" lon="-3.058699">
        <ele>80.358309</ele>
        <time>2025-08-26T17:38:56.045Z</time>
      </trkpt>
      <trkpt lat="54.439324" lon="-3.058268">
        <ele>80.371851</ele>
        <time>2025-08-26T17:39:17.212Z</time>
      </trkpt>
      <trkpt lat="54.439310" lon="-3.057708">
        <ele>80.388610</ele>
        <time>2025-08-26T17:39:43.419Z</time>
      </trkpt>
      <trkpt lat="54.439292" lon="-3.057427">
        <ele>80.397062</ele>
        <time>2025-08-26T17:39:56.613Z</time>
      </trkpt>
      <trkpt lat="54.439221" lon="-3.057143">
        <ele>80.406304</ele>
        <time>2025-08-26T17:40:11.028Z</time>
      </trkpt>
      <trkpt lat="54.439041" lon="-3.056649">
        <ele>80.599078</ele>
        <time>2025-08-26T17:40:38.964Z</time>
      </trkpt>
      <trkpt lat="54.438727" lon="-3.055989">
        <ele>81.051702</ele>
        <time>2025-08-26T17:41:21.288Z</time>
      </trkpt>
      <trkpt lat="54.438628" lon="-3.055545">
        <ele>81.304111</ele>
        <time>2025-08-26T17:41:44.499Z</time>
      </trkpt>
      <trkpt lat="54.438518" lon="-3.054813">
        <ele>81.705427</ele>
        <time>2025-08-26T17:42:20.638Z</time>
      </trkpt>
      <trkpt lat="54.438388" lon="-3.054571">
        <ele>81.880298</ele>
        <time>2025-08-26T17:42:36.267Z</time>
      </trkpt>
      <trkpt lat="54.438385" lon="-3.054489">
        <ele>81.923911</ele>
        <time>2025-08-26T17:42:40.171Z</time>
      </trkpt>
      <trkpt lat="54.438464" lon="-3.054331">
        <ele>82.034514</ele>
        <time>2025-08-26T17:42:50.056Z</time>
      </trkpt>
      <trkpt lat="54.438556" lon="-3.054338">
        <ele>82.095216</ele>
        <time>2025-08-26T17:42:57.603Z</time>
      </trkpt>
      <trkpt lat="54.438638" lon="-3.054361">
        <ele>82.143229</ele>
        <time>2025-08-26T17:43:04.362Z</time>
      </trkpt>
      <trkpt lat="54.438663" lon="-3.054369">
        <ele>82.157925</ele>
        <time>2025-08-26T17:43:06.447Z</time>
      </trkpt>
      <trkpt lat="54.439155" lon="-3.054475">
        <ele>82.444469</ele>
        <time>2025-08-26T17:43:46.523Z</time>
      </trkpt>
      <trkpt lat="54.439201" lon="-3.054455">
        <ele>82.471888</ele>
        <time>2025-08-26T17:43:50.302Z</time>
      </trkpt>
      <trkpt lat="54.439352" lon="-3.054170">
        <ele>82.601460</ele>
        <time>2025-08-26T17:44:08.571Z</time>
      </trkpt>
      <trkpt lat="54.439359" lon="-3.054033">
        <ele>82.647680</ele>
        <time>2025-08-26T17:44:15.038Z</time>
      </trkpt>
      <trkpt lat="54.439223" lon="-3.053130">
        <ele>82.961171</ele>
        <time>2025-08-26T17:44:59.407Z</time>
      </trkpt>
      <trkpt lat="54.439306" lon="-3.052396">
        <ele>83.368766</ele>
        <time>2025-08-26T17:45:36.931Z</time>
      </trkpt>
      <trkpt lat="54.439111" lon="-3.051905">
        <ele>83.832935</ele>
        <time>2025-08-26T17:46:06.367Z</time>
      </trkpt>
      <trkpt lat="54.438888" lon="-3.051128">
        <ele>84.509375</ele>
        <time>2025-08-26T17:46:48.696Z</time>
      </trkpt>
      <trkpt lat="54.438693" lon="-3.050988">
        <ele>84.793041</ele>
        <time>2025-08-26T17:47:06.659Z</time>
      </trkpt>
      <trkpt lat="54.438643" lon="-3.050865">
        <ele>84.910199</ele>
        <time>2025-08-26T17:47:14.113Z</time>
      </trkpt>
      <trkpt lat="54.438650" lon="-3.050629">
        <ele>85.094683</ele>
        <time>2025-08-26T17:47:25.878Z</time>
      </trkpt>
      <trkpt lat="54.438599" lon="-3.050213">
        <ele>85.426590</ele>
        <time>2025-08-26T17:47:46.695Z</time>
      </trkpt>
      <trkpt lat="54.438545" lon="-3.049683">
        <ele>85.082221</ele>
        <time>2025-08-26T17:48:12.128Z</time>
      </trkpt>
      <trkpt lat="54.438487" lon="-3.049409">
        <ele>84.794802</ele>
        <time>2025-08-26T17:48:25.929Z</time>
      </trkpt>
      <trkpt lat="54.438382" lon="-3.049168">
        <ele>84.497977</ele>
        <time>2025-08-26T17:48:40.283Z</time>
      </trkpt>
      <trkpt lat="54.438226" lon="-3.049018">
        <ele>84.195039</ele>
        <time>2025-08-26T17:48:54.989Z</time>
      </trkpt>
      <trkpt lat="54.438173" lon="-3.048850">
        <ele>84.006643</ele>
        <time>2025-08-26T17:49:04.212Z</time>
      </trkpt>
      <trkpt lat="54.438132" lon="-3.048221">
        <ele>83.382743</ele>
        <time>2025-08-26T17:49:35.209Z</time>
      </trkpt>
      <trkpt lat="54.438133" lon="-3.047581">
        <ele>82.751879</ele>
        <time>2025-08-26T17:50:06.841Z</time>
      </trkpt>
      <trkpt lat="54.438194" lon="-3.047449">
        <ele>82.585688</ele>
        <time>2025-08-26T17:50:15.328Z</time>
      </trkpt>
      <trkpt lat="54.438334" lon="-3.047317">
        <ele>82.309586</ele>
        <time>2025-08-26T17:50:29.134Z</time>
      </trkpt>
      <trkpt lat="54.438356" lon="-3.047244">
        <ele>82.225480</ele>
        <time>2025-08-26T17:50:33.295Z</time>
      </trkpt>
      <trkpt lat="54.438316" lon="-3.046958">
        <ele>81.924577</ele>
        <time>2025-08-26T17:50:48.137Z</time>
      </trkpt>
      <trkpt lat="54.438106" lon="-3.046757">
        <ele>81.501835</ele>
        <time>2025-08-26T17:51:08.604Z</time>
      </trkpt>
      <trkpt lat="54.438063" lon="-3.046628">
        <ele>81.349736</ele>
        <time>2025-08-26T17:51:15.927Z</time>
      </trkpt>
      <trkpt lat="54.438044" lon="-3.046481">
        <ele>81.195694</ele>
        <time>2025-08-26T17:51:23.244Z</time>
      </trkpt>
      <trkpt lat="54.438023" lon="-3.045943">
        <ele>80.644108</ele>
        <time>2025-08-26T17:51:49.354Z</time>
      </trkpt>
      <trkpt lat="54.437746" lon="-3.045931">
        <ele>80.156736</ele>
        <time>2025-08-26T17:52:12.266Z</time>
      </trkpt>
      <trkpt lat="54.437661" lon="-3.045771">
        <ele>79.935057</ele>
        <time>2025-08-26T17:52:22.449Z</time>
      </trkpt>
      <trkpt lat="54.437641" lon="-3.045718">
        <ele>79.870428</ele>
        <time>2025-08-26T17:52:25.398Z</time>
      </trkpt>
      <trkpt lat="54.437530" lon="-3.045082">
        <ele>79.347201</ele>
        <time>2025-08-26T17:52:56.356Z</time>
      </trkpt>
      <trkpt lat="54.437389" lon="-3.044397">
        <ele>79.703533</ele>
        <time>2025-08-26T17:53:31.428Z</time>
      </trkpt>
      <trkpt lat="54.437344" lon="-3.044296">
        <ele>79.765925</ele>
        <time>2025-08-26T17:53:37.542Z</time>
      </trkpt>
      <trkpt lat="54.437218" lon="-3.043773">
        <ele>80.043531</ele>
        <time>2025-08-26T17:54:04.885Z</time>
      </trkpt>
      <trkpt lat="54.437128" lon="-3.043596">
        <ele>80.158825</ele>
        <time>2025-08-26T17:54:16.259Z</time>
      </trkpt>
      <trkpt lat="54.436824" lon="-3.043153">
        <ele>80.494827</ele>
        <time>2025-08-26T17:54:49.312Z</time>
      </trkpt>
      <trkpt lat="54.436634" lon="-3.042882">
        <ele>80.702978</ele>
        <time>2025-08-26T17:55:10.103Z</time>
      </trkpt>
      <trkpt lat="54.436289" lon="-3.042517">
        <ele>80.404140</ele>
        <time>2025-08-26T17:55:43.994Z</time>
      </trkpt>
      <trkpt lat="54.435977" lon="-3.042301">
        <ele>79.902618</ele>
        <time>2025-08-26T17:56:11.340Z</time>
      </trkpt>
      <trkpt lat="54.435838" lon="-3.042321">
        <ele>79.694630</ele>
        <time>2025-08-26T17:56:22.697Z</time>
      </trkpt>
      <trkpt lat="54.435560" lon="-3.041664">
        <ele>78.990012</ele>
        <time>2025-08-26T17:57:02.002Z</time>
      </trkpt>
      <trkpt lat="54.434854" lon="-3.040657">
        <ele>76.602696</ele>
        <time>2025-08-26T17:58:21.031Z</time>
      </trkpt>
      <trkpt lat="54.434697" lon="-3.040502">
        <ele>75.792099</ele>
        <time>2025-08-26T17:58:36.837Z</time>
      </trkpt>
      <trkpt lat="54.434312" lon="-3.040281">
        <ele>73.974770</ele>
        <time>2025-08-26T17:59:12.640Z</time>
      </trkpt>
      <trkpt lat="54.434182" lon="-3.040166">
        <ele>73.320183</ele>
        <time>2025-08-26T17:59:25.603Z</time>
      </trkpt>
      <trkpt lat="54.434081" lon="-3.040029">
        <ele>72.744172</ele>
        <time>2025-08-26T17:59:36.990Z</time>
      </trkpt>
      <trkpt lat="54.434028" lon="-3.039864">
        <ele>72.253305</ele>
        <time>2025-08-26T17:59:46.741Z</time>
      </trkpt>
      <trkpt lat="54.434047" lon="-3.039198">
        <ele>70.516808</ele>
        <time>2025-08-26T18:00:20.891Z</time>
      </trkpt>
      <trkpt lat="54.434022" lon="-3.039045">
        <ele>70.102937</ele>
        <time>2025-08-26T18:00:28.884Z</time>
      </trkpt>
      <trkpt lat="54.433660" lon="-3.038302">
        <ele>69.550225</ele>
        <time>2025-08-26T18:01:17.837Z</time>
      </trkpt>
      <trkpt lat="54.433705" lon="-3.038263">
        <ele>69.502572</ele>
        <time>2025-08-26T18:01:22.122Z</time>
      </trkpt>
      <trkpt lat="54.433762" lon="-3.038174">
        <ele>69.429763</ele>
        <time>2025-08-26T18:01:28.733Z</time>
      </trkpt>
      <trkpt lat="54.433705" lon="-3.038263">
        <ele>69.356954</ele>
        <time>2025-08-26T18:01:35.091Z</time>
      </trkpt>
      <trkpt lat="54.433660" lon="-3.038302">
        <ele>69.309301</ele>
        <time>2025-08-26T18:01:39.312Z</time>
      </trkpt>
      <trkpt lat="54.433543" lon="-3.038330">
        <ele>69.197600</ele>
        <time>2025-08-26T18:01:48.842Z</time>
      </trkpt>
      <trkpt lat="54.433392" lon="-3.038307">
        <ele>69.054256</ele>
        <time>2025-08-26T18:02:01.021Z</time>
      </trkpt>
      <trkpt lat="54.432942" lon="-3.038129">
        <ele>68.617621</ele>
        <time>2025-08-26T18:02:39.485Z</time>
      </trkpt>
      <trkpt lat="54.432869" lon="-3.038109">
        <ele>68.547722</ele>
        <time>2025-08-26T18:02:45.670Z</time>
      </trkpt>
      <trkpt lat="54.432763" lon="-3.038141">
        <ele>68.445955</ele>
        <time>2025-08-26T18:02:54.948Z</time>
      </trkpt>
      <trkpt lat="54.432422" lon="-3.038278">
        <ele>70.180778</ele>
        <time>2025-08-26T18:03:25.758Z</time>
      </trkpt>
      <trkpt lat="54.431992" lon="-3.038210">
        <ele>72.986917</ele>
        <time>2025-08-26T18:04:05.625Z</time>
      </trkpt>
      <trkpt lat="54.431575" lon="-3.038251">
        <ele>75.701208</ele>
        <time>2025-08-26T18:04:46.941Z</time>
      </trkpt>
      <trkpt lat="54.431376" lon="-3.038557">
        <ele>77.436220</ele>
        <time>2025-08-26T18:05:13.687Z</time>
      </trkpt>
      <trkpt lat="54.431157" lon="-3.038820">
        <ele>79.172229</ele>
        <time>2025-08-26T18:05:41.179Z</time>
      </trkpt>
      <trkpt lat="54.431037" lon="-3.038945">
        <ele>80.103883</ele>
        <time>2025-08-26T18:05:56.094Z</time>
      </trkpt>
      <trkpt lat="54.430976" lon="-3.039057">
        <ele>81.311659</ele>
        <time>2025-08-26T18:06:05.786Z</time>
      </trkpt>
      <trkpt lat="54.430941" lon="-3.039320">
        <ele>83.435419</ele>
        <time>2025-08-26T18:06:23.741Z</time>
      </trkpt>
      <trkpt lat="54.430813" lon="-3.039735">
        <ele>87.133030</ele>
        <time>2025-08-26T18:06:58.285Z</time>
      </trkpt>
      <trkpt lat="54.430646" lon="-3.040527">
        <ele>93.764464</ele>
        <time>2025-08-26T18:08:03.624Z</time>
      </trkpt>
      <trkpt lat="54.430603" lon="-3.040786">
        <ele>95.884681</ele>
        <time>2025-08-26T18:08:24.703Z</time>
      </trkpt>
      <trkpt lat="54.430528" lon="-3.041143">
        <ele>98.872587</ele>
        <time>2025-08-26T18:08:54.120Z</time>
      </trkpt>
      <trkpt lat="54.430486" lon="-3.041297">
        <ele>100.211478</ele>
        <time>2025-08-26T18:09:07.143Z</time>
      </trkpt>
      <trkpt lat="54.430274" lon="-3.041679">
        <ele>104.367573</ele>
        <time>2025-08-26T18:09:46.151Z</time>
      </trkpt>
      <trkpt lat="54.430146" lon="-3.041988">
        <ele>106.607767</ele>
        <time>2025-08-26T18:10:12.373Z</time>
      </trkpt>
      <trkpt lat="54.429899" lon="-3.042373">
        <ele>109.977860</ele>
        <time>2025-08-26T18:10:48.848Z</time>
      </trkpt>
      <trkpt lat="54.429575" lon="-3.042774">
        <ele>114.013259</ele>
        <time>2025-08-26T18:11:30.899Z</time>
      </trkpt>
      <trkpt lat="54.429457" lon="-3.042984">
        <ele>115.730007</ele>
        <time>2025-08-26T18:11:48.639Z</time>
      </trkpt>
      <trkpt lat="54.429279" lon="-3.043432">
        <ele>118.919975</ele>
        <time>2025-08-26T18:12:21.291Z</time>
      </trkpt>
      <trkpt lat="54.429201" lon="-3.043628">
        <ele>120.316302</ele>
        <time>2025-08-26T18:12:35.399Z</time>
      </trkpt>
      <trkpt lat="54.429185" lon="-3.043830">
        <ele>121.514989</ele>
        <time>2025-08-26T18:12:47.529Z</time>
      </trkpt>
      <trkpt lat="54.429200" lon="-3.044170">
        <ele>123.609132</ele>
        <time>2025-08-26T18:13:07.673Z</time>
      </trkpt>
      <trkpt lat="54.429307" lon="-3.044790">
        <ele>127.775363</ele>
        <time>2025-08-26T18:13:45.989Z</time>
      </trkpt>
      <trkpt lat="54.429263" lon="-3.045097">
        <ele>129.812258</ele>
        <time>2025-08-26T18:14:05.260Z</time>
      </trkpt>
      <trkpt lat="54.428990" lon="-3.045546">
        <ele>133.996470</ele>
        <time>2025-08-26T18:14:46.657Z</time>
      </trkpt>
      <trkpt lat="54.428743" lon="-3.045805">
        <ele>137.200625</ele>
        <time>2025-08-26T18:15:21.640Z</time>
      </trkpt>
      <trkpt lat="54.428673" lon="-3.045938">
        <ele>138.356097</ele>
        <time>2025-08-26T18:15:34.557Z</time>
      </trkpt>
      <trkpt lat="54.428570" lon="-3.046260">
        <ele>140.723452</ele>
        <time>2025-08-26T18:16:00.486Z</time>
      </trkpt>
      <trkpt lat="54.428049" lon="-3.047459">
        <ele>150.004495</ele>
        <time>2025-08-26T18:17:47.430Z</time>
      </trkpt>
      <trkpt lat="54.427801" lon="-3.048137">
        <ele>154.927562</ele>
        <time>2025-08-26T18:18:40.549Z</time>
      </trkpt>
      <trkpt lat="54.427776" lon="-3.048177">
        <ele>155.288452</ele>
        <time>2025-08-26T18:18:44.279Z</time>
      </trkpt>
      <trkpt lat="54.427399" lon="-3.048707">
        <ele>160.434681</ele>
        <time>2025-08-26T18:19:34.287Z</time>
      </trkpt>
      <trkpt lat="54.427082" lon="-3.048953">
        <ele>161.699311</ele>
        <time>2025-08-26T18:20:06.729Z</time>
      </trkpt>
      <trkpt lat="54.426986" lon="-3.049192">
        <ele>161.828194</ele>
        <time>2025-08-26T18:20:21.631Z</time>
      </trkpt>
      <trkpt lat="54.426804" lon="-3.049473">
        <ele>162.014804</ele>
        <time>2025-08-26T18:20:42.429Z</time>
      </trkpt>
      <trkpt lat="54.426610" lon="-3.049899">
        <ele>162.254879</ele>
        <time>2025-08-26T18:21:08.257Z</time>
      </trkpt>
      <trkpt lat="54.426572" lon="-3.049868">
        <ele>162.286964</ele>
        <time>2025-08-26T18:21:11.634Z</time>
      </trkpt>
      <trkpt lat="54.426572" lon="-3.049868">
        <ele>162.286964</ele>
        <time>2025-08-26T18:21:11.634Z</time>
      </trkpt>
      <trkpt lat="54.426466" lon="-3.049837">
        <ele>162.368984</ele>
        <time>2025-08-26T18:21:20.256Z</time>
      </trkpt>
      <trkpt lat="54.425813" lon="-3.049881">
        <ele>162.867480</ele>
        <time>2025-08-26T18:22:14.686Z</time>
      </trkpt>
      <trkpt lat="54.425601" lon="-3.049927">
        <ele>161.788454</ele>
        <time>2025-08-26T18:22:33.091Z</time>
      </trkpt>
      <trkpt lat="54.425282" lon="-3.049921">
        <ele>159.971542</ele>
        <time>2025-08-26T18:23:01.125Z</time>
      </trkpt>
      <trkpt lat="54.424855" lon="-3.049839">
        <ele>157.524514</ele>
        <time>2025-08-26T18:23:39.269Z</time>
      </trkpt>
      <trkpt lat="54.424703" lon="-3.049761">
        <ele>156.621072</ele>
        <time>2025-08-26T18:23:53.579Z</time>
      </trkpt>
      <trkpt lat="54.424550" lon="-3.049791">
        <ele>155.744039</ele>
        <time>2025-08-26T18:24:07.514Z</time>
      </trkpt>
      <trkpt lat="54.424507" lon="-3.049764">
        <ele>155.483312</ele>
        <time>2025-08-26T18:24:11.727Z</time>
      </trkpt>
      <trkpt lat="54.424492" lon="-3.049640">
        <ele>155.063663</ele>
        <time>2025-08-26T18:24:18.465Z</time>
      </trkpt>
      <trkpt lat="54.424427" lon="-3.049448">
        <ele>154.327621</ele>
        <time>2025-08-26T18:24:30.287Z</time>
      </trkpt>
      <trkpt lat="54.424357" lon="-3.049409">
        <ele>153.908529</ele>
        <time>2025-08-26T18:24:37.042Z</time>
      </trkpt>
      <trkpt lat="54.424003" lon="-3.049624">
        <ele>151.155537</ele>
        <time>2025-08-26T18:25:11.773Z</time>
      </trkpt>
      <trkpt lat="54.423977" lon="-3.049670">
        <ele>150.792838</ele>
        <time>2025-08-26T18:25:15.226Z</time>
      </trkpt>
      <trkpt lat="54.423977" lon="-3.049670">
        <ele>150.792838</ele>
        <time>2025-08-26T18:25:15.226Z</time>
      </trkpt>
      <trkpt lat="54.423857" lon="-3.050055">
        <ele>148.322760</ele>
        <time>2025-08-26T18:25:38.974Z</time>
      </trkpt>
      <trkpt lat="54.423393" lon="-3.050648">
        <ele>142.702232</ele>
        <time>2025-08-26T18:26:33.739Z</time>
      </trkpt>
      <trkpt lat="54.422885" lon="-3.051172">
        <ele>136.943178</ele>
        <time>2025-08-26T18:27:31.211Z</time>
      </trkpt>
      <trkpt lat="54.422191" lon="-3.052393">
        <ele>127.126716</ele>
        <time>2025-08-26T18:29:09.049Z</time>
      </trkpt>
      <trkpt lat="54.422097" lon="-3.052461">
        <ele>126.114833</ele>
        <time>2025-08-26T18:29:19.126Z</time>
      </trkpt>
      <trkpt lat="54.421873" lon="-3.052489">
        <ele>123.886493</ele>
        <time>2025-08-26T18:29:41.139Z</time>
      </trkpt>
      <trkpt lat="54.421652" lon="-3.052340">
        <ele>121.531125</ele>
        <time>2025-08-26T18:30:03.779Z</time>
      </trkpt>
      <trkpt lat="54.421536" lon="-3.052353">
        <ele>120.377758</ele>
        <time>2025-08-26T18:30:14.628Z</time>
      </trkpt>
      <trkpt lat="54.421516" lon="-3.052372">
        <ele>120.151029</ele>
        <time>2025-08-26T18:30:16.753Z</time>
      </trkpt>
      <trkpt lat="54.421212" lon="-3.052301">
        <ele>117.274823</ele>
        <time>2025-08-26T18:30:44.672Z</time>
      </trkpt>
      <trkpt lat="54.421232" lon="-3.052975">
        <ele>116.594802</ele>
        <time>2025-08-26T18:31:19.211Z</time>
      </trkpt>
      <trkpt lat="54.421275" lon="-3.053514">
        <ele>116.046611</ele>
        <time>2025-08-26T18:31:46.134Z</time>
      </trkpt>
      <trkpt lat="54.421291" lon="-3.054007">
        <ele>115.549081</ele>
        <time>2025-08-26T18:32:09.325Z</time>
      </trkpt>
      <trkpt lat="54.421349" lon="-3.054419">
        <ele>115.121962</ele>
        <time>2025-08-26T18:32:30.558Z</time>
      </trkpt>
      <trkpt lat="54.421288" lon="-3.054897">
        <ele>114.628869</ele>
        <time>2025-08-26T18:32:54.690Z</time>
      </trkpt>
      <trkpt lat="54.421270" lon="-3.055042">
        <ele>114.479475</ele>
        <time>2025-08-26T18:33:01.915Z</time>
      </trkpt>
      <trkpt lat="54.421266" lon="-3.055252">
        <ele>114.267761</ele>
        <time>2025-08-26T18:33:12.007Z</time>
      </trkpt>
      <trkpt lat="54.421256" lon="-3.055776">
        <ele>114.028846</ele>
        <time>2025-08-26T18:33:36.487Z</time>
      </trkpt>
      <trkpt lat="54.421267" lon="-3.056040">
        <ele>113.931447</ele>
        <time>2025-08-26T18:33:48.918Z</time>
      </trkpt>
      <trkpt lat="54.421181" lon="-3.056042">
        <ele>113.877049</ele>
        <time>2025-08-26T18:33:55.850Z</time>
      </trkpt>
      <trkpt lat="54.421037" lon="-3.055951">
        <ele>113.780010</ele>
        <time>2025-08-26T18:34:08.371Z</time>
      </trkpt>
      <trkpt lat="54.420666" lon="-3.055999">
        <ele>113.544696</ele>
        <time>2025-08-26T18:34:38.606Z</time>
      </trkpt>
      <trkpt lat="54.420309" lon="-3.056506">
        <ele>113.251790</ele>
        <time>2025-08-26T18:35:16.589Z</time>
      </trkpt>
      <trkpt lat="54.420241" lon="-3.056550">
        <ele>113.205834</ele>
        <time>2025-08-26T18:35:22.718Z</time>
      </trkpt>
      <trkpt lat="54.420045" lon="-3.056566">
        <ele>113.081728</ele>
        <time>2025-08-26T18:35:39.062Z</time>
      </trkpt>
      <trkpt lat="54.419942" lon="-3.056638">
        <ele>112.847820</ele>
        <time>2025-08-26T18:35:48.152Z</time>
      </trkpt>
      <trkpt lat="54.419642" lon="-3.056894">
        <ele>111.887728</ele>
        <time>2025-08-26T18:36:15.352Z</time>
      </trkpt>
      <trkpt lat="54.419486" lon="-3.057098">
        <ele>111.325842</ele>
        <time>2025-08-26T18:36:31.326Z</time>
      </trkpt>
      <trkpt lat="54.419238" lon="-3.057195">
        <ele>110.596789</ele>
        <time>2025-08-26T18:36:52.422Z</time>
      </trkpt>
      <trkpt lat="54.418952" lon="-3.057376">
        <ele>109.723174</ele>
        <time>2025-08-26T18:37:18.447Z</time>
      </trkpt>
      <trkpt lat="54.418918" lon="-3.057352">
        <ele>109.617815</ele>
        <time>2025-08-26T18:37:21.646Z</time>
      </trkpt>
      <trkpt lat="54.418892" lon="-3.057278">
        <ele>109.473638</ele>
        <time>2025-08-26T18:37:26.030Z</time>
      </trkpt>
      <trkpt lat="54.418807" lon="-3.056914">
        <ele>108.819473</ele>
        <time>2025-08-26T18:37:45.999Z</time>
      </trkpt>
      <trkpt lat="54.418568" lon="-3.056390">
        <ele>107.845952</ele>
        <time>2025-08-26T18:38:20.300Z</time>
      </trkpt>
      <trkpt lat="54.418452" lon="-3.056145">
        <ele>107.692921</ele>
        <time>2025-08-26T18:38:36.682Z</time>
      </trkpt>
      <trkpt lat="54.418309" lon="-3.055953">
        <ele>107.541825</ele>
        <time>2025-08-26T18:38:52.694Z</time>
      </trkpt>
      <trkpt lat="54.418231" lon="-3.055902">
        <ele>107.472337</ele>
        <time>2025-08-26T18:38:59.985Z</time>
      </trkpt>
      <trkpt lat="54.418077" lon="-3.055871">
        <ele>107.343233</ele>
        <time>2025-08-26T18:39:13.277Z</time>
      </trkpt>
      <trkpt lat="54.417726" lon="-3.055766">
        <ele>107.046581</ele>
        <time>2025-08-26T18:39:42.648Z</time>
      </trkpt>
      <trkpt lat="54.417512" lon="-3.055820">
        <ele>106.866485</ele>
        <time>2025-08-26T18:40:00.114Z</time>
      </trkpt>
      <trkpt lat="54.417105" lon="-3.055695">
        <ele>106.522229</ele>
        <time>2025-08-26T18:40:35.594Z</time>
      </trkpt>
      <trkpt lat="54.416993" lon="-3.055590">
        <ele>106.416000</ele>
        <time>2025-08-26T18:40:47.229Z</time>
      </trkpt>
      <trkpt lat="54.416962" lon="-3.055616">
        <ele>106.610715</ele>
        <time>2025-08-26T18:40:50.449Z</time>
      </trkpt>
      <trkpt lat="54.416910" lon="-3.055637">
        <ele>107.147079</ele>
        <time>2025-08-26T18:40:55.424Z</time>
      </trkpt>
      <trkpt lat="54.416803" lon="-3.055769">
        <ele>108.469643</ele>
        <time>2025-08-26T18:41:07.687Z</time>
      </trkpt>
      <trkpt lat="54.416759" lon="-3.055825">
        <ele>109.019422</ele>
        <time>2025-08-26T18:41:12.722Z</time>
      </trkpt>
      <trkpt lat="54.416699" lon="-3.055763">
        <ele>109.722415</ele>
        <time>2025-08-26T18:41:19.185Z</time>
      </trkpt>
      <trkpt lat="54.416629" lon="-3.055692">
        <ele>110.538588</ele>
        <time>2025-08-26T18:41:27.101Z</time>
      </trkpt>
      <trkpt lat="54.416307" lon="-3.055729">
        <ele>113.779068</ele>
        <time>2025-08-26T18:41:59.497Z</time>
      </trkpt>
      <trkpt lat="54.416279" lon="-3.055823">
        <ele>114.396078</ele>
        <time>2025-08-26T18:42:05.809Z</time>
      </trkpt>
      <trkpt lat="54.416100" lon="-3.056059">
        <ele>116.661465</ele>
        <time>2025-08-26T18:42:29.772Z</time>
      </trkpt>
      <trkpt lat="54.415864" lon="-3.056229">
        <ele>119.230941</ele>
        <time>2025-08-26T18:42:59.017Z</time>
      </trkpt>
      <trkpt lat="54.415764" lon="-3.056260">
        <ele>120.251266</ele>
        <time>2025-08-26T18:43:10.490Z</time>
      </trkpt>
      <trkpt lat="54.415763" lon="-3.056648">
        <ele>122.518356</ele>
        <time>2025-08-26T18:43:39.832Z</time>
      </trkpt>
      <trkpt lat="54.415596" lon="-3.056755">
        <ele>124.307990</ele>
        <time>2025-08-26T18:44:04.199Z</time>
      </trkpt>
      <trkpt lat="54.415590" lon="-3.056799">
        <ele>124.622155</ele>
        <time>2025-08-26T18:44:07.883Z</time>
      </trkpt>
      <trkpt lat="54.415715" lon="-3.056862">
        <ele>126.541854</ele>
        <time>2025-08-26T18:44:26.666Z</time>
      </trkpt>
      <trkpt lat="54.415756" lon="-3.057078">
        <ele>128.490195</ele>
        <time>2025-08-26T18:44:46.472Z</time>
      </trkpt>
      <trkpt lat="54.415686" lon="-3.057272">
        <ele>130.447697</ele>
        <time>2025-08-26T18:45:06.906Z</time>
      </trkpt>
      <trkpt lat="54.415452" lon="-3.057591">
        <ele>134.849399</ele>
        <time>2025-08-26T18:45:53.123Z</time>
      </trkpt>
      <trkpt lat="54.415403" lon="-3.057813">
        <ele>136.885501</ele>
        <time>2025-08-26T18:46:15.401Z</time>
      </trkpt>
      <trkpt lat="54.415592" lon="-3.057968">
        <ele>139.971679</ele>
        <time>2025-08-26T18:46:47.940Z</time>
      </trkpt>
      <trkpt lat="54.415740" lon="-3.058196">
        <ele>142.900809</ele>
        <time>2025-08-26T18:47:16.113Z</time>
      </trkpt>
      <trkpt lat="54.415810" lon="-3.058429">
        <ele>145.149458</ele>
        <time>2025-08-26T18:47:35.617Z</time>
      </trkpt>
      <trkpt lat="54.415830" lon="-3.058600">
        <ele>146.645174</ele>
        <time>2025-08-26T18:47:47.346Z</time>
      </trkpt>
      <trkpt lat="54.415896" lon="-3.058674">
        <ele>147.806512</ele>
        <time>2025-08-26T18:47:55.663Z</time>
      </trkpt>
      <trkpt lat="54.415830" lon="-3.058600">
        <ele>148.967851</ele>
        <time>2025-08-26T18:48:04.076Z</time>
      </trkpt>
      <trkpt lat="54.415702" lon="-3.058659">
        <ele>150.920847</ele>
        <time>2025-08-26T18:48:17.550Z</time>
      </trkpt>
      <trkpt lat="54.415631" lon="-3.058770">
        <ele>150.489032</ele>
        <time>2025-08-26T18:48:26.823Z</time>
      </trkpt>
      <trkpt lat="54.415680" lon="-3.059151">
        <ele>149.305999</ele>
        <time>2025-08-26T18:48:46.768Z</time>
      </trkpt>
      <trkpt lat="54.415796" lon="-3.059483">
        <ele>148.131894</ele>
        <time>2025-08-26T18:49:04.963Z</time>
      </trkpt>
      <trkpt lat="54.415846" lon="-3.059509">
        <ele>147.859711</ele>
        <time>2025-08-26T18:49:09.435Z</time>
      </trkpt>
      <trkpt lat="54.415891" lon="-3.059472">
        <ele>147.599791</ele>
        <time>2025-08-26T18:49:13.697Z</time>
      </trkpt>
      <trkpt lat="54.415931" lon="-3.059319">
        <ele>147.091245</ele>
        <time>2025-08-26T18:49:22.548Z</time>
      </trkpt>
      <trkpt lat="54.416064" lon="-3.059203">
        <ele>146.314130</ele>
        <time>2025-08-26T18:49:36.500Z</time>
      </trkpt>
      <trkpt lat="54.416024" lon="-3.059090">
        <ele>145.913116</ele>
        <time>2025-08-26T18:49:46.193Z</time>
      </trkpt>
      <trkpt lat="54.416005" lon="-3.059008">
        <ele>145.645517</ele>
        <time>2025-08-26T18:49:51.322Z</time>
      </trkpt>
      <trkpt lat="54.416016" lon="-3.058966">
        <ele>145.505874</ele>
        <time>2025-08-26T18:49:53.998Z</time>
      </trkpt>
      <trkpt lat="54.416069" lon="-3.058974">
        <ele>145.228663</ele>
        <time>2025-08-26T18:49:59.023Z</time>
      </trkpt>
      <trkpt lat="54.416131" lon="-3.059017">
        <ele>144.880306</ele>
        <time>2025-08-26T18:50:05.711Z</time>
      </trkpt>
      <trkpt lat="54.416205" lon="-3.058993">
        <ele>144.487934</ele>
        <time>2025-08-26T18:50:13.094Z</time>
      </trkpt>
      <trkpt lat="54.416286" lon="-3.058890">
        <ele>143.962924</ele>
        <time>2025-08-26T18:50:23.287Z</time>
      </trkpt>
      <trkpt lat="54.416272" lon="-3.058773">
        <ele>143.600774</ele>
        <time>2025-08-26T18:50:30.166Z</time>
      </trkpt>
      <trkpt lat="54.416286" lon="-3.058890">
        <ele>143.238624</ele>
        <time>2025-08-26T18:50:37.402Z</time>
      </trkpt>
      <trkpt lat="54.416328" lon="-3.058896">
        <ele>143.019035</ele>
        <time>2025-08-26T18:50:41.679Z</time>
      </trkpt>
      <trkpt lat="54.416398" lon="-3.058893">
        <ele>142.654197</ele>
        <time>2025-08-26T18:50:48.663Z</time>
      </trkpt>
      <trkpt lat="54.416505" lon="-3.058867">
        <ele>142.091145</ele>
        <time>2025-08-26T18:50:59.450Z</time>
      </trkpt>
      <trkpt lat="54.416597" lon="-3.058852">
        <ele>141.609641</ele>
        <time>2025-08-26T18:51:08.702Z</time>
      </trkpt>
      <trkpt lat="54.416723" lon="-3.058832">
        <ele>140.581847</ele>
        <time>2025-08-26T18:51:20.938Z</time>
      </trkpt>
      <trkpt lat="54.416755" lon="-3.058834">
        <ele>140.320335</ele>
        <time>2025-08-26T18:51:24.170Z</time>
      </trkpt>
      <trkpt lat="54.416801" lon="-3.058705">
        <ele>139.601349</ele>
        <time>2025-08-26T18:51:32.518Z</time>
      </trkpt>
      <trkpt lat="54.416884" lon="-3.058728">
        <ele>138.914744</ele>
        <time>2025-08-26T18:51:40.784Z</time>
      </trkpt>
      <trkpt lat="54.416877" lon="-3.058987">
        <ele>137.682605</ele>
        <time>2025-08-26T18:51:55.267Z</time>
      </trkpt>
      <trkpt lat="54.416907" lon="-3.059536">
        <ele>135.062188</ele>
        <time>2025-08-26T18:52:25.109Z</time>
      </trkpt>
      <trkpt lat="54.416894" lon="-3.059822">
        <ele>133.698928</ele>
        <time>2025-08-26T18:52:40.248Z</time>
      </trkpt>
      <trkpt lat="54.416828" lon="-3.060040">
        <ele>132.531120</ele>
        <time>2025-08-26T18:52:53.082Z</time>
      </trkpt>
      <trkpt lat="54.416826" lon="-3.060262">
        <ele>131.476011</ele>
        <time>2025-08-26T18:53:04.565Z</time>
      </trkpt>
      <trkpt lat="54.416775" lon="-3.060460">
        <ele>130.447016</ele>
        <time>2025-08-26T18:53:15.800Z</time>
      </trkpt>
      <trkpt lat="54.416798" lon="-3.060642">
        <ele>129.561957</ele>
        <time>2025-08-26T18:53:25.567Z</time>
      </trkpt>
      <trkpt lat="54.416644" lon="-3.060967">
        <ele>127.570183</ele>
        <time>2025-08-26T18:53:47.781Z</time>
      </trkpt>
      <trkpt lat="54.416676" lon="-3.061296">
        <ele>126.239461</ele>
        <time>2025-08-26T18:54:05.421Z</time>
      </trkpt>
      <trkpt lat="54.416636" lon="-3.061419">
        <ele>125.753952</ele>
        <time>2025-08-26T18:54:12.814Z</time>
      </trkpt>
      <trkpt lat="54.416793" lon="-3.061743">
        <ele>124.301162</ele>
        <time>2025-08-26T18:54:35.096Z</time>
      </trkpt>
      <trkpt lat="54.417017" lon="-3.062114">
        <ele>122.459026</ele>
        <time>2025-08-26T18:55:03.385Z</time>
      </trkpt>
      <trkpt lat="54.417079" lon="-3.062023">
        <ele>121.976223</ele>
        <time>2025-08-26T18:55:10.871Z</time>
      </trkpt>
      <trkpt lat="54.417170" lon="-3.061675">
        <ele>120.661643</ele>
        <time>2025-08-26T18:55:31.263Z</time>
      </trkpt>
      <trkpt lat="54.417227" lon="-3.062207">
        <ele>118.797778</ele>
        <time>2025-08-26T18:56:00.489Z</time>
      </trkpt>
      <trkpt lat="54.417200" lon="-3.063452">
        <ele>117.517926</ele>
        <time>2025-08-26T18:57:03.533Z</time>
      </trkpt>
      <trkpt lat="54.416998" lon="-3.064276">
        <ele>119.726723</ele>
        <time>2025-08-26T18:57:48.590Z</time>
      </trkpt>
      <trkpt lat="54.416956" lon="-3.064569">
        <ele>120.472162</ele>
        <time>2025-08-26T18:58:05.380Z</time>
      </trkpt>
      <trkpt lat="54.416819" lon="-3.064996">
        <ele>121.676707</ele>
        <time>2025-08-26T18:58:33.952Z</time>
      </trkpt>
      <trkpt lat="54.416800" lon="-3.065392">
        <ele>122.658272</ele>
        <time>2025-08-26T18:58:58.119Z</time>
      </trkpt>
      <trkpt lat="54.416772" lon="-3.065459">
        <ele>122.862047</ele>
        <time>2025-08-26T18:59:03.179Z</time>
      </trkpt>
      <trkpt lat="54.416553" lon="-3.065588">
        <ele>123.844881</ele>
        <time>2025-08-26T18:59:28.142Z</time>
      </trkpt>
      <trkpt lat="54.416045" lon="-3.065883">
        <ele>128.582423</ele>
        <time>2025-08-26T19:00:26.885Z</time>
      </trkpt>
      <trkpt lat="54.415951" lon="-3.066108">
        <ele>130.023338</ele>
        <time>2025-08-26T19:00:44.831Z</time>
      </trkpt>
      <trkpt lat="54.415973" lon="-3.066428">
        <ele>131.699606</ele>
        <time>2025-08-26T19:01:05.745Z</time>
      </trkpt>
      <trkpt lat="54.415943" lon="-3.066604">
        <ele>132.653659</ele>
        <time>2025-08-26T19:01:17.531Z</time>
      </trkpt>
      <trkpt lat="54.415857" lon="-3.066751">
        <ele>133.738052</ele>
        <time>2025-08-26T19:01:30.528Z</time>
      </trkpt>
      <trkpt lat="54.415751" lon="-3.067751">
        <ele>139.025835</ele>
        <time>2025-08-26T19:02:29.804Z</time>
      </trkpt>
      <trkpt lat="54.415764" lon="-3.067972">
        <ele>140.017580</ele>
        <time>2025-08-26T19:02:41.906Z</time>
      </trkpt>
      <trkpt lat="54.415754" lon="-3.068016">
        <ele>140.067690</ele>
        <time>2025-08-26T19:02:44.499Z</time>
      </trkpt>
      <trkpt lat="54.415651" lon="-3.068072">
        <ele>140.264635</ele>
        <time>2025-08-26T19:02:54.590Z</time>
      </trkpt>
      <trkpt lat="54.415563" lon="-3.068248">
        <ele>140.510797</ele>
        <time>2025-08-26T19:03:06.978Z</time>
      </trkpt>
      <trkpt lat="54.415542" lon="-3.068351">
        <ele>140.626575</ele>
        <time>2025-08-26T19:03:12.736Z</time>
      </trkpt>
      <trkpt lat="54.415545" lon="-3.068564">
        <ele>140.852597</ele>
        <time>2025-08-26T19:03:23.718Z</time>
      </trkpt>
      <trkpt lat="54.415604" lon="-3.068813">
        <ele>141.137801</ele>
        <time>2025-08-26T19:03:37.452Z</time>
      </trkpt>
      <trkpt lat="54.415672" lon="-3.069429">
        <ele>141.802924</ele>
        <time>2025-08-26T19:04:08.832Z</time>
      </trkpt>
      <trkpt lat="54.415746" lon="-3.069760">
        <ele>142.179079</ele>
        <time>2025-08-26T19:04:25.878Z</time>
      </trkpt>
      <trkpt lat="54.415749" lon="-3.069932">
        <ele>142.361622</ele>
        <time>2025-08-26T19:04:34.180Z</time>
      </trkpt>
      <trkpt lat="54.415795" lon="-3.070150">
        <ele>142.607616</ele>
        <time>2025-08-26T19:04:45.032Z</time>
      </trkpt>
      <trkpt lat="54.415880" lon="-3.070324">
        <ele>142.848619</ele>
        <time>2025-08-26T19:04:55.701Z</time>
      </trkpt>
      <trkpt lat="54.415907" lon="-3.070442">
        <ele>142.983126</ele>
        <time>2025-08-26T19:05:01.662Z</time>
      </trkpt>
      <trkpt lat="54.415884" lon="-3.070866">
        <ele>142.824743</ele>
        <time>2025-08-26T19:05:22.102Z</time>
      </trkpt>
      <trkpt lat="54.415982" lon="-3.071113">
        <ele>142.068464</ele>
        <time>2025-08-26T19:05:36.656Z</time>
      </trkpt>
      <trkpt lat="54.416043" lon="-3.071404">
        <ele>141.285994</ele>
        <time>2025-08-26T19:05:51.979Z</time>
      </trkpt>
      <trkpt lat="54.416170" lon="-3.071861">
        <ele>140.004821</ele>
        <time>2025-08-26T19:06:17.692Z</time>
      </trkpt>
      <trkpt lat="54.416247" lon="-3.072346">
        <ele>138.733047</ele>
        <time>2025-08-26T19:06:43.349Z</time>
      </trkpt>
      <trkpt lat="54.416259" lon="-3.072821">
        <ele>137.530286</ele>
        <time>2025-08-26T19:07:07.896Z</time>
      </trkpt>
      <trkpt lat="54.416222" lon="-3.073044">
        <ele>136.943668</ele>
        <time>2025-08-26T19:07:19.985Z</time>
      </trkpt>
      <trkpt lat="54.416297" lon="-3.074119">
        <ele>133.436190</ele>
        <time>2025-08-26T19:08:17.000Z</time>
      </trkpt>
      <trkpt lat="54.416259" lon="-3.074828">
        <ele>130.509956</ele>
        <time>2025-08-26T19:08:54.618Z</time>
      </trkpt>
      <trkpt lat="54.416344" lon="-3.075333">
        <ele>128.349387</ele>
        <time>2025-08-26T19:09:22.477Z</time>
      </trkpt>
      <trkpt lat="54.416445" lon="-3.075631">
        <ele>126.932043</ele>
        <time>2025-08-26T19:09:40.866Z</time>
      </trkpt>
      <trkpt lat="54.416497" lon="-3.076091">
        <ele>125.006166</ele>
        <time>2025-08-26T19:10:05.955Z</time>
      </trkpt>
      <trkpt lat="54.416445" lon="-3.076355">
        <ele>123.860689</ele>
        <time>2025-08-26T19:10:20.987Z</time>
      </trkpt>
      <trkpt lat="54.416257" lon="-3.076806">
        <ele>121.761403</ele>
        <time>2025-08-26T19:10:50.966Z</time>
      </trkpt>
      <trkpt lat="54.416211" lon="-3.077015">
        <ele>120.987331</ele>
        <time>2025-08-26T19:11:03.056Z</time>
      </trkpt>
      <trkpt lat="54.416209" lon="-3.077269">
        <ele>120.107350</ele>
        <time>2025-08-26T19:11:16.762Z</time>
      </trkpt>
      <trkpt lat="54.416370" lon="-3.077863">
        <ele>117.837356</ele>
        <time>2025-08-26T19:11:51.617Z</time>
      </trkpt>
      <trkpt lat="54.416422" lon="-3.077968">
        <ele>117.359718</ele>
        <time>2025-08-26T19:11:58.925Z</time>
      </trkpt>
      <trkpt lat="54.416847" lon="-3.078651">
        <ele>113.895671</ele>
        <time>2025-08-26T19:12:51.009Z</time>
      </trkpt>
      <trkpt lat="54.416988" lon="-3.078799">
        <ele>112.912074</ele>
        <time>2025-08-26T19:13:05.517Z</time>
      </trkpt>
      <trkpt lat="54.417060" lon="-3.078848">
        <ele>112.451052</ele>
        <time>2025-08-26T19:13:12.251Z</time>
      </trkpt>
      <trkpt lat="54.418458" lon="-3.079684">
        <ele>109.892633</ele>
        <time>2025-08-26T19:15:15.029Z</time>
      </trkpt>
      <trkpt lat="54.418838" lon="-3.079969">
        <ele>109.351763</ele>
        <time>2025-08-26T19:15:48.393Z</time>
      </trkpt>
      <trkpt lat="54.419044" lon="-3.080184">
        <ele>109.841956</ele>
        <time>2025-08-26T19:16:08.369Z</time>
      </trkpt>
      <trkpt lat="54.419103" lon="-3.080236">
        <ele>109.976817</ele>
        <time>2025-08-26T19:16:13.814Z</time>
      </trkpt>
      <trkpt lat="54.419139" lon="-3.080273">
        <ele>110.062131</ele>
        <time>2025-08-26T19:16:17.361Z</time>
      </trkpt>
      <trkpt lat="54.418891" lon="-3.080965">
        <ele>111.023950</ele>
        <time>2025-08-26T19:16:57.023Z</time>
      </trkpt>
      <trkpt lat="54.418881" lon="-3.081356">
        <ele>111.487123</ele>
        <time>2025-08-26T19:17:16.526Z</time>
      </trkpt>
      <trkpt lat="54.418918" lon="-3.081450">
        <ele>111.621430</ele>
        <time>2025-08-26T19:17:22.235Z</time>
      </trkpt>
      <trkpt lat="54.418989" lon="-3.081591">
        <ele>111.842106</ele>
        <time>2025-08-26T19:17:31.624Z</time>
      </trkpt>
      <trkpt lat="54.419127" lon="-3.081666">
        <ele>112.136485</ele>
        <time>2025-08-26T19:17:44.367Z</time>
      </trkpt>
      <trkpt lat="54.419393" lon="-3.081846">
        <ele>112.717933</ele>
        <time>2025-08-26T19:18:09.851Z</time>
      </trkpt>
      <trkpt lat="54.419548" lon="-3.082043">
        <ele>113.517561</ele>
        <time>2025-08-26T19:18:27.308Z</time>
      </trkpt>
      <trkpt lat="54.419849" lon="-3.082319">
        <ele>116.102480</ele>
        <time>2025-08-26T19:18:58.904Z</time>
      </trkpt>
      <trkpt lat="54.419925" lon="-3.082474">
        <ele>116.996081</ele>
        <time>2025-08-26T19:19:09.958Z</time>
      </trkpt>
      <trkpt lat="54.419574" lon="-3.083469">
        <ele>122.125819</ele>
        <time>2025-08-26T19:20:16.895Z</time>
      </trkpt>
      <trkpt lat="54.419496" lon="-3.084126">
        <ele>125.081926</ele>
        <time>2025-08-26T19:20:58.566Z</time>
      </trkpt>
      <trkpt lat="54.419467" lon="-3.084845">
        <ele>129.577414</ele>
        <time>2025-08-26T19:21:47.160Z</time>
      </trkpt>
      <trkpt lat="54.419430" lon="-3.085231">
        <ele>132.662718</ele>
        <time>2025-08-26T19:22:15.375Z</time>
      </trkpt>
      <trkpt lat="54.419445" lon="-3.085416">
        <ele>134.135858</ele>
        <time>2025-08-26T19:22:29.238Z</time>
      </trkpt>
      <trkpt lat="54.419577" lon="-3.085632">
        <ele>136.606338</ele>
        <time>2025-08-26T19:22:52.705Z</time>
      </trkpt>
      <trkpt lat="54.419740" lon="-3.085993">
        <ele>140.210136</ele>
        <time>2025-08-26T19:23:27.661Z</time>
      </trkpt>
      <trkpt lat="54.419866" lon="-3.086497">
        <ele>144.536384</ele>
        <time>2025-08-26T19:24:09.743Z</time>
      </trkpt>
      <trkpt lat="54.419925" lon="-3.086957">
        <ele>148.251330</ele>
        <time>2025-08-26T19:24:45.138Z</time>
      </trkpt>
      <trkpt lat="54.419885" lon="-3.088105">
        <ele>155.305716</ele>
        <time>2025-08-26T19:26:03.820Z</time>
      </trkpt>
      <trkpt lat="54.419890" lon="-3.088631">
        <ele>158.138252</ele>
        <time>2025-08-26T19:26:36.601Z</time>
      </trkpt>
      <trkpt lat="54.419828" lon="-3.089770">
        <ele>164.297789</ele>
        <time>2025-08-26T19:27:44.558Z</time>
      </trkpt>
      <trkpt lat="54.419608" lon="-3.090951">
        <ele>169.518036</ele>
        <time>2025-08-26T19:28:53.717Z</time>
      </trkpt>
      <trkpt lat="54.419533" lon="-3.091275">
        <ele>170.582009</ele>
        <time>2025-08-26T19:29:12.696Z</time>
      </trkpt>
      <trkpt lat="54.419201" lon="-3.092237">
        <ele>173.994837</ele>
        <time>2025-08-26T19:30:13.093Z</time>
      </trkpt>
      <trkpt lat="54.419070" lon="-3.093141">
        <ele>176.837467</ele>
        <time>2025-08-26T19:31:03.570Z</time>
      </trkpt>
      <trkpt lat="54.418966" lon="-3.093647">
        <ele>179.266124</ele>
        <time>2025-08-26T19:31:33.340Z</time>
      </trkpt>
      <trkpt lat="54.418920" lon="-3.094378">
        <ele>182.751304</ele>
        <time>2025-08-26T19:32:15.666Z</time>
      </trkpt>
      <trkpt lat="54.418912" lon="-3.095376">
        <ele>187.482324</ele>
        <time>2025-08-26T19:33:15.635Z</time>
      </trkpt>
      <trkpt lat="54.419035" lon="-3.097144">
        <ele>198.528834</ele>
        <time>2025-08-26T19:35:07.417Z</time>
      </trkpt>
      <trkpt lat="54.419160" lon="-3.098132">
        <ele>206.278318</ele>
        <time>2025-08-26T19:36:15.518Z</time>
      </trkpt>
      <trkpt lat="54.419269" lon="-3.098592">
        <ele>210.085137</ele>
        <time>2025-08-26T19:36:51.578Z</time>
      </trkpt>
      <trkpt lat="54.419392" lon="-3.099653">
        <ele>220.114549</ele>
        <time>2025-08-26T19:38:18.362Z</time>
      </trkpt>
      <trkpt lat="54.419463" lon="-3.099934">
        <ele>223.828779</ele>
        <time>2025-08-26T19:38:45.093Z</time>
      </trkpt>
      <trkpt lat="54.419665" lon="-3.101042">
        <ele>237.906208</ele>
        <time>2025-08-26T19:40:34.190Z</time>
      </trkpt>
      <trkpt lat="54.419745" lon="-3.102471">
        <ele>255.494428</ele>
        <time>2025-08-26T19:43:00.321Z</time>
      </trkpt>
      <trkpt lat="54.419881" lon="-3.103562">
        <ele>270.035647</ele>
        <time>2025-08-26T19:44:53.015Z</time>
      </trkpt>
      <trkpt lat="54.419863" lon="-3.103894">
        <ele>274.381206</ele>
        <time>2025-08-26T19:45:25.664Z</time>
      </trkpt>
      <trkpt lat="54.419832" lon="-3.104111">
        <ele>277.293271</ele>
        <time>2025-08-26T19:45:47.332Z</time>
      </trkpt>
      <trkpt lat="54.419789" lon="-3.104411">
        <ele>281.319935</ele>
        <time>2025-08-26T19:46:17.301Z</time>
      </trkpt>
      <trkpt lat="54.419743" lon="-3.104529">
        <ele>283.171041</ele>
        <time>2025-08-26T19:46:31.135Z</time>
      </trkpt>
      <trkpt lat="54.419677" lon="-3.104609">
        <ele>284.980041</ele>
        <time>2025-08-26T19:46:44.478Z</time>
      </trkpt>
      <trkpt lat="54.419539" lon="-3.104932">
        <ele>290.202573</ele>
        <time>2025-08-26T19:47:22.808Z</time>
      </trkpt>
      <trkpt lat="54.419375" lon="-3.105466">
        <ele>297.832426</ele>
        <time>2025-08-26T19:48:20.159Z</time>
      </trkpt>
      <trkpt lat="54.419361" lon="-3.106211">
        <ele>307.073326</ele>
        <time>2025-08-26T19:49:27.960Z</time>
      </trkpt>
      <trkpt lat="54.419315" lon="-3.106468">
        <ele>310.406814</ele>
        <time>2025-08-26T19:49:52.670Z</time>
      </trkpt>
      <trkpt lat="54.419182" lon="-3.106791">
        <ele>315.312490</ele>
        <time>2025-08-26T19:50:29.449Z</time>
      </trkpt>
      <trkpt lat="54.418867" lon="-3.107089">
        <ele>322.973821</ele>
        <time>2025-08-26T19:51:28.982Z</time>
      </trkpt>
      <trkpt lat="54.418127" lon="-3.107591">
        <ele>338.908255</ele>
        <time>2025-08-26T19:53:44.612Z</time>
      </trkpt>
      <trkpt lat="54.417968" lon="-3.107849">
        <ele>343.006571</ele>
        <time>2025-08-26T19:54:20.977Z</time>
      </trkpt>
      <trkpt lat="54.417854" lon="-3.108048">
        <ele>346.051974</ele>
        <time>2025-08-26T19:54:47.413Z</time>
      </trkpt>
      <trkpt lat="54.417615" lon="-3.108274">
        <ele>351.164545</ele>
        <time>2025-08-26T19:55:31.009Z</time>
      </trkpt>
      <trkpt lat="54.417494" lon="-3.108382">
        <ele>353.719914</ele>
        <time>2025-08-26T19:55:51.846Z</time>
      </trkpt>
      <trkpt lat="54.416986" lon="-3.109492">
        <ele>366.660140</ele>
        <time>2025-08-26T19:57:40.186Z</time>
      </trkpt>
      <trkpt lat="54.416865" lon="-3.109677">
        <ele>367.795171</ele>
        <time>2025-08-26T19:57:57.290Z</time>
      </trkpt>
      <trkpt lat="54.416707" lon="-3.109847">
        <ele>369.101607</ele>
        <time>2025-08-26T19:58:16.191Z</time>
      </trkpt>
      <trkpt lat="54.416604" lon="-3.110127">
        <ele>370.452502</ele>
        <time>2025-08-26T19:58:35.033Z</time>
      </trkpt>
      <trkpt lat="54.416387" lon="-3.110573">
        <ele>372.823363</ele>
        <time>2025-08-26T19:59:07.127Z</time>
      </trkpt>
      <trkpt lat="54.416116" lon="-3.111011">
        <ele>375.430609</ele>
        <time>2025-08-26T19:59:40.801Z</time>
      </trkpt>
      <trkpt lat="54.415771" lon="-3.111480">
        <ele>378.126333</ele>
        <time>2025-08-26T20:00:19.778Z</time>
      </trkpt>
      <trkpt lat="54.415634" lon="-3.111763">
        <ele>378.817419</ele>
        <time>2025-08-26T20:00:38.642Z</time>
      </trkpt>
      <trkpt lat="54.415293" lon="-3.113042">
        <ele>381.458516</ele>
        <time>2025-08-26T20:01:50.969Z</time>
      </trkpt>
      <trkpt lat="54.415276" lon="-3.113282">
        <ele>381.912396</ele>
        <time>2025-08-26T20:02:03.415Z</time>
      </trkpt>
      <trkpt lat="54.415285" lon="-3.113816">
        <ele>382.915301</ele>
        <time>2025-08-26T20:02:31.147Z</time>
      </trkpt>
      <trkpt lat="54.415201" lon="-3.114360">
        <ele>383.950611</ele>
        <time>2025-08-26T20:03:01.283Z</time>
      </trkpt>
      <trkpt lat="54.415032" lon="-3.115073">
        <ele>385.313454</ele>
        <time>2025-08-26T20:03:41.942Z</time>
      </trkpt>
      <trkpt lat="54.414924" lon="-3.115159">
        <ele>385.675554</ele>
        <time>2025-08-26T20:03:52.164Z</time>
      </trkpt>
      <trkpt lat="54.414703" lon="-3.115288">
        <ele>386.385574</ele>
        <time>2025-08-26T20:04:12.105Z</time>
      </trkpt>
      <trkpt lat="54.414566" lon="-3.115418">
        <ele>386.861652</ele>
        <time>2025-08-26T20:04:25.388Z</time>
      </trkpt>
      <trkpt lat="54.414496" lon="-3.115639">
        <ele>387.307072</ele>
        <time>2025-08-26T20:04:37.841Z</time>
      </trkpt>
      <trkpt lat="54.414451" lon="-3.115780">
        <ele>387.591749</ele>
        <time>2025-08-26T20:04:45.866Z</time>
      </trkpt>
      <trkpt lat="54.414523" lon="-3.115797">
        <ele>387.812835</ele>
        <time>2025-08-26T20:04:53.503Z</time>
      </trkpt>
      <trkpt lat="54.414658" lon="-3.115700">
        <ele>388.257966</ele>
        <time>2025-08-26T20:05:09.272Z</time>
      </trkpt>
      <trkpt lat="54.414711" lon="-3.115722">
        <ele>388.423832</ele>
        <time>2025-08-26T20:05:15.296Z</time>
      </trkpt>
      <trkpt lat="54.414771" lon="-3.115770">
        <ele>388.625165</ele>
        <time>2025-08-26T20:05:22.564Z</time>
      </trkpt>
      <trkpt lat="54.414826" lon="-3.115737">
        <ele>388.802383</ele>
        <time>2025-08-26T20:05:29.069Z</time>
      </trkpt>
      <trkpt lat="54.415167" lon="-3.115959">
        <ele>391.536213</ele>
        <time>2025-08-26T20:06:11.424Z</time>
      </trkpt>
      <trkpt lat="54.415193" lon="-3.116035">
        <ele>391.993617</ele>
        <time>2025-08-26T20:06:17.404Z</time>
      </trkpt>
      <trkpt lat="54.415288" lon="-3.116137">
        <ele>392.992365</ele>
        <time>2025-08-26T20:06:30.677Z</time>
      </trkpt>
      <trkpt lat="54.415401" lon="-3.116461">
        <ele>394.952165</ele>
        <time>2025-08-26T20:06:56.559Z</time>
      </trkpt>
      <trkpt lat="54.415610" lon="-3.116697">
        <ele>397.181880</ele>
        <time>2025-08-26T20:07:27.269Z</time>
      </trkpt>
      <trkpt lat="54.415829" lon="-3.116946">
        <ele>399.523155</ele>
        <time>2025-08-26T20:08:02.545Z</time>
      </trkpt>
      <trkpt lat="54.416029" lon="-3.116871">
        <ele>401.348314</ele>
        <time>2025-08-26T20:08:31.875Z</time>
      </trkpt>
      <trkpt lat="54.416101" lon="-3.116886">
        <ele>401.994965</ele>
        <time>2025-08-26T20:08:42.741Z</time>
      </trkpt>
      <trkpt lat="54.416145" lon="-3.117005">
        <ele>402.726452</ele>
        <time>2025-08-26T20:08:54.922Z</time>
      </trkpt>
      <trkpt lat="54.416217" lon="-3.117091">
        <ele>403.508232</ele>
        <time>2025-08-26T20:09:08.744Z</time>
      </trkpt>
      <trkpt lat="54.416284" lon="-3.117071">
        <ele>404.114548</ele>
        <time>2025-08-26T20:09:19.434Z</time>
      </trkpt>
      <trkpt lat="54.416361" lon="-3.117224">
        <ele>405.212546</ele>
        <time>2025-08-26T20:09:38.811Z</time>
      </trkpt>
      <trkpt lat="54.416409" lon="-3.117434">
        <ele>407.379036</ele>
        <time>2025-08-26T20:10:01.013Z</time>
      </trkpt>
      <trkpt lat="54.416452" lon="-3.117542">
        <ele>408.635617</ele>
        <time>2025-08-26T20:10:11.451Z</time>
      </trkpt>
      <trkpt lat="54.416504" lon="-3.117606">
        <ele>409.691086</ele>
        <time>2025-08-26T20:10:22.585Z</time>
      </trkpt>
      <trkpt lat="54.416638" lon="-3.117582">
        <ele>411.914333</ele>
        <time>2025-08-26T20:10:45.737Z</time>
      </trkpt>
      <trkpt lat="54.416705" lon="-3.117681">
        <ele>413.372456</ele>
        <time>2025-08-26T20:11:00.759Z</time>
      </trkpt>
      <trkpt lat="54.416792" lon="-3.118115">
        <ele>417.780211</ele>
        <time>2025-08-26T20:11:45.250Z</time>
      </trkpt>
      <trkpt lat="54.416825" lon="-3.118250">
        <ele>419.186256</ele>
        <time>2025-08-26T20:11:59.632Z</time>
      </trkpt>
      <trkpt lat="54.416887" lon="-3.118270">
        <ele>420.227249</ele>
        <time>2025-08-26T20:12:10.759Z</time>
      </trkpt>
      <trkpt lat="54.416941" lon="-3.118256">
        <ele>421.128441</ele>
        <time>2025-08-26T20:12:20.438Z</time>
      </trkpt>
      <trkpt lat="54.417214" lon="-3.118011">
        <ele>426.210756</ele>
        <time>2025-08-26T20:13:17.345Z</time>
      </trkpt>
      <trkpt lat="54.417263" lon="-3.118027">
        <ele>427.033821</ele>
        <time>2025-08-26T20:13:26.916Z</time>
      </trkpt>
      <trkpt lat="54.417337" lon="-3.118051">
        <ele>428.276525</ele>
        <time>2025-08-26T20:13:41.111Z</time>
      </trkpt>
      <trkpt lat="54.417356" lon="-3.118101">
        <ele>428.849944</ele>
        <time>2025-08-26T20:13:47.684Z</time>
      </trkpt>
      <trkpt lat="54.417408" lon="-3.118235">
        <ele>430.396523</ele>
        <time>2025-08-26T20:14:05.058Z</time>
      </trkpt>
      <trkpt lat="54.417446" lon="-3.118334">
        <ele>431.535331</ele>
        <time>2025-08-26T20:14:17.599Z</time>
      </trkpt>
      <trkpt lat="54.417609" lon="-3.118536">
        <ele>434.847261</ele>
        <time>2025-08-26T20:14:54.156Z</time>
      </trkpt>
      <trkpt lat="54.418191" lon="-3.118387">
        <ele>443.899131</ele>
        <time>2025-08-26T20:16:37.673Z</time>
      </trkpt>
      <trkpt lat="54.418391" lon="-3.118463">
        <ele>447.050100</ele>
        <time>2025-08-26T20:17:10.500Z</time>
      </trkpt>
      <trkpt lat="54.418547" lon="-3.118632">
        <ele>449.886875</ele>
        <time>2025-08-26T20:17:39.305Z</time>
      </trkpt>
      <trkpt lat="54.418627" lon="-3.118839">
        <ele>452.111182</ele>
        <time>2025-08-26T20:18:02.526Z</time>
      </trkpt>
      <trkpt lat="54.418668" lon="-3.118944">
        <ele>453.243043</ele>
        <time>2025-08-26T20:18:14.966Z</time>
      </trkpt>
      <trkpt lat="54.418830" lon="-3.119417">
        <ele>458.155811</ele>
        <time>2025-08-26T20:19:09.777Z</time>
      </trkpt>
      <trkpt lat="54.419187" lon="-3.120074">
        <ele>465.489362</ele>
        <time>2025-08-26T20:20:28.944Z</time>
      </trkpt>
      <trkpt lat="54.419295" lon="-3.120146">
        <ele>466.932205</ele>
        <time>2025-08-26T20:20:46.064Z</time>
      </trkpt>
      <trkpt lat="54.419385" lon="-3.120119">
        <ele>468.070144</ele>
        <time>2025-08-26T20:20:59.757Z</time>
      </trkpt>
      <trkpt lat="54.419460" lon="-3.120014">
        <ele>469.275007</ele>
        <time>2025-08-26T20:21:14.472Z</time>
      </trkpt>
      <trkpt lat="54.419644" lon="-3.120045">
        <ele>471.577791</ele>
        <time>2025-08-26T20:21:41.599Z</time>
      </trkpt>
      <trkpt lat="54.419723" lon="-3.120129">
        <ele>472.734856</ele>
        <time>2025-08-26T20:21:55.091Z</time>
      </trkpt>
      <trkpt lat="54.419714" lon="-3.120189">
        <ele>473.183899</ele>
        <time>2025-08-26T20:22:00.317Z</time>
      </trkpt>
      <trkpt lat="54.419690" lon="-3.120350">
        <ele>474.388368</ele>
        <time>2025-08-26T20:22:13.812Z</time>
      </trkpt>
      <trkpt lat="54.419713" lon="-3.120522">
        <ele>475.667366</ele>
        <time>2025-08-26T20:22:28.403Z</time>
      </trkpt>
      <trkpt lat="54.419967" lon="-3.120880">
        <ele>479.758828</ele>
        <time>2025-08-26T20:23:16.998Z</time>
      </trkpt>
      <trkpt lat="54.420121" lon="-3.121186">
        <ele>482.690888</ele>
        <time>2025-08-26T20:23:51.339Z</time>
      </trkpt>
      <trkpt lat="54.420235" lon="-3.121534">
        <ele>485.582898</ele>
        <time>2025-08-26T20:24:22.776Z</time>
      </trkpt>
      <trkpt lat="54.420376" lon="-3.121886">
        <ele>488.670521</ele>
        <time>2025-08-26T20:24:55.938Z</time>
      </trkpt>
      <trkpt lat="54.420498" lon="-3.122240">
        <ele>491.643156</ele>
        <time>2025-08-26T20:25:28.890Z</time>
      </trkpt>
      <trkpt lat="54.420555" lon="-3.122432">
        <ele>493.200486</ele>
        <time>2025-08-26T20:25:46.544Z</time>
      </trkpt>
      <trkpt lat="54.420534" lon="-3.122602">
        <ele>494.456103</ele>
        <time>2025-08-26T20:26:00.607Z</time>
      </trkpt>
      <trkpt lat="54.420501" lon="-3.122673">
        <ele>495.112654</ele>
        <time>2025-08-26T20:26:07.843Z</time>
      </trkpt>
      <trkpt lat="54.420488" lon="-3.122701">
        <ele>495.371466</ele>
        <time>2025-08-26T20:26:10.075Z</time>
      </trkpt>
      <trkpt lat="54.420516" lon="-3.122769">
        <ele>495.973349</ele>
        <time>2025-08-26T20:26:17.134Z</time>
      </trkpt>
      <trkpt lat="54.420643" lon="-3.122743">
        <ele>497.561530</ele>
        <time>2025-08-26T20:26:34.734Z</time>
      </trkpt>
      <trkpt lat="54.420726" lon="-3.122772">
        <ele>498.613271</ele>
        <time>2025-08-26T20:26:47.089Z</time>
      </trkpt>
      <trkpt lat="54.420758" lon="-3.122845">
        <ele>499.273624</ele>
        <time>2025-08-26T20:26:54.668Z</time>
      </trkpt>
      <trkpt lat="54.420851" lon="-3.123057">
        <ele>501.191874</ele>
        <time>2025-08-26T20:27:18.110Z</time>
      </trkpt>
      <trkpt lat="54.420909" lon="-3.123118">
        <ele>502.036237</ele>
        <time>2025-08-26T20:27:29.064Z</time>
      </trkpt>
      <trkpt lat="54.420947" lon="-3.123235">
        <ele>503.004332</ele>
        <time>2025-08-26T20:27:41.254Z</time>
      </trkpt>
      <trkpt lat="54.421342" lon="-3.123443">
        <ele>508.090507</ele>
        <time>2025-08-26T20:28:47.825Z</time>
      </trkpt>
      <trkpt lat="54.421836" lon="-3.123722">
        <ele>514.246298</ele>
        <time>2025-08-26T20:29:55.102Z</time>
      </trkpt>
      <trkpt lat="54.422160" lon="-3.124013">
        <ele>518.574040</ele>
        <time>2025-08-26T20:30:39.512Z</time>
      </trkpt>
      <trkpt lat="54.422295" lon="-3.124067">
        <ele>520.214928</ele>
        <time>2025-08-26T20:30:55.774Z</time>
      </trkpt>
      <trkpt lat="54.422374" lon="-3.124169">
        <ele>521.384636</ele>
        <time>2025-08-26T20:31:06.982Z</time>
      </trkpt>
      <trkpt lat="54.422400" lon="-3.124203">
        <ele>521.771391</ele>
        <time>2025-08-26T20:31:10.810Z</time>
      </trkpt>
      <trkpt lat="54.422508" lon="-3.124605">
        <ele>524.821151</ele>
        <time>2025-08-26T20:31:39.350Z</time>
      </trkpt>
      <trkpt lat="54.422740" lon="-3.124860">
        <ele>528.081209</ele>
        <time>2025-08-26T20:32:08.280Z</time>
      </trkpt>
      <trkpt lat="54.423222" lon="-3.125911">
        <ele>529.678059</ele>
        <time>2025-08-26T20:33:21.180Z</time>
      </trkpt>
      <trkpt lat="54.423247" lon="-3.126005">
        <ele>529.774213</ele>
        <time>2025-08-26T20:33:26.164Z</time>
      </trkpt>
      <trkpt lat="54.423187" lon="-3.126206">
        <ele>529.984384</ele>
        <time>2025-08-26T20:33:36.889Z</time>
      </trkpt>
      <trkpt lat="54.423172" lon="-3.126382">
        <ele>530.149868</ele>
        <time>2025-08-26T20:33:45.258Z</time>
      </trkpt>
      <trkpt lat="54.423053" lon="-3.126398">
        <ele>530.340736</ele>
        <time>2025-08-26T20:33:57.665Z</time>
      </trkpt>
      <trkpt lat="54.423165" lon="-3.127221">
        <ele>531.127057</ele>
        <time>2025-08-26T20:34:49.610Z</time>
      </trkpt>
      <trkpt lat="54.423106" lon="-3.127239">
        <ele>531.222876</ele>
        <time>2025-08-26T20:34:54.776Z</time>
      </trkpt>
      <trkpt lat="54.422672" lon="-3.127375">
        <ele>532.258329</ele>
        <time>2025-08-26T20:35:32.773Z</time>
      </trkpt>
      <trkpt lat="54.422287" lon="-3.127601">
        <ele>533.289413</ele>
        <time>2025-08-26T20:36:06.076Z</time>
      </trkpt>
      <trkpt lat="54.421999" lon="-3.127828">
        <ele>534.092412</ele>
        <time>2025-08-26T20:36:32.238Z</time>
      </trkpt>
      <trkpt lat="54.421895" lon="-3.128264">
        <ele>534.787249</ele>
        <time>2025-08-26T20:36:57.102Z</time>
      </trkpt>
      <trkpt lat="54.421712" lon="-3.128643">
        <ele>535.513492</ele>
        <time>2025-08-26T20:37:25.515Z</time>
      </trkpt>
      <trkpt lat="54.421457" lon="-3.128890">
        <ele>538.229204</ele>
        <time>2025-08-26T20:37:56.721Z</time>
      </trkpt>
      <trkpt lat="54.421292" lon="-3.129130">
        <ele>542.027003</ele>
        <time>2025-08-26T20:38:21.939Z</time>
      </trkpt>
      <trkpt lat="54.421077" lon="-3.130089">
        <ele>552.532941</ele>
        <time>2025-08-26T20:39:44.945Z</time>
      </trkpt>
      <trkpt lat="54.420915" lon="-3.130296">
        <ele>556.079642</ele>
        <time>2025-08-26T20:40:16.232Z</time>
      </trkpt>
      <trkpt lat="54.420860" lon="-3.130549">
        <ele>558.840574</ele>
        <time>2025-08-26T20:40:41.611Z</time>
      </trkpt>
      <trkpt lat="54.420736" lon="-3.130845">
        <ele>562.569167</ele>
        <time>2025-08-26T20:41:17.166Z</time>
      </trkpt>
      <trkpt lat="54.420715" lon="-3.131200">
        <ele>566.216887</ele>
        <time>2025-08-26T20:41:52.969Z</time>
      </trkpt>
      <trkpt lat="54.420552" lon="-3.131405">
        <ele>570.502433</ele>
        <time>2025-08-26T20:42:29.178Z</time>
      </trkpt>
      <trkpt lat="54.420516" lon="-3.131837">
        <ele>576.430277</ele>
        <time>2025-08-26T20:43:15.441Z</time>
      </trkpt>
      <trkpt lat="54.420411" lon="-3.131924">
        <ele>579.151557</ele>
        <time>2025-08-26T20:43:36.975Z</time>
      </trkpt>
      <trkpt lat="54.420116" lon="-3.131991">
        <ele>586.098401</ele>
        <time>2025-08-26T20:44:31.234Z</time>
      </trkpt>
      <trkpt lat="54.419908" lon="-3.132111">
        <ele>591.220577</ele>
        <time>2025-08-26T20:45:10.363Z</time>
      </trkpt>
      <trkpt lat="54.419782" lon="-3.132288">
        <ele>595.019693</ele>
        <time>2025-08-26T20:45:38.910Z</time>
      </trkpt>
      <trkpt lat="54.419787" lon="-3.132384">
        <ele>596.328923</ele>
        <time>2025-08-26T20:45:48.594Z</time>
      </trkpt>
      <trkpt lat="54.419926" lon="-3.132949">
        <ele>604.661435</ele>
        <time>2025-08-26T20:46:49.009Z</time>
      </trkpt>
      <trkpt lat="54.420081" lon="-3.133394">
        <ele>611.330544</ele>
        <time>2025-08-26T20:47:38.253Z</time>
      </trkpt>
      <trkpt lat="54.420239" lon="-3.133667">
        <ele>615.663940</ele>
        <time>2025-08-26T20:48:13.826Z</time>
      </trkpt>
      <trkpt lat="54.420302" lon="-3.133715">
        <ele>616.996847</ele>
        <time>2025-08-26T20:48:24.650Z</time>
      </trkpt>
      <trkpt lat="54.420581" lon="-3.133719">
        <ele>622.393433</ele>
        <time>2025-08-26T20:49:07.380Z</time>
      </trkpt>
      <trkpt lat="54.420644" lon="-3.134142">
        <ele>627.307244</ele>
        <time>2025-08-26T20:49:45.306Z</time>
      </trkpt>
      <trkpt lat="54.420666" lon="-3.134600">
        <ele>632.478979</ele>
        <time>2025-08-26T20:50:24.871Z</time>
      </trkpt>
      <trkpt lat="54.420783" lon="-3.134863">
        <ele>636.204719</ele>
        <time>2025-08-26T20:50:53.414Z</time>
      </trkpt>
      <trkpt lat="54.420940" lon="-3.134990">
        <ele>639.560922</ele>
        <time>2025-08-26T20:51:19.241Z</time>
      </trkpt>
      <trkpt lat="54.420977" lon="-3.134984">
        <ele>640.279751</ele>
        <time>2025-08-26T20:51:24.780Z</time>
      </trkpt>
      <trkpt lat="54.421032" lon="-3.135304">
        <ele>644.034750</ele>
        <time>2025-08-26T20:51:54.119Z</time>
      </trkpt>
      <trkpt lat="54.421037" lon="-3.135694">
        <ele>647.588352</ele>
        <time>2025-08-26T20:52:28.829Z</time>
      </trkpt>
      <trkpt lat="54.421078" lon="-3.136115">
        <ele>651.417037</ele>
        <time>2025-08-26T20:53:06.618Z</time>
      </trkpt>
      <trkpt lat="54.421182" lon="-3.136331">
        <ele>653.931802</ele>
        <time>2025-08-26T20:53:31.236Z</time>
      </trkpt>
      <trkpt lat="54.421445" lon="-3.136460">
        <ele>658.148117</ele>
        <time>2025-08-26T20:54:11.641Z</time>
      </trkpt>
      <trkpt lat="54.421498" lon="-3.136588">
        <ele>659.557256</ele>
        <time>2025-08-26T20:54:24.879Z</time>
      </trkpt>
      <trkpt lat="54.421616" lon="-3.136717">
        <ele>661.713156</ele>
        <time>2025-08-26T20:54:44.907Z</time>
      </trkpt>
      <trkpt lat="54.421743" lon="-3.136715">
        <ele>663.671088</ele>
        <time>2025-08-26T20:55:02.423Z</time>
      </trkpt>
      <trkpt lat="54.421841" lon="-3.137147">
        <ele>667.829950</ele>
        <time>2025-08-26T20:55:36.842Z</time>
      </trkpt>
      <trkpt lat="54.421910" lon="-3.137263">
        <ele>669.317902</ele>
        <time>2025-08-26T20:55:47.801Z</time>
      </trkpt>
      <trkpt lat="54.422076" lon="-3.137325">
        <ele>671.936706</ele>
        <time>2025-08-26T20:56:05.832Z</time>
      </trkpt>
      <trkpt lat="54.422403" lon="-3.137587">
        <ele>670.730694</ele>
        <time>2025-08-26T20:56:40.754Z</time>
      </trkpt>
      <trkpt lat="54.422486" lon="-3.137737">
        <ele>670.288652</ele>
        <time>2025-08-26T20:56:51.390Z</time>
      </trkpt>
      <trkpt lat="54.422504" lon="-3.137756">
        <ele>670.211122</ele>
        <time>2025-08-26T20:56:53.196Z</time>
      </trkpt>
      <trkpt lat="54.422601" lon="-3.137862">
        <ele>669.789239</ele>
        <time>2025-08-26T20:57:02.790Z</time>
      </trkpt>
      <trkpt lat="54.422657" lon="-3.137984">
        <ele>669.457403</ele>
        <time>2025-08-26T20:57:10.109Z</time>
      </trkpt>
      <trkpt lat="54.422964" lon="-3.137973">
        <ele>668.330374</ele>
        <time>2025-08-26T20:57:36.409Z</time>
      </trkpt>
      <trkpt lat="54.423131" lon="-3.138120">
        <ele>667.641730</ele>
        <time>2025-08-26T20:57:53.597Z</time>
      </trkpt>
      <trkpt lat="54.423198" lon="-3.138345">
        <ele>667.101997</ele>
        <time>2025-08-26T20:58:07.603Z</time>
      </trkpt>
      <trkpt lat="54.423323" lon="-3.138504">
        <ele>666.531241</ele>
        <time>2025-08-26T20:58:22.864Z</time>
      </trkpt>
      <trkpt lat="54.423414" lon="-3.138715">
        <ele>665.970386</ele>
        <time>2025-08-26T20:58:38.405Z</time>
      </trkpt>
      <trkpt lat="54.423505" lon="-3.138819">
        <ele>665.569297</ele>
        <time>2025-08-26T20:58:49.664Z</time>
      </trkpt>
      <trkpt lat="54.423587" lon="-3.138824">
        <ele>664.701431</ele>
        <time>2025-08-26T20:58:58.317Z</time>
      </trkpt>
      <trkpt lat="54.424049" lon="-3.139232">
        <ele>656.144040</ele>
        <time>2025-08-26T20:59:53.850Z</time>
      </trkpt>
      <trkpt lat="54.424427" lon="-3.139310">
        <ele>649.871705</ele>
        <time>2025-08-26T21:00:36.308Z</time>
      </trkpt>
      <trkpt lat="54.424940" lon="-3.139699">
        <ele>640.634061</ele>
        <time>2025-08-26T21:01:40.678Z</time>
      </trkpt>
      <trkpt lat="54.425083" lon="-3.139972">
        <ele>637.113085</ele>
        <time>2025-08-26T21:02:03.119Z</time>
      </trkpt>
      <trkpt lat="54.425469" lon="-3.140201">
        <ele>635.295695</ele>
        <time>2025-08-26T21:02:43.686Z</time>
      </trkpt>
      <trkpt lat="54.425570" lon="-3.140168">
        <ele>635.138616</ele>
        <time>2025-08-26T21:02:53.389Z</time>
      </trkpt>
      <trkpt lat="54.425665" lon="-3.139963">
        <ele>634.905655</ele>
        <time>2025-08-26T21:03:07.336Z</time>
      </trkpt>
      <trkpt lat="54.425708" lon="-3.139995">
        <ele>634.834063</ele>
        <time>2025-08-26T21:03:12.532Z</time>
      </trkpt>
      <trkpt lat="54.425793" lon="-3.140167">
        <ele>634.633465</ele>
        <time>2025-08-26T21:03:26.850Z</time>
      </trkpt>
      <trkpt lat="54.425851" lon="-3.140692">
        <ele>634.158476</ele>
        <time>2025-08-26T21:03:58.707Z</time>
      </trkpt>
      <trkpt lat="54.425989" lon="-3.140891">
        <ele>633.883260</ele>
        <time>2025-08-26T21:04:18.410Z</time>
      </trkpt>
      <trkpt lat="54.426055" lon="-3.141066">
        <ele>633.697884</ele>
        <time>2025-08-26T21:04:32.485Z</time>
      </trkpt>
      <trkpt lat="54.426067" lon="-3.141278">
        <ele>633.508557</ele>
        <time>2025-08-26T21:04:47.668Z</time>
      </trkpt>
      <trkpt lat="54.426129" lon="-3.141436">
        <ele>633.339157</ele>
        <time>2025-08-26T21:05:01.982Z</time>
      </trkpt>
      <trkpt lat="54.426154" lon="-3.141604">
        <ele>633.185023</ele>
        <time>2025-08-26T21:05:15.373Z</time>
      </trkpt>
      <trkpt lat="54.426253" lon="-3.141617">
        <ele>633.195960</ele>
        <time>2025-08-26T21:05:29.143Z</time>
      </trkpt>
      <trkpt lat="54.426347" lon="-3.141680">
        <ele>634.592931</ele>
        <time>2025-08-26T21:05:43.851Z</time>
      </trkpt>
      <trkpt lat="54.426409" lon="-3.141842">
        <ele>636.154900</ele>
        <time>2025-08-26T21:06:00.782Z</time>
      </trkpt>
      <trkpt lat="54.426429" lon="-3.142127">
        <ele>638.467212</ele>
        <time>2025-08-26T21:06:26.423Z</time>
      </trkpt>
      <trkpt lat="54.426465" lon="-3.142286">
        <ele>639.841535</ele>
        <time>2025-08-26T21:06:41.895Z</time>
      </trkpt>
      <trkpt lat="54.426686" lon="-3.142651">
        <ele>644.085068</ele>
        <time>2025-08-26T21:07:31.461Z</time>
      </trkpt>
      <trkpt lat="54.426873" lon="-3.142762">
        <ele>646.824328</ele>
        <time>2025-08-26T21:08:04.469Z</time>
      </trkpt>
      <trkpt lat="54.426958" lon="-3.142756">
        <ele>648.002244</ele>
        <time>2025-08-26T21:08:18.903Z</time>
      </trkpt>
      <trkpt lat="54.427499" lon="-3.143324">
        <ele>656.779699</ele>
        <time>2025-08-26T21:10:06.266Z</time>
      </trkpt>
      <trkpt lat="54.427635" lon="-3.143758">
        <ele>659.796730</ele>
        <time>2025-08-26T21:10:53.666Z</time>
      </trkpt>
      <trkpt lat="54.427857" lon="-3.144311">
        <ele>663.363144</ele>
        <time>2025-08-26T21:11:52.652Z</time>
      </trkpt>
      <trkpt lat="54.427996" lon="-3.145019">
        <ele>667.329436</ele>
        <time>2025-08-26T21:12:50.592Z</time>
      </trkpt>
      <trkpt lat="54.428162" lon="-3.145341">
        <ele>669.613170</ele>
        <time>2025-08-26T21:13:21.896Z</time>
      </trkpt>
      <trkpt lat="54.428235" lon="-3.144950">
        <ele>671.792840</ele>
        <time>2025-08-26T21:13:44.594Z</time>
      </trkpt>
      <trkpt lat="54.428324" lon="-3.144690">
        <ele>673.394102</ele>
        <time>2025-08-26T21:14:00.467Z</time>
      </trkpt>
      <trkpt lat="54.428399" lon="-3.144334">
        <ele>674.528057</ele>
        <time>2025-08-26T21:14:19.931Z</time>
      </trkpt>
      <trkpt lat="54.428477" lon="-3.143575">
        <ele>675.168414</ele>
        <time>2025-08-26T21:14:57.579Z</time>
      </trkpt>
      <trkpt lat="54.428537" lon="-3.143205">
        <ele>675.487537</ele>
        <time>2025-08-26T21:15:15.526Z</time>
      </trkpt>
      <trkpt lat="54.428498" lon="-3.142869">
        <ele>675.772195</ele>
        <time>2025-08-26T21:15:31.486Z</time>
      </trkpt>
      <trkpt lat="54.428537" lon="-3.143205">
        <ele>676.056853</ele>
        <time>2025-08-26T21:15:47.443Z</time>
      </trkpt>
      <trkpt lat="54.428477" lon="-3.143575">
        <ele>676.375977</ele>
        <time>2025-08-26T21:16:05.360Z</time>
      </trkpt>
      <trkpt lat="54.428399" lon="-3.144334">
        <ele>677.396744</ele>
        <time>2025-08-26T21:16:41.986Z</time>
      </trkpt>
      <trkpt lat="54.428324" lon="-3.144690">
        <ele>679.171645</ele>
        <time>2025-08-26T21:17:01.220Z</time>
      </trkpt>
      <trkpt lat="54.428235" lon="-3.144950">
        <ele>680.585813</ele>
        <time>2025-08-26T21:17:17.202Z</time>
      </trkpt>
      <trkpt lat="54.428162" lon="-3.145341">
        <ele>682.510809</ele>
        <time>2025-08-26T21:17:39.739Z</time>
      </trkpt>
      <trkpt lat="54.428126" lon="-3.145582">
        <ele>683.677210</ele>
        <time>2025-08-26T21:17:57.520Z</time>
      </trkpt>
      <trkpt lat="54.428148" lon="-3.145740">
        <ele>684.438797</ele>
        <time>2025-08-26T21:18:09.414Z</time>
      </trkpt>
      <trkpt lat="54.428147" lon="-3.146165">
        <ele>686.431108</ele>
        <time>2025-08-26T21:18:41.541Z</time>
      </trkpt>
      <trkpt lat="54.428259" lon="-3.147094">
        <ele>690.878565</ele>
        <time>2025-08-26T21:20:01.071Z</time>
      </trkpt>
      <trkpt lat="54.428250" lon="-3.147183">
        <ele>691.302031</ele>
        <time>2025-08-26T21:20:09.542Z</time>
      </trkpt>
      <trkpt lat="54.428392" lon="-3.147600">
        <ele>696.245080</ele>
        <time>2025-08-26T21:20:57.488Z</time>
      </trkpt>
      <trkpt lat="54.428478" lon="-3.148197">
        <ele>702.738487</ele>
        <time>2025-08-26T21:22:03.001Z</time>
      </trkpt>
      <trkpt lat="54.428629" lon="-3.148718">
        <ele>708.884003</ele>
        <time>2025-08-26T21:23:07.725Z</time>
      </trkpt>
      <trkpt lat="54.428601" lon="-3.149156">
        <ele>713.536151</ele>
        <time>2025-08-26T21:23:57.796Z</time>
      </trkpt>
      <trkpt lat="54.428602" lon="-3.149294">
        <ele>714.993239</ele>
        <time>2025-08-26T21:24:13.618Z</time>
      </trkpt>
      <trkpt lat="54.428637" lon="-3.149423">
        <ele>716.496047</ele>
        <time>2025-08-26T21:24:29.738Z</time>
      </trkpt>
      <trkpt lat="54.428699" lon="-3.149534">
        <ele>718.120727</ele>
        <time>2025-08-26T21:24:47.308Z</time>
      </trkpt>
      <trkpt lat="54.428704" lon="-3.149649">
        <ele>719.338256</ele>
        <time>2025-08-26T21:25:00.421Z</time>
      </trkpt>
      <trkpt lat="54.428795" lon="-3.150087">
        <ele>724.240323</ele>
        <time>2025-08-26T21:25:53.336Z</time>
      </trkpt>
      <trkpt lat="54.428879" lon="-3.150983">
        <ele>733.369125</ele>
        <time>2025-08-26T21:27:35.007Z</time>
      </trkpt>
      <trkpt lat="54.429074" lon="-3.151961">
        <ele>743.768222</ele>
        <time>2025-08-26T21:29:25.824Z</time>
      </trkpt>
      <trkpt lat="54.429160" lon="-3.152158">
        <ele>746.245681</ele>
        <time>2025-08-26T21:29:50.630Z</time>
      </trkpt>
      <trkpt lat="54.429215" lon="-3.152407">
        <ele>748.924733</ele>
        <time>2025-08-26T21:30:16.949Z</time>
      </trkpt>
      <trkpt lat="54.429214" lon="-3.152614">
        <ele>751.006917</ele>
        <time>2025-08-26T21:30:36.781Z</time>
      </trkpt>
      <trkpt lat="54.429307" lon="-3.152908">
        <ele>754.373072</ele>
        <time>2025-08-26T21:31:08.058Z</time>
      </trkpt>
      <trkpt lat="54.429313" lon="-3.152997">
        <ele>755.244686</ele>
        <time>2025-08-26T21:31:16.226Z</time>
      </trkpt>
      <trkpt lat="54.429326" lon="-3.153187">
        <ele>756.602926</ele>
        <time>2025-08-26T21:31:33.613Z</time>
      </trkpt>
      <trkpt lat="54.429389" lon="-3.153332">
        <ele>757.887838</ele>
        <time>2025-08-26T21:31:49.727Z</time>
      </trkpt>
      <trkpt lat="54.429483" lon="-3.153888">
        <ele>761.998594</ele>
        <time>2025-08-26T21:32:38.997Z</time>
      </trkpt>
      <trkpt lat="54.429511" lon="-3.153944">
        <ele>762.522861</ele>
        <time>2025-08-26T21:32:44.863Z</time>
      </trkpt>
      <trkpt lat="54.429473" lon="-3.154275">
        <ele>764.918178</ele>
        <time>2025-08-26T21:33:12.420Z</time>
      </trkpt>
      <trkpt lat="54.429480" lon="-3.154430">
        <ele>766.021937</ele>
        <time>2025-08-26T21:33:25.098Z</time>
      </trkpt>
      <trkpt lat="54.429529" lon="-3.154609">
        <ele>767.426460</ele>
        <time>2025-08-26T21:33:41.182Z</time>
      </trkpt>
      <trkpt lat="54.429526" lon="-3.154863">
        <ele>769.230144</ele>
        <time>2025-08-26T21:34:01.500Z</time>
      </trkpt>
      <trkpt lat="54.429500" lon="-3.155017">
        <ele>770.368611</ele>
        <time>2025-08-26T21:34:14.209Z</time>
      </trkpt>
      <trkpt lat="54.429518" lon="-3.155098">
        <ele>770.984217</ele>
        <time>2025-08-26T21:34:21.257Z</time>
      </trkpt>
      <trkpt lat="54.429497" lon="-3.155225">
        <ele>771.921594</ele>
        <time>2025-08-26T21:34:31.808Z</time>
      </trkpt>
      <trkpt lat="54.429576" lon="-3.155318">
        <ele>773.090190</ele>
        <time>2025-08-26T21:34:45.298Z</time>
      </trkpt>
      <trkpt lat="54.429413" lon="-3.155643">
        <ele>776.136790</ele>
        <time>2025-08-26T21:35:19.669Z</time>
      </trkpt>
      <trkpt lat="54.429467" lon="-3.155632">
        <ele>776.800467</ele>
        <time>2025-08-26T21:35:27.381Z</time>
      </trkpt>
      <trkpt lat="54.429659" lon="-3.155781">
        <ele>779.130416</ele>
        <time>2025-08-26T21:35:56.298Z</time>
      </trkpt>
      <trkpt lat="54.429751" lon="-3.155761">
        <ele>780.140689</ele>
        <time>2025-08-26T21:36:09.439Z</time>
      </trkpt>
      <trkpt lat="54.429797" lon="-3.155622">
        <ele>781.154153</ele>
        <time>2025-08-26T21:36:22.223Z</time>
      </trkpt>
      <trkpt lat="54.429883" lon="-3.155677">
        <ele>782.153810</ele>
        <time>2025-08-26T21:36:35.215Z</time>
      </trkpt>
      <trkpt lat="54.429916" lon="-3.155580">
        <ele>782.865941</ele>
        <time>2025-08-26T21:36:44.367Z</time>
      </trkpt>
      <trkpt lat="54.429957" lon="-3.155578">
        <ele>783.312794</ele>
        <time>2025-08-26T21:36:50.251Z</time>
      </trkpt>
      <trkpt lat="54.429959" lon="-3.155681">
        <ele>783.965898</ele>
        <time>2025-08-26T21:36:58.623Z</time>
      </trkpt>
      <trkpt lat="54.430065" lon="-3.155831">
        <ele>785.461631</ele>
        <time>2025-08-26T21:37:18.494Z</time>
      </trkpt>
      <trkpt lat="54.430148" lon="-3.155860">
        <ele>786.384359</ele>
        <time>2025-08-26T21:37:30.696Z</time>
      </trkpt>
      <trkpt lat="54.430220" lon="-3.156147">
        <ele>788.365087</ele>
        <time>2025-08-26T21:37:57.397Z</time>
      </trkpt>
      <trkpt lat="54.430202" lon="-3.156595">
        <ele>791.210938</ele>
        <time>2025-08-26T21:38:35.611Z</time>
      </trkpt>
      <trkpt lat="54.430295" lon="-3.156809">
        <ele>792.903788</ele>
        <time>2025-08-26T21:38:57.183Z</time>
      </trkpt>
      <trkpt lat="54.430406" lon="-3.156994">
        <ele>794.588086</ele>
        <time>2025-08-26T21:39:13.868Z</time>
      </trkpt>
      <trkpt lat="54.430493" lon="-3.157024">
        <ele>795.554784</ele>
        <time>2025-08-26T21:39:23.291Z</time>
      </trkpt>
      <trkpt lat="54.430592" lon="-3.157115">
        <ele>796.736009</ele>
        <time>2025-08-26T21:39:37.812Z</time>
      </trkpt>
      <trkpt lat="54.430702" lon="-3.157458">
        <ele>797.382825</ele>
        <time>2025-08-26T21:40:06.424Z</time>
      </trkpt>
      <trkpt lat="54.430806" lon="-3.157512">
        <ele>797.691254</ele>
        <time>2025-08-26T21:40:19.532Z</time>
      </trkpt>
      <trkpt lat="54.431043" lon="-3.157633">
        <ele>798.393140</ele>
        <time>2025-08-26T21:40:48.194Z</time>
      </trkpt>
      <trkpt lat="54.431028" lon="-3.157729">
        <ele>798.557293</ele>
        <time>2025-08-26T21:40:54.631Z</time>
      </trkpt>
      <trkpt lat="54.431053" lon="-3.157865">
        <ele>798.792831</ele>
        <time>2025-08-26T21:41:03.655Z</time>
      </trkpt>
      <trkpt lat="54.431268" lon="-3.158204">
        <ele>799.621063</ele>
        <time>2025-08-26T21:41:34.339Z</time>
      </trkpt>
      <trkpt lat="54.431358" lon="-3.158290">
        <ele>799.913389</ele>
        <time>2025-08-26T21:41:44.684Z</time>
      </trkpt>
      <trkpt lat="54.431491" lon="-3.158348">
        <ele>800.302934</ele>
        <time>2025-08-26T21:41:58.691Z</time>
      </trkpt>
      <trkpt lat="54.431662" lon="-3.158518">
        <ele>800.863728</ele>
        <time>2025-08-26T21:42:19.203Z</time>
      </trkpt>
      <trkpt lat="54.431806" lon="-3.158539">
        <ele>801.274012</ele>
        <time>2025-08-26T21:42:34.238Z</time>
      </trkpt>
      <trkpt lat="54.431854" lon="-3.158641">
        <ele>801.490672</ele>
        <time>2025-08-26T21:42:42.292Z</time>
      </trkpt>
      <trkpt lat="54.431995" lon="-3.158743">
        <ele>802.126166</ele>
        <time>2025-08-26T21:42:58.067Z</time>
      </trkpt>
      <trkpt lat="54.432295" lon="-3.158911">
        <ele>804.873122</ele>
        <time>2025-08-26T21:43:29.889Z</time>
      </trkpt>
      <trkpt lat="54.432515" lon="-3.159104">
        <ele>807.023459</ele>
        <time>2025-08-26T21:43:58.660Z</time>
      </trkpt>
      <trkpt lat="54.432526" lon="-3.158991">
        <ele>807.603661</ele>
        <time>2025-08-26T21:44:06.961Z</time>
      </trkpt>
      <trkpt lat="54.432642" lon="-3.159099">
        <ele>808.752174</ele>
        <time>2025-08-26T21:44:24.031Z</time>
      </trkpt>
      <trkpt lat="54.432735" lon="-3.159075">
        <ele>809.570929</ele>
        <time>2025-08-26T21:44:36.476Z</time>
      </trkpt>
      <trkpt lat="54.432847" lon="-3.158959">
        <ele>810.709306</ele>
        <time>2025-08-26T21:44:56.377Z</time>
      </trkpt>
      <trkpt lat="54.432847" lon="-3.158959">
        <ele>810.709306</ele>
        <time>2025-08-26T21:44:56.442Z</time>
      </trkpt>
      <trkpt lat="54.432972" lon="-3.158971">
        <ele>811.799287</ele>
        <time>2025-08-26T21:45:17.029Z</time>
      </trkpt>
      <trkpt lat="54.433154" lon="-3.158825">
        <ele>813.547833</ele>
        <time>2025-08-26T21:45:52.369Z</time>
      </trkpt>
      <trkpt lat="54.433220" lon="-3.159063">
        <ele>814.883041</ele>
        <time>2025-08-26T21:46:18.428Z</time>
      </trkpt>
      <trkpt lat="54.433244" lon="-3.159341">
        <ele>816.306261</ele>
        <time>2025-08-26T21:46:45.803Z</time>
      </trkpt>
      <trkpt lat="54.433413" lon="-3.159491">
        <ele>817.683695</ele>
        <time>2025-08-26T21:47:17.969Z</time>
      </trkpt>
      <trkpt lat="54.433421" lon="-3.159600">
        <ele>817.913945</ele>
        <time>2025-08-26T21:47:28.478Z</time>
      </trkpt>
      <trkpt lat="54.433550" lon="-3.159493">
        <ele>818.430018</ele>
        <time>2025-08-26T21:47:51.350Z</time>
      </trkpt>
      <trkpt lat="54.433602" lon="-3.159609">
        <ele>818.736949</ele>
        <time>2025-08-26T21:48:04.302Z</time>
      </trkpt>
      <trkpt lat="54.433707" lon="-3.159759">
        <ele>819.228842</ele>
        <time>2025-08-26T21:48:23.156Z</time>
      </trkpt>
      <trkpt lat="54.433704" lon="-3.159824">
        <ele>819.365494</ele>
        <time>2025-08-26T21:48:28.246Z</time>
      </trkpt>
      <trkpt lat="54.433723" lon="-3.159820">
        <ele>819.434465</ele>
        <time>2025-08-26T21:48:30.705Z</time>
      </trkpt>
      <trkpt lat="54.433760" lon="-3.159814">
        <ele>819.568373</ele>
        <time>2025-08-26T21:48:35.599Z</time>
      </trkpt>
      <trkpt lat="54.433810" lon="-3.159753">
        <ele>819.789280</ele>
        <time>2025-08-26T21:48:43.760Z</time>
      </trkpt>
      <trkpt lat="54.433850" lon="-3.159705">
        <ele>819.965041</ele>
        <time>2025-08-26T21:48:50.137Z</time>
      </trkpt>
      <trkpt lat="54.433911" lon="-3.159536">
        <ele>820.381877</ele>
        <time>2025-08-26T21:49:04.805Z</time>
      </trkpt>
      <trkpt lat="54.434004" lon="-3.159248">
        <ele>821.072230</ele>
        <time>2025-08-26T21:49:26.518Z</time>
      </trkpt>
      <trkpt lat="54.434119" lon="-3.159238">
        <ele>821.487121</ele>
        <time>2025-08-26T21:49:38.696Z</time>
      </trkpt>
      <trkpt lat="54.434272" lon="-3.159296">
        <ele>822.051644</ele>
        <time>2025-08-26T21:49:54.747Z</time>
      </trkpt>
      <trkpt lat="54.434350" lon="-3.159277">
        <ele>822.335497</ele>
        <time>2025-08-26T21:50:03.190Z</time>
      </trkpt>
      <trkpt lat="54.434465" lon="-3.159157">
        <ele>822.820204</ele>
        <time>2025-08-26T21:50:17.696Z</time>
      </trkpt>
      <trkpt lat="54.434551" lon="-3.158929">
        <ele>823.389707</ele>
        <time>2025-08-26T21:50:35.436Z</time>
      </trkpt>
      <trkpt lat="54.434755" lon="-3.158721">
        <ele>823.076115</ele>
        <time>2025-08-26T21:51:03.029Z</time>
      </trkpt>
      <trkpt lat="54.435017" lon="-3.158379">
        <ele>819.252028</ele>
        <time>2025-08-26T21:51:42.363Z</time>
      </trkpt>
      <trkpt lat="54.435090" lon="-3.158284">
        <ele>818.187724</ele>
        <time>2025-08-26T21:51:53.655Z</time>
      </trkpt>
      <trkpt lat="54.435262" lon="-3.158329">
        <ele>816.165219</ele>
        <time>2025-08-26T21:52:15.446Z</time>
      </trkpt>
      <trkpt lat="54.435453" lon="-3.158241">
        <ele>813.866519</ele>
        <time>2025-08-26T21:52:40.357Z</time>
      </trkpt>
      <trkpt lat="54.435587" lon="-3.158661">
        <ele>810.627590</ele>
        <time>2025-08-26T21:53:15.481Z</time>
      </trkpt>
      <trkpt lat="54.435783" lon="-3.158582">
        <ele>808.287333</ele>
        <time>2025-08-26T21:53:40.611Z</time>
      </trkpt>
      <trkpt lat="54.435858" lon="-3.158471">
        <ele>807.136941</ele>
        <time>2025-08-26T21:53:52.779Z</time>
      </trkpt>
      <trkpt lat="54.435869" lon="-3.158339">
        <ele>806.235346</ele>
        <time>2025-08-26T21:54:02.353Z</time>
      </trkpt>
      <trkpt lat="54.436080" lon="-3.158230">
        <ele>803.674164</ele>
        <time>2025-08-26T21:54:29.772Z</time>
      </trkpt>
      <trkpt lat="54.436161" lon="-3.158209">
        <ele>802.820000</ele>
        <time>2025-08-26T21:54:40.001Z</time>
      </trkpt>
      <trkpt lat="54.436199" lon="-3.158036">
        <ele>801.933775</ele>
        <time>2025-08-26T21:54:50.878Z</time>
      </trkpt>
      <trkpt lat="54.436185" lon="-3.157899">
        <ele>801.267172</ele>
        <time>2025-08-26T21:54:59.215Z</time>
      </trkpt>
      <trkpt lat="54.436204" lon="-3.157804">
        <ele>800.785737</ele>
        <time>2025-08-26T21:55:05.220Z</time>
      </trkpt>
      <trkpt lat="54.436231" lon="-3.157804">
        <ele>800.563264</ele>
        <time>2025-08-26T21:55:07.968Z</time>
      </trkpt>
      <trkpt lat="54.436394" lon="-3.157808">
        <ele>799.220050</ele>
        <time>2025-08-26T21:55:24.631Z</time>
      </trkpt>
      <trkpt lat="54.436458" lon="-3.157922">
        <ele>798.460737</ele>
        <time>2025-08-26T21:55:33.996Z</time>
      </trkpt>
      <trkpt lat="54.436476" lon="-3.158131">
        <ele>797.448230</ele>
        <time>2025-08-26T21:55:46.454Z</time>
      </trkpt>
      <trkpt lat="54.436521" lon="-3.158218">
        <ele>796.890276</ele>
        <time>2025-08-26T21:55:53.106Z</time>
      </trkpt>
      <trkpt lat="54.436598" lon="-3.158258">
        <ele>796.227490</ele>
        <time>2025-08-26T21:56:01.168Z</time>
      </trkpt>
      <trkpt lat="54.436615" lon="-3.158329">
        <ele>795.859534</ele>
        <time>2025-08-26T21:56:05.540Z</time>
      </trkpt>
      <trkpt lat="54.436696" lon="-3.158224">
        <ele>795.023685</ele>
        <time>2025-08-26T21:56:17.981Z</time>
      </trkpt>
      <trkpt lat="54.436818" lon="-3.158284">
        <ele>793.978123</ele>
        <time>2025-08-26T21:56:32.942Z</time>
      </trkpt>
      <trkpt lat="54.436952" lon="-3.158326">
        <ele>792.855803</ele>
        <time>2025-08-26T21:56:48.242Z</time>
      </trkpt>
      <trkpt lat="54.437066" lon="-3.158244">
        <ele>791.837589</ele>
        <time>2025-08-26T21:57:01.861Z</time>
      </trkpt>
      <trkpt lat="54.437100" lon="-3.158145">
        <ele>791.286620</ele>
        <time>2025-08-26T21:57:09.078Z</time>
      </trkpt>
      <trkpt lat="54.437162" lon="-3.158113">
        <ele>790.753236</ele>
        <time>2025-08-26T21:57:15.814Z</time>
      </trkpt>
      <trkpt lat="54.437362" lon="-3.158350">
        <ele>788.751823</ele>
        <time>2025-08-26T21:57:40.642Z</time>
      </trkpt>
      <trkpt lat="54.437464" lon="-3.158267">
        <ele>788.332816</ele>
        <time>2025-08-26T21:57:52.280Z</time>
      </trkpt>
      <trkpt lat="54.437565" lon="-3.158010">
        <ele>788.669716</ele>
        <time>2025-08-26T21:58:11.242Z</time>
      </trkpt>
      <trkpt lat="54.437793" lon="-3.157972">
        <ele>789.097519</ele>
        <time>2025-08-26T21:58:36.797Z</time>
      </trkpt>
      <trkpt lat="54.437890" lon="-3.157860">
        <ele>789.315730</ele>
        <time>2025-08-26T21:58:50.479Z</time>
      </trkpt>
      <trkpt lat="54.437946" lon="-3.157888">
        <ele>789.424646</ele>
        <time>2025-08-26T21:58:57.455Z</time>
      </trkpt>
      <trkpt lat="54.437999" lon="-3.157932">
        <ele>789.534561</ele>
        <time>2025-08-26T21:59:04.600Z</time>
      </trkpt>
      <trkpt lat="54.438374" lon="-3.158557">
        <ele>790.509911</ele>
        <time>2025-08-26T22:00:07.649Z</time>
      </trkpt>
      <trkpt lat="54.438490" lon="-3.158614">
        <ele>790.735222</ele>
        <time>2025-08-26T22:00:21.665Z</time>
      </trkpt>
      <trkpt lat="54.438605" lon="-3.158584">
        <ele>790.952451</ele>
        <time>2025-08-26T22:00:34.789Z</time>
      </trkpt>
      <trkpt lat="54.438766" lon="-3.158582">
        <ele>791.253139</ele>
        <time>2025-08-26T22:00:51.974Z</time>
      </trkpt>
      <trkpt lat="54.438984" lon="-3.158721">
        <ele>791.096250</ele>
        <time>2025-08-26T22:01:15.992Z</time>
      </trkpt>
      <trkpt lat="54.439047" lon="-3.158974">
        <ele>789.428044</ele>
        <time>2025-08-26T22:01:33.701Z</time>
      </trkpt>
      <trkpt lat="54.439155" lon="-3.159054">
        <ele>788.202401</ele>
        <time>2025-08-26T22:01:47.066Z</time>
      </trkpt>
      <trkpt lat="54.439377" lon="-3.158979">
        <ele>785.844355</ele>
        <time>2025-08-26T22:02:13.372Z</time>
      </trkpt>
      <trkpt lat="54.439467" lon="-3.158865">
        <ele>784.679289</ele>
        <time>2025-08-26T22:02:26.808Z</time>
      </trkpt>
      <trkpt lat="54.439573" lon="-3.158849">
        <ele>783.570249</ele>
        <time>2025-08-26T22:02:39.806Z</time>
      </trkpt>
      <trkpt lat="54.439897" lon="-3.158979">
        <ele>780.102623</ele>
        <time>2025-08-26T22:03:21.085Z</time>
      </trkpt>
      <trkpt lat="54.439976" lon="-3.159079">
        <ele>779.080198</ele>
        <time>2025-08-26T22:03:33.479Z</time>
      </trkpt>
      <trkpt lat="54.440055" lon="-3.159134">
        <ele>778.191888</ele>
        <time>2025-08-26T22:03:44.470Z</time>
      </trkpt>
      <trkpt lat="54.440289" lon="-3.159501">
        <ele>774.890907</ele>
        <time>2025-08-26T22:04:25.261Z</time>
      </trkpt>
      <trkpt lat="54.440439" lon="-3.159516">
        <ele>773.324881</ele>
        <time>2025-08-26T22:04:44.924Z</time>
      </trkpt>
      <trkpt lat="54.440568" lon="-3.159739">
        <ele>770.736896</ele>
        <time>2025-08-26T22:05:08.835Z</time>
      </trkpt>
      <trkpt lat="54.440608" lon="-3.159896">
        <ele>769.203763</ele>
        <time>2025-08-26T22:05:21.904Z</time>
      </trkpt>
      <trkpt lat="54.440816" lon="-3.160018">
        <ele>765.823640</ele>
        <time>2025-08-26T22:05:50.374Z</time>
      </trkpt>
      <trkpt lat="54.441063" lon="-3.159893">
        <ele>761.863560</ele>
        <time>2025-08-26T22:06:23.538Z</time>
      </trkpt>
      <trkpt lat="54.441285" lon="-3.160039">
        <ele>758.207900</ele>
        <time>2025-08-26T22:06:54.277Z</time>
      </trkpt>
      <trkpt lat="54.441417" lon="-3.160318">
        <ele>754.990897</ele>
        <time>2025-08-26T22:07:21.588Z</time>
      </trkpt>
      <trkpt lat="54.441473" lon="-3.160376">
        <ele>753.985428</ele>
        <time>2025-08-26T22:07:30.139Z</time>
      </trkpt>
      <trkpt lat="54.441637" lon="-3.160379">
        <ele>751.462890</ele>
        <time>2025-08-26T22:07:51.615Z</time>
      </trkpt>
      <trkpt lat="54.441788" lon="-3.160478">
        <ele>748.977364</ele>
        <time>2025-08-26T22:08:12.656Z</time>
      </trkpt>
      <trkpt lat="54.441974" lon="-3.160238">
        <ele>745.400790</ele>
        <time>2025-08-26T22:08:42.651Z</time>
      </trkpt>
      <trkpt lat="54.442184" lon="-3.160151">
        <ele>742.563934</ele>
        <time>2025-08-26T22:09:10.473Z</time>
      </trkpt>
      <trkpt lat="54.442369" lon="-3.160271">
        <ele>739.997760</ele>
        <time>2025-08-26T22:09:35.645Z</time>
      </trkpt>
      <trkpt lat="54.442658" lon="-3.160191">
        <ele>736.198660</ele>
        <time>2025-08-26T22:10:12.355Z</time>
      </trkpt>
      <trkpt lat="54.442722" lon="-3.160048">
        <ele>734.836769</ele>
        <time>2025-08-26T22:10:25.448Z</time>
      </trkpt>
      <trkpt lat="54.442881" lon="-3.159976">
        <ele>732.702825</ele>
        <time>2025-08-26T22:10:45.686Z</time>
      </trkpt>
      <trkpt lat="54.443017" lon="-3.160292">
        <ele>729.735774</ele>
        <time>2025-08-26T22:11:13.652Z</time>
      </trkpt>
      <trkpt lat="54.443143" lon="-3.160429">
        <ele>727.801012</ele>
        <time>2025-08-26T22:11:31.687Z</time>
      </trkpt>
      <trkpt lat="54.443247" lon="-3.160449">
        <ele>726.442825</ele>
        <time>2025-08-26T22:11:44.293Z</time>
      </trkpt>
      <trkpt lat="54.443293" lon="-3.160330">
        <ele>725.364384</ele>
        <time>2025-08-26T22:11:54.313Z</time>
      </trkpt>
      <trkpt lat="54.443351" lon="-3.160271">
        <ele>724.489786</ele>
        <time>2025-08-26T22:12:02.504Z</time>
      </trkpt>
      <trkpt lat="54.443409" lon="-3.160330">
        <ele>723.615189</ele>
        <time>2025-08-26T22:12:10.660Z</time>
      </trkpt>
      <trkpt lat="54.443596" lon="-3.160280">
        <ele>720.721898</ele>
        <time>2025-08-26T22:12:33.766Z</time>
      </trkpt>
      <trkpt lat="54.443793" lon="-3.160413">
        <ele>716.220281</ele>
        <time>2025-08-26T22:12:55.026Z</time>
      </trkpt>
      <trkpt lat="54.444045" lon="-3.160388">
        <ele>710.851226</ele>
        <time>2025-08-26T22:13:21.420Z</time>
      </trkpt>
      <trkpt lat="54.444083" lon="-3.160190">
        <ele>708.272289</ele>
        <time>2025-08-26T22:13:34.705Z</time>
      </trkpt>
      <trkpt lat="54.444117" lon="-3.159925">
        <ele>704.915754</ele>
        <time>2025-08-26T22:13:57.364Z</time>
      </trkpt>
      <trkpt lat="54.444274" lon="-3.159403">
        <ele>697.646813</ele>
        <time>2025-08-26T22:14:50.599Z</time>
      </trkpt>
      <trkpt lat="54.444260" lon="-3.159220">
        <ele>695.363849</ele>
        <time>2025-08-26T22:15:08.141Z</time>
      </trkpt>
      <trkpt lat="54.444343" lon="-3.158764">
        <ele>689.453908</ele>
        <time>2025-08-26T22:15:55.613Z</time>
      </trkpt>
      <trkpt lat="54.444374" lon="-3.158625">
        <ele>687.612562</ele>
        <time>2025-08-26T22:16:10.934Z</time>
      </trkpt>
      <trkpt lat="54.444464" lon="-3.158480">
        <ele>684.989371</ele>
        <time>2025-08-26T22:16:32.876Z</time>
      </trkpt>
      <trkpt lat="54.444572" lon="-3.158241">
        <ele>680.566780</ele>
        <time>2025-08-26T22:17:05.305Z</time>
      </trkpt>
      <trkpt lat="54.444840" lon="-3.157815">
        <ele>670.551972</ele>
        <time>2025-08-26T22:18:13.879Z</time>
      </trkpt>
      <trkpt lat="54.444819" lon="-3.157708">
        <ele>668.749938</ele>
        <time>2025-08-26T22:18:26.312Z</time>
      </trkpt>
      <trkpt lat="54.444918" lon="-3.157499">
        <ele>664.448422</ele>
        <time>2025-08-26T22:18:55.751Z</time>
      </trkpt>
      <trkpt lat="54.445062" lon="-3.157367">
        <ele>659.970485</ele>
        <time>2025-08-26T22:19:25.644Z</time>
      </trkpt>
      <trkpt lat="54.445143" lon="-3.157074">
        <ele>654.793613</ele>
        <time>2025-08-26T22:19:59.321Z</time>
      </trkpt>
      <trkpt lat="54.445227" lon="-3.156923">
        <ele>651.459065</ele>
        <time>2025-08-26T22:20:20.586Z</time>
      </trkpt>
      <trkpt lat="54.445269" lon="-3.156932">
        <ele>650.297596</ele>
        <time>2025-08-26T22:20:27.787Z</time>
      </trkpt>
      <trkpt lat="54.445361" lon="-3.156678">
        <ele>645.522556</ele>
        <time>2025-08-26T22:20:57.193Z</time>
      </trkpt>
      <trkpt lat="54.445433" lon="-3.156385">
        <ele>640.446855</ele>
        <time>2025-08-26T22:21:27.891Z</time>
      </trkpt>
      <trkpt lat="54.445439" lon="-3.156135">
        <ele>636.454254</ele>
        <time>2025-08-26T22:21:51.369Z</time>
      </trkpt>
      <trkpt lat="54.445488" lon="-3.155825">
        <ele>632.185503</ele>
        <time>2025-08-26T22:22:20.926Z</time>
      </trkpt>
      <trkpt lat="54.445571" lon="-3.155539">
        <ele>628.593389</ele>
        <time>2025-08-26T22:22:49.691Z</time>
      </trkpt>
      <trkpt lat="54.445598" lon="-3.155343">
        <ele>626.329788</ele>
        <time>2025-08-26T22:23:07.364Z</time>
      </trkpt>
      <trkpt lat="54.445585" lon="-3.154582">
        <ele>617.774035</ele>
        <time>2025-08-26T22:24:11.784Z</time>
      </trkpt>
      <trkpt lat="54.445629" lon="-3.154355">
        <ele>615.085025</ele>
        <time>2025-08-26T22:24:31.360Z</time>
      </trkpt>
      <trkpt lat="54.445647" lon="-3.153724">
        <ele>607.985373</ele>
        <time>2025-08-26T22:25:21.705Z</time>
      </trkpt>
      <trkpt lat="54.445629" lon="-3.153453">
        <ele>604.920094</ele>
        <time>2025-08-26T22:25:42.663Z</time>
      </trkpt>
      <trkpt lat="54.445647" lon="-3.153295">
        <ele>603.110745</ele>
        <time>2025-08-26T22:25:54.962Z</time>
      </trkpt>
      <trkpt lat="54.445644" lon="-3.152632">
        <ele>596.959607</ele>
        <time>2025-08-26T22:26:45.084Z</time>
      </trkpt>
      <trkpt lat="54.445609" lon="-3.152197">
        <ele>593.709983</ele>
        <time>2025-08-26T22:27:17.659Z</time>
      </trkpt>
      <trkpt lat="54.445555" lon="-3.151854">
        <ele>591.080432</ele>
        <time>2025-08-26T22:27:43.793Z</time>
      </trkpt>
      <trkpt lat="54.445343" lon="-3.151206">
        <ele>585.578407</ele>
        <time>2025-08-26T22:28:37.926Z</time>
      </trkpt>
      <trkpt lat="54.445113" lon="-3.149821">
        <ele>575.336142</ele>
        <time>2025-08-26T22:30:19.269Z</time>
      </trkpt>
      <trkpt lat="54.444905" lon="-3.149227">
        <ele>571.495130</ele>
        <time>2025-08-26T22:31:06.677Z</time>
      </trkpt>
      <trkpt lat="54.444466" lon="-3.147744">
        <ele>562.276783</ele>
        <time>2025-08-26T22:33:01.077Z</time>
      </trkpt>
      <trkpt lat="54.444370" lon="-3.147526">
        <ele>560.761945</ele>
        <time>2025-08-26T22:33:20.151Z</time>
      </trkpt>
      <trkpt lat="54.443606" lon="-3.146219">
        <ele>550.853139</ele>
        <time>2025-08-26T22:35:28.623Z</time>
      </trkpt>
      <trkpt lat="54.443598" lon="-3.146028">
        <ele>549.834698</ele>
        <time>2025-08-26T22:35:41.689Z</time>
      </trkpt>
      <trkpt lat="54.443498" lon="-3.145770">
        <ele>548.185682</ele>
        <time>2025-08-26T22:36:02.768Z</time>
      </trkpt>
      <trkpt lat="54.443472" lon="-3.145043">
        <ele>544.311906</ele>
        <time>2025-08-26T22:36:51.992Z</time>
      </trkpt>
      <trkpt lat="54.443495" lon="-3.144367">
        <ele>539.540768</ele>
        <time>2025-08-26T22:37:37.942Z</time>
      </trkpt>
      <trkpt lat="54.443551" lon="-3.144192">
        <ele>537.933565</ele>
        <time>2025-08-26T22:37:51.660Z</time>
      </trkpt>
      <trkpt lat="54.443499" lon="-3.143803">
        <ele>534.721965</ele>
        <time>2025-08-26T22:38:19.460Z</time>
      </trkpt>
      <trkpt lat="54.443426" lon="-3.143533">
        <ele>532.326155</ele>
        <time>2025-08-26T22:38:40.690Z</time>
      </trkpt>
      <trkpt lat="54.443010" lon="-3.142818">
        <ele>524.187939</ele>
        <time>2025-08-26T22:39:56.170Z</time>
      </trkpt>
      <trkpt lat="54.442756" lon="-3.142460">
        <ele>519.643735</ele>
        <time>2025-08-26T22:40:41.807Z</time>
      </trkpt>
      <trkpt lat="54.442705" lon="-3.142223">
        <ele>517.382065</ele>
        <time>2025-08-26T22:41:03.100Z</time>
      </trkpt>
      <trkpt lat="54.442733" lon="-3.142023">
        <ele>514.960797</ele>
        <time>2025-08-26T22:41:20.764Z</time>
      </trkpt>
      <trkpt lat="54.442525" lon="-3.141149">
        <ele>503.845619</ele>
        <time>2025-08-26T22:42:43.160Z</time>
      </trkpt>
      <trkpt lat="54.442525" lon="-3.140672">
        <ele>498.231280</ele>
        <time>2025-08-26T22:43:24.917Z</time>
      </trkpt>
      <trkpt lat="54.442409" lon="-3.140116">
        <ele>491.278663</ele>
        <time>2025-08-26T22:44:15.808Z</time>
      </trkpt>
      <trkpt lat="54.442456" lon="-3.139520">
        <ele>484.199458</ele>
        <time>2025-08-26T22:45:06.796Z</time>
      </trkpt>
      <trkpt lat="54.442410" lon="-3.138425">
        <ele>472.246243</ele>
        <time>2025-08-26T22:46:37.655Z</time>
      </trkpt>
      <trkpt lat="54.442425" lon="-3.137869">
        <ele>466.303960</ele>
        <time>2025-08-26T22:47:23.146Z</time>
      </trkpt>
      <trkpt lat="54.442381" lon="-3.137399">
        <ele>461.221596</ele>
        <time>2025-08-26T22:48:01.451Z</time>
      </trkpt>
      <trkpt lat="54.442318" lon="-3.137157">
        <ele>458.390905</ele>
        <time>2025-08-26T22:48:22.558Z</time>
      </trkpt>
      <trkpt lat="54.442333" lon="-3.136846">
        <ele>455.059237</ele>
        <time>2025-08-26T22:48:47.356Z</time>
      </trkpt>
      <trkpt lat="54.442309" lon="-3.136780">
        <ele>454.228193</ele>
        <time>2025-08-26T22:48:53.492Z</time>
      </trkpt>
      <trkpt lat="54.442334" lon="-3.136569">
        <ele>451.929254</ele>
        <time>2025-08-26T22:49:10.395Z</time>
      </trkpt>
      <trkpt lat="54.442253" lon="-3.136490">
        <ele>450.219657</ele>
        <time>2025-08-26T22:49:22.864Z</time>
      </trkpt>
      <trkpt lat="54.442207" lon="-3.136351">
        <ele>448.526936</ele>
        <time>2025-08-26T22:49:35.194Z</time>
      </trkpt>
      <trkpt lat="54.442184" lon="-3.136132">
        <ele>446.362657</ele>
        <time>2025-08-26T22:49:52.168Z</time>
      </trkpt>
      <trkpt lat="54.442115" lon="-3.136013">
        <ele>444.728364</ele>
        <time>2025-08-26T22:50:04.982Z</time>
      </trkpt>
      <trkpt lat="54.442027" lon="-3.135642">
        <ele>440.831696</ele>
        <time>2025-08-26T22:50:35.237Z</time>
      </trkpt>
      <trkpt lat="54.442092" lon="-3.135040">
        <ele>434.877030</ele>
        <time>2025-08-26T22:51:21.214Z</time>
      </trkpt>
      <trkpt lat="54.442238" lon="-3.134662">
        <ele>430.463904</ele>
        <time>2025-08-26T22:51:55.140Z</time>
      </trkpt>
      <trkpt lat="54.442256" lon="-3.134186">
        <ele>425.824926</ele>
        <time>2025-08-26T22:52:31.224Z</time>
      </trkpt>
      <trkpt lat="54.442333" lon="-3.133818">
        <ele>422.021431</ele>
        <time>2025-08-26T22:53:01.259Z</time>
      </trkpt>
      <trkpt lat="54.442362" lon="-3.133771">
        <ele>421.354994</ele>
        <time>2025-08-26T22:53:06.509Z</time>
      </trkpt>
      <trkpt lat="54.442382" lon="-3.133508">
        <ele>418.775494</ele>
        <time>2025-08-26T22:53:27.726Z</time>
      </trkpt>
      <trkpt lat="54.442361" lon="-3.133336">
        <ele>416.178119</ele>
        <time>2025-08-26T22:53:42.221Z</time>
      </trkpt>
      <trkpt lat="54.442473" lon="-3.133051">
        <ele>410.892716</ele>
        <time>2025-08-26T22:54:11.424Z</time>
      </trkpt>
      <trkpt lat="54.442600" lon="-3.132596">
        <ele>403.137724</ele>
        <time>2025-08-26T22:54:57.008Z</time>
      </trkpt>
      <trkpt lat="54.442614" lon="-3.132485">
        <ele>401.392491</ele>
        <time>2025-08-26T22:55:07.751Z</time>
      </trkpt>
      <trkpt lat="54.442596" lon="-3.132317">
        <ele>398.767626</ele>
        <time>2025-08-26T22:55:24.056Z</time>
      </trkpt>
      <trkpt lat="54.442690" lon="-3.132086">
        <ele>394.435456</ele>
        <time>2025-08-26T22:55:51.870Z</time>
      </trkpt>
      <trkpt lat="54.442669" lon="-3.132039">
        <ele>393.524718</ele>
        <time>2025-08-26T22:55:57.796Z</time>
      </trkpt>
      <trkpt lat="54.442673" lon="-3.131850">
        <ele>390.618708</ele>
        <time>2025-08-26T22:56:17.029Z</time>
      </trkpt>
      <trkpt lat="54.442752" lon="-3.131364">
        <ele>382.864800</ele>
        <time>2025-08-26T22:57:10.233Z</time>
      </trkpt>
      <trkpt lat="54.442757" lon="-3.130949">
        <ele>376.486746</ele>
        <time>2025-08-26T22:57:55.952Z</time>
      </trkpt>
      <trkpt lat="54.442782" lon="-3.130823">
        <ele>374.441100</ele>
        <time>2025-08-26T22:58:10.759Z</time>
      </trkpt>
      <trkpt lat="54.442866" lon="-3.130653">
        <ele>370.991974</ele>
        <time>2025-08-26T22:58:36.146Z</time>
      </trkpt>
      <trkpt lat="54.442874" lon="-3.130416">
        <ele>366.011644</ele>
        <time>2025-08-26T22:59:03.461Z</time>
      </trkpt>
      <trkpt lat="54.442740" lon="-3.129905">
        <ele>354.251922</ele>
        <time>2025-08-26T23:00:09.476Z</time>
      </trkpt>
      <trkpt lat="54.442657" lon="-3.129812">
        <ele>350.678069</ele>
        <time>2025-08-26T23:00:30.019Z</time>
      </trkpt>
      <trkpt lat="54.442659" lon="-3.129764">
        <ele>349.668503</ele>
        <time>2025-08-26T23:00:35.884Z</time>
      </trkpt>
      <trkpt lat="54.442599" lon="-3.129656">
        <ele>346.535006</ele>
        <time>2025-08-26T23:00:53.859Z</time>
      </trkpt>
      <trkpt lat="54.442590" lon="-3.129571">
        <ele>344.722483</ele>
        <time>2025-08-26T23:01:04.414Z</time>
      </trkpt>
      <trkpt lat="54.442522" lon="-3.129509">
        <ele>341.945822</ele>
        <time>2025-08-26T23:01:20.303Z</time>
      </trkpt>
      <trkpt lat="54.442460" lon="-3.129323">
        <ele>337.448141</ele>
        <time>2025-08-26T23:01:46.350Z</time>
      </trkpt>
      <trkpt lat="54.442322" lon="-3.129116">
        <ele>330.841780</ele>
        <time>2025-08-26T23:02:24.634Z</time>
      </trkpt>
      <trkpt lat="54.442293" lon="-3.128980">
        <ele>327.802866</ele>
        <time>2025-08-26T23:02:42.294Z</time>
      </trkpt>
      <trkpt lat="54.442278" lon="-3.128658">
        <ele>321.025976</ele>
        <time>2025-08-26T23:03:21.845Z</time>
      </trkpt>
      <trkpt lat="54.442198" lon="-3.128335">
        <ele>313.660728</ele>
        <time>2025-08-26T23:04:04.859Z</time>
      </trkpt>
      <trkpt lat="54.442229" lon="-3.128144">
        <ele>309.500584</ele>
        <time>2025-08-26T23:04:29.232Z</time>
      </trkpt>
      <trkpt lat="54.442196" lon="-3.128047">
        <ele>307.142955</ele>
        <time>2025-08-26T23:04:43.116Z</time>
      </trkpt>
      <trkpt lat="54.442030" lon="-3.127827">
        <ele>299.470668</ele>
        <time>2025-08-26T23:05:27.073Z</time>
      </trkpt>
      <trkpt lat="54.442047" lon="-3.127680">
        <ele>296.273237</ele>
        <time>2025-08-26T23:05:45.369Z</time>
      </trkpt>
      <trkpt lat="54.441990" lon="-3.127649">
        <ele>294.080086</ele>
        <time>2025-08-26T23:05:57.801Z</time>
      </trkpt>
      <trkpt lat="54.441944" lon="-3.127310">
        <ele>286.653752</ele>
        <time>2025-08-26T23:06:40.385Z</time>
      </trkpt>
      <trkpt lat="54.441894" lon="-3.127272">
        <ele>284.648329</ele>
        <time>2025-08-26T23:06:51.868Z</time>
      </trkpt>
      <trkpt lat="54.441778" lon="-3.127466">
        <ele>278.712151</ele>
        <time>2025-08-26T23:07:25.682Z</time>
      </trkpt>
      <trkpt lat="54.441730" lon="-3.127435">
        <ele>276.831160</ele>
        <time>2025-08-26T23:07:36.329Z</time>
      </trkpt>
      <trkpt lat="54.441667" lon="-3.127315">
        <ele>273.382201</ele>
        <time>2025-08-26T23:07:56.018Z</time>
      </trkpt>
      <trkpt lat="54.441602" lon="-3.126813">
        <ele>262.410435</ele>
        <time>2025-08-26T23:08:58.113Z</time>
      </trkpt>
      <trkpt lat="54.441659" lon="-3.126734">
        <ele>259.724734</ele>
        <time>2025-08-26T23:09:13.298Z</time>
      </trkpt>
      <trkpt lat="54.441652" lon="-3.126660">
        <ele>258.125293</ele>
        <time>2025-08-26T23:09:22.342Z</time>
      </trkpt>
      <trkpt lat="54.441602" lon="-3.126647">
        <ele>256.270179</ele>
        <time>2025-08-26T23:09:32.976Z</time>
      </trkpt>
      <trkpt lat="54.441630" lon="-3.126480">
        <ele>252.562331</ele>
        <time>2025-08-26T23:09:53.845Z</time>
      </trkpt>
      <trkpt lat="54.441599" lon="-3.126469">
        <ele>251.401126</ele>
        <time>2025-08-26T23:10:00.378Z</time>
      </trkpt>
      <trkpt lat="54.441609" lon="-3.125904">
        <ele>239.490328</ele>
        <time>2025-08-26T23:11:08.182Z</time>
      </trkpt>
      <trkpt lat="54.441588" lon="-3.125854">
        <ele>238.401981</ele>
        <time>2025-08-26T23:11:15.511Z</time>
      </trkpt>
      <trkpt lat="54.441572" lon="-3.125658">
        <ele>234.909465</ele>
        <time>2025-08-26T23:11:39.090Z</time>
      </trkpt>
      <trkpt lat="54.441551" lon="-3.124867">
        <ele>220.936974</ele>
        <time>2025-08-26T23:13:11.157Z</time>
      </trkpt>
      <trkpt lat="54.441571" lon="-3.124500">
        <ele>214.432533</ele>
        <time>2025-08-26T23:13:52.333Z</time>
      </trkpt>
      <trkpt lat="54.441503" lon="-3.123786">
        <ele>201.665469</ele>
        <time>2025-08-26T23:15:08.864Z</time>
      </trkpt>
      <trkpt lat="54.441554" lon="-3.123686">
        <ele>199.318412</ele>
        <time>2025-08-26T23:15:22.492Z</time>
      </trkpt>
      <trkpt lat="54.441493" lon="-3.123647">
        <ele>197.343641</ele>
        <time>2025-08-26T23:15:33.905Z</time>
      </trkpt>
      <trkpt lat="54.441464" lon="-3.123568">
        <ele>195.695102</ele>
        <time>2025-08-26T23:15:43.301Z</time>
      </trkpt>
      <trkpt lat="54.441430" lon="-3.123610">
        <ele>194.424802</ele>
        <time>2025-08-26T23:15:50.438Z</time>
      </trkpt>
      <trkpt lat="54.441418" lon="-3.123583">
        <ele>193.825147</ele>
        <time>2025-08-26T23:15:53.784Z</time>
      </trkpt>
      <trkpt lat="54.441420" lon="-3.123447">
        <ele>191.424521</ele>
        <time>2025-08-26T23:16:07.159Z</time>
      </trkpt>
      <trkpt lat="54.441376" lon="-3.123387">
        <ele>189.720541</ele>
        <time>2025-08-26T23:16:16.482Z</time>
      </trkpt>
      <trkpt lat="54.441364" lon="-3.123218">
        <ele>186.716212</ele>
        <time>2025-08-26T23:16:32.677Z</time>
      </trkpt>
      <trkpt lat="54.441435" lon="-3.122854">
        <ele>181.766937</ele>
        <time>2025-08-26T23:17:08.134Z</time>
      </trkpt>
      <trkpt lat="54.441445" lon="-3.122546">
        <ele>178.072755</ele>
        <time>2025-08-26T23:17:35.520Z</time>
      </trkpt>
      <trkpt lat="54.441297" lon="-3.122482">
        <ele>174.930124</ele>
        <time>2025-08-26T23:17:58.212Z</time>
      </trkpt>
      <trkpt lat="54.441193" lon="-3.122066">
        <ele>169.507477</ele>
        <time>2025-08-26T23:18:36.285Z</time>
      </trkpt>
      <trkpt lat="54.441175" lon="-3.121816">
        <ele>166.490737</ele>
        <time>2025-08-26T23:18:57.184Z</time>
      </trkpt>
      <trkpt lat="54.441200" lon="-3.121215">
        <ele>159.275060</ele>
        <time>2025-08-26T23:19:46.697Z</time>
      </trkpt>
      <trkpt lat="54.441121" lon="-3.121083">
        <ele>157.006708</ele>
        <time>2025-08-26T23:20:02.537Z</time>
      </trkpt>
      <trkpt lat="54.441102" lon="-3.120937">
        <ele>155.215035</ele>
        <time>2025-08-26T23:20:15.004Z</time>
      </trkpt>
      <trkpt lat="54.441011" lon="-3.120766">
        <ele>152.439202</ele>
        <time>2025-08-26T23:20:34.432Z</time>
      </trkpt>
      <trkpt lat="54.441013" lon="-3.120497">
        <ele>149.217510</ele>
        <time>2025-08-26T23:20:56.749Z</time>
      </trkpt>
      <trkpt lat="54.440980" lon="-3.120312">
        <ele>147.348619</ele>
        <time>2025-08-26T23:21:12.861Z</time>
      </trkpt>
      <trkpt lat="54.440995" lon="-3.120217">
        <ele>146.483892</ele>
        <time>2025-08-26T23:21:20.762Z</time>
      </trkpt>
      <trkpt lat="54.441041" lon="-3.120147">
        <ele>145.556035</ele>
        <time>2025-08-26T23:21:29.237Z</time>
      </trkpt>
      <trkpt lat="54.441079" lon="-3.119955">
        <ele>143.774440</ele>
        <time>2025-08-26T23:21:45.268Z</time>
      </trkpt>
      <trkpt lat="54.441066" lon="-3.119857">
        <ele>142.891461</ele>
        <time>2025-08-26T23:21:53.197Z</time>
      </trkpt>
      <trkpt lat="54.440853" lon="-3.119268">
        <ele>136.798669</ele>
        <time>2025-08-26T23:22:46.266Z</time>
      </trkpt>
      <trkpt lat="54.440826" lon="-3.118582">
        <ele>130.758786</ele>
        <time>2025-08-26T23:23:38.534Z</time>
      </trkpt>
      <trkpt lat="54.440956" lon="-3.118531">
        <ele>128.744638</ele>
        <time>2025-08-26T23:23:52.215Z</time>
      </trkpt>
      <trkpt lat="54.441175" lon="-3.118145">
        <ele>124.007492</ele>
        <time>2025-08-26T23:24:23.525Z</time>
      </trkpt>
      <trkpt lat="54.441327" lon="-3.117744">
        <ele>120.812700</ele>
        <time>2025-08-26T23:24:50.314Z</time>
      </trkpt>
      <trkpt lat="54.441363" lon="-3.117572">
        <ele>120.213420</ele>
        <time>2025-08-26T23:25:00.274Z</time>
      </trkpt>
      <trkpt lat="54.441432" lon="-3.117276">
        <ele>119.167982</ele>
        <time>2025-08-26T23:25:17.381Z</time>
      </trkpt>
      <trkpt lat="54.441547" lon="-3.117007">
        <ele>118.073464</ele>
        <time>2025-08-26T23:25:34.817Z</time>
      </trkpt>
      <trkpt lat="54.441490" lon="-3.116925">
        <ele>117.654517</ele>
        <time>2025-08-26T23:25:41.508Z</time>
      </trkpt>
      <trkpt lat="54.441376" lon="-3.116895">
        <ele>117.004378</ele>
        <time>2025-08-26T23:25:51.753Z</time>
      </trkpt>
      <trkpt lat="54.441341" lon="-3.116816">
        <ele>116.678795</ele>
        <time>2025-08-26T23:25:56.923Z</time>
      </trkpt>
      <trkpt lat="54.441331" lon="-3.116620">
        <ele>116.033776</ele>
        <time>2025-08-26T23:26:07.069Z</time>
      </trkpt>
      <trkpt lat="54.441397" lon="-3.116158">
        <ele>114.474164</ele>
        <time>2025-08-26T23:26:31.144Z</time>
      </trkpt>
      <trkpt lat="54.441395" lon="-3.115681">
        <ele>112.910368</ele>
        <time>2025-08-26T23:26:54.718Z</time>
      </trkpt>
      <trkpt lat="54.441282" lon="-3.114662">
        <ele>110.538418</ele>
        <time>2025-08-26T23:27:44.883Z</time>
      </trkpt>
      <trkpt lat="54.441234" lon="-3.114483">
        <ele>110.268921</ele>
        <time>2025-08-26T23:27:54.450Z</time>
      </trkpt>
      <trkpt lat="54.441159" lon="-3.114193">
        <ele>109.834988</ele>
        <time>2025-08-26T23:28:09.945Z</time>
      </trkpt>
      <trkpt lat="54.441020" lon="-3.113727">
        <ele>109.118942</ele>
        <time>2025-08-26T23:28:35.458Z</time>
      </trkpt>
      <trkpt lat="54.441008" lon="-3.113490">
        <ele>108.793684</ele>
        <time>2025-08-26T23:28:47.037Z</time>
      </trkpt>
      <trkpt lat="54.441203" lon="-3.112813">
        <ele>107.760763</ele>
        <time>2025-08-26T23:29:23.891Z</time>
      </trkpt>
      <trkpt lat="54.441448" lon="-3.112164">
        <ele>106.668999</ele>
        <time>2025-08-26T23:30:01.835Z</time>
      </trkpt>
      <trkpt lat="54.441661" lon="-3.111637">
        <ele>105.704859</ele>
        <time>2025-08-26T23:30:33.393Z</time>
      </trkpt>
      <trkpt lat="54.442021" lon="-3.111203">
        <ele>104.569087</ele>
        <time>2025-08-26T23:31:10.562Z</time>
      </trkpt>
      <trkpt lat="54.442358" lon="-3.110655">
        <ele>103.370910</ele>
        <time>2025-08-26T23:31:49.787Z</time>
      </trkpt>
      <trkpt lat="54.442633" lon="-3.109917">
        <ele>102.133676</ele>
        <time>2025-08-26T23:32:32.672Z</time>
      </trkpt>
      <trkpt lat="54.443090" lon="-3.109164">
        <ele>100.875289</ele>
        <time>2025-08-26T23:33:25.768Z</time>
      </trkpt>
      <trkpt lat="54.443245" lon="-3.108663">
        <ele>100.219169</ele>
        <time>2025-08-26T23:33:53.249Z</time>
      </trkpt>
      <trkpt lat="54.443354" lon="-3.108207">
        <ele>99.649153</ele>
        <time>2025-08-26T23:34:17.105Z</time>
      </trkpt>
      <trkpt lat="54.443439" lon="-3.107391">
        <ele>98.770883</ele>
        <time>2025-08-26T23:34:57.021Z</time>
      </trkpt>
      <trkpt lat="54.443735" lon="-3.106295">
        <ele>98.219094</ele>
        <time>2025-08-26T23:35:54.592Z</time>
      </trkpt>
      <trkpt lat="54.443979" lon="-3.105196">
        <ele>97.681946</ele>
        <time>2025-08-26T23:36:50.033Z</time>
      </trkpt>
      <trkpt lat="54.444072" lon="-3.104354">
        <ele>97.521507</ele>
        <time>2025-08-26T23:37:29.983Z</time>
      </trkpt>
      <trkpt lat="54.444035" lon="-3.103916">
        <ele>97.707420</ele>
        <time>2025-08-26T23:37:50.607Z</time>
      </trkpt>
      <trkpt lat="54.444003" lon="-3.103823">
        <ele>97.752812</ele>
        <time>2025-08-26T23:37:55.678Z</time>
      </trkpt>
      <trkpt lat="54.444060" lon="-3.103882">
        <ele>97.800869</ele>
        <time>2025-08-26T23:38:01.079Z</time>
      </trkpt>
      <trkpt lat="54.444232" lon="-3.103931">
        <ele>97.926808</ele>
        <time>2025-08-26T23:38:15.104Z</time>
      </trkpt>
      <trkpt lat="54.444341" lon="-3.103954">
        <ele>98.006136</ele>
        <time>2025-08-26T23:38:24.002Z</time>
      </trkpt>
      <trkpt lat="54.444458" lon="-3.103838">
        <ele>98.103692</ele>
        <time>2025-08-26T23:38:35.017Z</time>
      </trkpt>
      <trkpt lat="54.444614" lon="-3.103418">
        <ele>98.313030</ele>
        <time>2025-08-26T23:38:59.159Z</time>
      </trkpt>
      <trkpt lat="54.444637" lon="-3.103184">
        <ele>98.412714</ele>
        <time>2025-08-26T23:39:11.024Z</time>
      </trkpt>
      <trkpt lat="54.444669" lon="-3.103299">
        <ele>98.466265</ele>
        <time>2025-08-26T23:39:17.454Z</time>
      </trkpt>
      <trkpt lat="54.444833" lon="-3.103175">
        <ele>98.595677</ele>
        <time>2025-08-26T23:39:32.741Z</time>
      </trkpt>
      <trkpt lat="54.444965" lon="-3.103220">
        <ele>98.692884</ele>
        <time>2025-08-26T23:39:44.168Z</time>
      </trkpt>
      <trkpt lat="54.445045" lon="-3.103407">
        <ele>98.710139</ele>
        <time>2025-08-26T23:39:55.400Z</time>
      </trkpt>
      <trkpt lat="54.445153" lon="-3.103534">
        <ele>98.710139</ele>
        <time>2025-08-26T23:40:06.221Z</time>
      </trkpt>
      <trkpt lat="54.445417" lon="-3.103568">
        <ele>98.710139</ele>
        <time>2025-08-26T23:40:28.197Z</time>
      </trkpt>
      <trkpt lat="54.445518" lon="-3.103829">
        <ele>98.710139</ele>
        <time>2025-08-26T23:40:43.541Z</time>
      </trkpt>
      <trkpt lat="54.445547" lon="-3.103694">
        <ele>98.710139</ele>
        <time>2025-08-26T23:40:50.509Z</time>
      </trkpt>
      <trkpt lat="54.445571" lon="-3.103573">
        <ele>98.710139</ele>
        <time>2025-08-26T23:40:56.790Z</time>
      </trkpt>
      <trkpt lat="54.445532" lon="-3.102989">
        <ele>98.710139</ele>
        <time>2025-08-26T23:41:25.275Z</time>
      </trkpt>
      <trkpt lat="54.445538" lon="-3.102863">
        <ele>98.710139</ele>
        <time>2025-08-26T23:41:31.356Z</time>
      </trkpt>
    </trkseg>
  </trk>
</gpx>