<?xml version="1.0" encoding="UTF-8"?>
<gpx creator="Komoot Extension" version="1.1"
  xsi:schemaLocation="http://www.topografix.com/GPX/1/1 http://www.topografix.com/GPX/11.xsd"
  xmlns:ns3="http://www.garmin.com/xmlschemas/TrackPointExtension/v1"
  xmlns="http://www.topografix.com/GPX/1/1"
  xmlns:xsi="http://www.w3.org/2001/XMLSchema-instance" xmlns:ns2="http://www.garmin.com/xmlschemas/GpxExtensions/v3">
  <trk>
    <name>2529798761 - Day 1 - Scafell Pike and Fat Man's Agony </name>
    <type>cycling</type>
    <trkseg>
    <trkpt lat="54.445538" lon="-3.102863">
        <ele>101.3</ele>
      </trkpt><trkpt lat="54.445532" lon="-3.102989">
        <ele>101.5</ele>
      </trkpt><trkpt lat="54.445571" lon="-3.103573">
        <ele>102.3</ele>
      </trkpt><trkpt lat="54.445547" lon="-3.103694">
        <ele>102.5</ele>
      </trkpt><trkpt lat="54.445518" lon="-3.103829">
        <ele>102.7</ele>
      </trkpt><trkpt lat="54.445509" lon="-3.104333">
        <ele>103.7</ele>
      </trkpt><trkpt lat="54.445486" lon="-3.104699">
        <ele>104.5</ele>
      </trkpt><trkpt lat="54.445498" lon="-3.104919">
        <ele>105</ele>
      </trkpt><trkpt lat="54.44544" lon="-3.105483">
        <ele>106.2</ele>
      </trkpt><trkpt lat="54.445464" lon="-3.105825">
        <ele>106.9</ele>
      </trkpt><trkpt lat="54.445416" lon="-3.106384">
        <ele>107.9</ele>
      </trkpt><trkpt lat="54.445425" lon="-3.107324">
        <ele>109.2</ele>
      </trkpt><trkpt lat="54.445364" lon="-3.107746">
        <ele>109.6</ele>
      </trkpt><trkpt lat="54.445352" lon="-3.108026">
        <ele>109.8</ele>
      </trkpt><trkpt lat="54.445349" lon="-3.109153">
        <ele>110</ele>
      </trkpt><trkpt lat="54.445273" lon="-3.109986">
        <ele>110</ele>
      </trkpt><trkpt lat="54.445226" lon="-3.110269">
        <ele>110</ele>
      </trkpt><trkpt lat="54.445189" lon="-3.111383">
        <ele>110</ele>
      </trkpt><trkpt lat="54.445282" lon="-3.112058">
        <ele>110.2</ele>
      </trkpt><trkpt lat="54.445275" lon="-3.112277">
        <ele>110.3</ele>
      </trkpt><trkpt lat="54.44531" lon="-3.11305">
        <ele>110.8</ele>
      </trkpt><trkpt lat="54.445349" lon="-3.113376">
        <ele>111.1</ele>
      </trkpt><trkpt lat="54.445391" lon="-3.115127">
        <ele>112.4</ele>
      </trkpt><trkpt lat="54.44546" lon="-3.115694">
        <ele>112.8</ele>
      </trkpt><trkpt lat="54.445493" lon="-3.116286">
        <ele>113.4</ele>
      </trkpt><trkpt lat="54.445493" lon="-3.116286">
        <ele>113.4</ele>
      </trkpt><trkpt lat="54.44542" lon="-3.116708">
        <ele>113.9</ele>
      </trkpt><trkpt lat="54.445442" lon="-3.116921">
        <ele>114.2</ele>
      </trkpt><trkpt lat="54.445431" lon="-3.117096">
        <ele>114.4</ele>
      </trkpt><trkpt lat="54.446008" lon="-3.118564">
        <ele>116.6</ele>
      </trkpt><trkpt lat="54.446113" lon="-3.119408">
        <ele>117.7</ele>
      </trkpt><trkpt lat="54.44618" lon="-3.119732">
        <ele>118.1</ele>
      </trkpt><trkpt lat="54.44639" lon="-3.120284">
        <ele>118.7</ele>
      </trkpt><trkpt lat="54.446504" lon="-3.120481">
        <ele>119</ele>
      </trkpt><trkpt lat="54.446651" lon="-3.120891">
        <ele>119.5</ele>
      </trkpt><trkpt lat="54.446784" lon="-3.121046">
        <ele>119.7</ele>
      </trkpt><trkpt lat="54.447075" lon="-3.121533">
        <ele>120.5</ele>
      </trkpt><trkpt lat="54.447342" lon="-3.122135">
        <ele>121.3</ele>
      </trkpt><trkpt lat="54.447461" lon="-3.122443">
        <ele>121.7</ele>
      </trkpt><trkpt lat="54.447525" lon="-3.122797">
        <ele>122.1</ele>
      </trkpt><trkpt lat="54.447607" lon="-3.12295">
        <ele>122.3</ele>
      </trkpt><trkpt lat="54.447735" lon="-3.123292">
        <ele>122.6</ele>
      </trkpt><trkpt lat="54.447896" lon="-3.124071">
        <ele>123.2</ele>
      </trkpt><trkpt lat="54.448029" lon="-3.12474">
        <ele>123.6</ele>
      </trkpt><trkpt lat="54.448107" lon="-3.124978">
        <ele>123.7</ele>
      </trkpt><trkpt lat="54.44814" lon="-3.125232">
        <ele>123.8</ele>
      </trkpt><trkpt lat="54.448221" lon="-3.125506">
        <ele>123.9</ele>
      </trkpt><trkpt lat="54.448465" lon="-3.125938">
        <ele>124.1</ele>
      </trkpt><trkpt lat="54.448488" lon="-3.126154">
        <ele>124.2</ele>
      </trkpt><trkpt lat="54.448476" lon="-3.126313">
        <ele>124.2</ele>
      </trkpt><trkpt lat="54.448761" lon="-3.126817">
        <ele>124.3</ele>
      </trkpt><trkpt lat="54.448974" lon="-3.127053">
        <ele>124.3</ele>
      </trkpt><trkpt lat="54.449084" lon="-3.127259">
        <ele>124.4</ele>
      </trkpt><trkpt lat="54.449222" lon="-3.127411">
        <ele>124.4</ele>
      </trkpt><trkpt lat="54.449397" lon="-3.127855">
        <ele>124.6</ele>
      </trkpt><trkpt lat="54.449977" lon="-3.129024">
        <ele>125.6</ele>
      </trkpt><trkpt lat="54.450419" lon="-3.130019">
        <ele>127.2</ele>
      </trkpt><trkpt lat="54.450709" lon="-3.130549">
        <ele>128.3</ele>
      </trkpt><trkpt lat="54.450905" lon="-3.1308">
        <ele>129</ele>
      </trkpt><trkpt lat="54.451325" lon="-3.131579">
        <ele>130.9</ele>
      </trkpt><trkpt lat="54.451421" lon="-3.13172">
        <ele>131.3</ele>
      </trkpt><trkpt lat="54.451562" lon="-3.131818">
        <ele>131.8</ele>
      </trkpt><trkpt lat="54.451787" lon="-3.132316">
        <ele>133.1</ele>
      </trkpt><trkpt lat="54.452118" lon="-3.132685">
        <ele>134.6</ele>
      </trkpt><trkpt lat="54.452331" lon="-3.133002">
        <ele>135.8</ele>
      </trkpt><trkpt lat="54.452515" lon="-3.133307">
        <ele>136.9</ele>
      </trkpt><trkpt lat="54.452781" lon="-3.133843">
        <ele>138.8</ele>
      </trkpt><trkpt lat="54.453118" lon="-3.134194">
        <ele>140.6</ele>
      </trkpt><trkpt lat="54.453233" lon="-3.134237">
        <ele>141.1</ele>
      </trkpt><trkpt lat="54.453301" lon="-3.134387">
        <ele>141.7</ele>
      </trkpt><trkpt lat="54.453449" lon="-3.134552">
        <ele>142.5</ele>
      </trkpt><trkpt lat="54.453495" lon="-3.134678">
        <ele>142.9</ele>
      </trkpt><trkpt lat="54.453708" lon="-3.135032">
        <ele>144.2</ele>
      </trkpt><trkpt lat="54.453975" lon="-3.135409">
        <ele>145.7</ele>
      </trkpt><trkpt lat="54.454115" lon="-3.135676">
        <ele>146.5</ele>
      </trkpt><trkpt lat="54.454515" lon="-3.136305">
        <ele>148.5</ele>
      </trkpt><trkpt lat="54.454663" lon="-3.136595">
        <ele>149.4</ele>
      </trkpt><trkpt lat="54.454801" lon="-3.13697">
        <ele>150.3</ele>
      </trkpt><trkpt lat="54.455026" lon="-3.137709">
        <ele>152.2</ele>
      </trkpt><trkpt lat="54.455117" lon="-3.138107">
        <ele>153.2</ele>
      </trkpt><trkpt lat="54.455201" lon="-3.138262">
        <ele>153.8</ele>
      </trkpt><trkpt lat="54.455357" lon="-3.138396">
        <ele>154.5</ele>
      </trkpt><trkpt lat="54.455794" lon="-3.139283">
        <ele>158</ele>
      </trkpt><trkpt lat="54.455987" lon="-3.139542">
        <ele>159.4</ele>
      </trkpt><trkpt lat="54.456034" lon="-3.139652">
        <ele>159.8</ele>
      </trkpt><trkpt lat="54.456103" lon="-3.140136">
        <ele>161.4</ele>
      </trkpt><trkpt lat="54.456222" lon="-3.140443">
        <ele>162.7</ele>
      </trkpt><trkpt lat="54.456266" lon="-3.140511">
        <ele>163.1</ele>
      </trkpt><trkpt lat="54.456391" lon="-3.140603">
        <ele>164</ele>
      </trkpt><trkpt lat="54.456391" lon="-3.140716">
        <ele>164.4</ele>
      </trkpt><trkpt lat="54.456374" lon="-3.140806">
        <ele>164.8</ele>
      </trkpt><trkpt lat="54.456303" lon="-3.141123">
        <ele>166.3</ele>
      </trkpt><trkpt lat="54.45625" lon="-3.141543">
        <ele>168.4</ele>
      </trkpt><trkpt lat="54.456259" lon="-3.141715">
        <ele>169.2</ele>
      </trkpt><trkpt lat="54.456121" lon="-3.14197">
        <ele>171.1</ele>
      </trkpt><trkpt lat="54.45618" lon="-3.142292">
        <ele>173.1</ele>
      </trkpt><trkpt lat="54.456251" lon="-3.14241">
        <ele>174.2</ele>
      </trkpt><trkpt lat="54.456263" lon="-3.142689">
        <ele>176.1</ele>
      </trkpt><trkpt lat="54.456249" lon="-3.142896">
        <ele>177.6</ele>
      </trkpt><trkpt lat="54.4562" lon="-3.143024">
        <ele>178.8</ele>
      </trkpt><trkpt lat="54.456181" lon="-3.143308">
        <ele>181</ele>
      </trkpt><trkpt lat="54.456126" lon="-3.14341">
        <ele>182.2</ele>
      </trkpt><trkpt lat="54.456078" lon="-3.14365">
        <ele>184.3</ele>
      </trkpt><trkpt lat="54.456099" lon="-3.14398">
        <ele>187.1</ele>
      </trkpt><trkpt lat="54.456144" lon="-3.144191">
        <ele>189.1</ele>
      </trkpt><trkpt lat="54.456148" lon="-3.144325">
        <ele>190.3</ele>
      </trkpt><trkpt lat="54.456075" lon="-3.1445">
        <ele>192.2</ele>
      </trkpt><trkpt lat="54.455973" lon="-3.144927">
        <ele>196.4</ele>
      </trkpt><trkpt lat="54.455822" lon="-3.145223">
        <ele>200.3</ele>
      </trkpt><trkpt lat="54.455739" lon="-3.145484">
        <ele>203.2</ele>
      </trkpt><trkpt lat="54.455636" lon="-3.145648">
        <ele>205.8</ele>
      </trkpt><trkpt lat="54.455548" lon="-3.145899">
        <ele>208.9</ele>
      </trkpt><trkpt lat="54.455497" lon="-3.146138">
        <ele>211.8</ele>
      </trkpt><trkpt lat="54.455377" lon="-3.146319">
        <ele>215</ele>
      </trkpt><trkpt lat="54.455175" lon="-3.147142">
        <ele>226.9</ele>
      </trkpt><trkpt lat="54.455189" lon="-3.147261">
        <ele>228.6</ele>
      </trkpt><trkpt lat="54.455162" lon="-3.147413">
        <ele>231</ele>
      </trkpt><trkpt lat="54.455022" lon="-3.147565">
        <ele>235.4</ele>
      </trkpt><trkpt lat="54.454937" lon="-3.147777">
        <ele>239.4</ele>
      </trkpt><trkpt lat="54.454925" lon="-3.148043">
        <ele>243.7</ele>
      </trkpt><trkpt lat="54.454947" lon="-3.148132">
        <ele>245.3</ele>
      </trkpt><trkpt lat="54.454923" lon="-3.148414">
        <ele>249.9</ele>
      </trkpt><trkpt lat="54.454943" lon="-3.148497">
        <ele>251.3</ele>
      </trkpt><trkpt lat="54.454942" lon="-3.148815">
        <ele>256.5</ele>
      </trkpt><trkpt lat="54.454912" lon="-3.14896">
        <ele>259</ele>
      </trkpt><trkpt lat="54.454842" lon="-3.149087">
        <ele>261.8</ele>
      </trkpt><trkpt lat="54.454829" lon="-3.149741">
        <ele>272</ele>
      </trkpt><trkpt lat="54.454783" lon="-3.150306">
        <ele>280.6</ele>
      </trkpt><trkpt lat="54.454819" lon="-3.150648">
        <ele>285.6</ele>
      </trkpt><trkpt lat="54.45473" lon="-3.151077">
        <ele>292.1</ele>
      </trkpt><trkpt lat="54.454733" lon="-3.151402">
        <ele>296.6</ele>
      </trkpt><trkpt lat="54.454693" lon="-3.151766">
        <ele>301.8</ele>
      </trkpt><trkpt lat="54.454738" lon="-3.152145">
        <ele>307.3</ele>
      </trkpt><trkpt lat="54.454655" lon="-3.152304">
        <ele>310.4</ele>
      </trkpt><trkpt lat="54.454668" lon="-3.152646">
        <ele>315.4</ele>
      </trkpt><trkpt lat="54.454611" lon="-3.153049">
        <ele>321.7</ele>
      </trkpt><trkpt lat="54.45465" lon="-3.153167">
        <ele>323.9</ele>
      </trkpt><trkpt lat="54.454735" lon="-3.153172">
        <ele>326.3</ele>
      </trkpt><trkpt lat="54.454747" lon="-3.153406">
        <ele>330.1</ele>
      </trkpt><trkpt lat="54.454857" lon="-3.153493">
        <ele>333.7</ele>
      </trkpt><trkpt lat="54.45495" lon="-3.153494">
        <ele>336.3</ele>
      </trkpt><trkpt lat="54.455035" lon="-3.153651">
        <ele>340</ele>
      </trkpt><trkpt lat="54.455082" lon="-3.153972">
        <ele>345.6</ele>
      </trkpt><trkpt lat="54.455071" lon="-3.154221">
        <ele>350</ele>
      </trkpt><trkpt lat="54.454983" lon="-3.154562">
        <ele>356.5</ele>
      </trkpt><trkpt lat="54.455005" lon="-3.154819">
        <ele>361</ele>
      </trkpt><trkpt lat="54.454951" lon="-3.155066">
        <ele>365.5</ele>
      </trkpt><trkpt lat="54.454891" lon="-3.155223">
        <ele>368.7</ele>
      </trkpt><trkpt lat="54.454901" lon="-3.155303">
        <ele>370.1</ele>
      </trkpt><trkpt lat="54.454875" lon="-3.155463">
        <ele>372.8</ele>
      </trkpt><trkpt lat="54.454834" lon="-3.155543">
        <ele>374.6</ele>
      </trkpt><trkpt lat="54.454787" lon="-3.155569">
        <ele>376</ele>
      </trkpt><trkpt lat="54.454773" lon="-3.155692">
        <ele>378.1</ele>
      </trkpt><trkpt lat="54.454592" lon="-3.156001">
        <ele>385.3</ele>
      </trkpt><trkpt lat="54.454576" lon="-3.156154">
        <ele>387.8</ele>
      </trkpt><trkpt lat="54.454622" lon="-3.156208">
        <ele>389.3</ele>
      </trkpt><trkpt lat="54.454759" lon="-3.156148">
        <ele>393.1</ele>
      </trkpt><trkpt lat="54.45481" lon="-3.156187">
        <ele>394.5</ele>
      </trkpt><trkpt lat="54.454943" lon="-3.156184">
        <ele>397.8</ele>
      </trkpt><trkpt lat="54.455036" lon="-3.156098">
        <ele>400.5</ele>
      </trkpt><trkpt lat="54.4551" lon="-3.156149">
        <ele>402.2</ele>
      </trkpt><trkpt lat="54.455187" lon="-3.156135">
        <ele>404.4</ele>
      </trkpt><trkpt lat="54.45535" lon="-3.156192">
        <ele>408.5</ele>
      </trkpt><trkpt lat="54.455418" lon="-3.156157">
        <ele>410.2</ele>
      </trkpt><trkpt lat="54.455532" lon="-3.156258">
        <ele>413.4</ele>
      </trkpt><trkpt lat="54.455515" lon="-3.156441">
        <ele>416</ele>
      </trkpt><trkpt lat="54.455451" lon="-3.156608">
        <ele>418.8</ele>
      </trkpt><trkpt lat="54.455249" lon="-3.15675">
        <ele>424.1</ele>
      </trkpt><trkpt lat="54.455196" lon="-3.156906">
        <ele>426.7</ele>
      </trkpt><trkpt lat="54.455084" lon="-3.157019">
        <ele>429.9</ele>
      </trkpt><trkpt lat="54.454935" lon="-3.157526">
        <ele>437.8</ele>
      </trkpt><trkpt lat="54.454874" lon="-3.157829">
        <ele>442.2</ele>
      </trkpt><trkpt lat="54.454819" lon="-3.157969">
        <ele>444.5</ele>
      </trkpt><trkpt lat="54.454688" lon="-3.158171">
        <ele>448.7</ele>
      </trkpt><trkpt lat="54.454604" lon="-3.158234">
        <ele>450.9</ele>
      </trkpt><trkpt lat="54.454352" lon="-3.158234">
        <ele>457.1</ele>
      </trkpt><trkpt lat="54.454217" lon="-3.158185">
        <ele>460.5</ele>
      </trkpt><trkpt lat="54.453979" lon="-3.158223">
        <ele>466.1</ele>
      </trkpt><trkpt lat="54.453957" lon="-3.158244">
        <ele>466.7</ele>
      </trkpt><trkpt lat="54.453898" lon="-3.158304">
        <ele>468.4</ele>
      </trkpt><trkpt lat="54.453883" lon="-3.158405">
        <ele>469.8</ele>
      </trkpt><trkpt lat="54.453675" lon="-3.158611">
        <ele>475.4</ele>
      </trkpt><trkpt lat="54.453611" lon="-3.158612">
        <ele>476.9</ele>
      </trkpt><trkpt lat="54.453549" lon="-3.158707">
        <ele>478.8</ele>
      </trkpt><trkpt lat="54.453565" lon="-3.158781">
        <ele>479.8</ele>
      </trkpt><trkpt lat="54.453659" lon="-3.158858">
        <ele>482.2</ele>
      </trkpt><trkpt lat="54.453714" lon="-3.15896">
        <ele>483.9</ele>
      </trkpt><trkpt lat="54.453841" lon="-3.159032">
        <ele>486.8</ele>
      </trkpt><trkpt lat="54.453918" lon="-3.159115">
        <ele>488.8</ele>
      </trkpt><trkpt lat="54.453951" lon="-3.159198">
        <ele>490</ele>
      </trkpt><trkpt lat="54.454131" lon="-3.159309">
        <ele>494.3</ele>
      </trkpt><trkpt lat="54.45424" lon="-3.159285">
        <ele>496.8</ele>
      </trkpt><trkpt lat="54.454426" lon="-3.159347">
        <ele>501.2</ele>
      </trkpt><trkpt lat="54.45453" lon="-3.159451">
        <ele>503.9</ele>
      </trkpt><trkpt lat="54.454583" lon="-3.159459">
        <ele>505.2</ele>
      </trkpt><trkpt lat="54.454686" lon="-3.15964">
        <ele>508.6</ele>
      </trkpt><trkpt lat="54.454776" lon="-3.159709">
        <ele>510.9</ele>
      </trkpt><trkpt lat="54.45493" lon="-3.15976">
        <ele>514.6</ele>
      </trkpt><trkpt lat="54.454977" lon="-3.15974">
        <ele>515.8</ele>
      </trkpt><trkpt lat="54.455056" lon="-3.159564">
        <ele>519</ele>
      </trkpt><trkpt lat="54.455113" lon="-3.159543">
        <ele>520.4</ele>
      </trkpt><trkpt lat="54.455141" lon="-3.159495">
        <ele>521.4</ele>
      </trkpt><trkpt lat="54.455205" lon="-3.159496">
        <ele>523</ele>
      </trkpt><trkpt lat="54.455289" lon="-3.159605">
        <ele>525.6</ele>
      </trkpt><trkpt lat="54.455274" lon="-3.159681">
        <ele>526.7</ele>
      </trkpt><trkpt lat="54.455298" lon="-3.159787">
        <ele>528.4</ele>
      </trkpt><trkpt lat="54.455276" lon="-3.160011">
        <ele>531.7</ele>
      </trkpt><trkpt lat="54.45537" lon="-3.159997">
        <ele>534</ele>
      </trkpt><trkpt lat="54.455378" lon="-3.160068">
        <ele>535.1</ele>
      </trkpt><trkpt lat="54.455559" lon="-3.160126">
        <ele>539.9</ele>
      </trkpt><trkpt lat="54.455626" lon="-3.160059">
        <ele>541.9</ele>
      </trkpt><trkpt lat="54.455738" lon="-3.160059">
        <ele>544.8</ele>
      </trkpt><trkpt lat="54.455783" lon="-3.160162">
        <ele>546.7</ele>
      </trkpt><trkpt lat="54.455852" lon="-3.160191">
        <ele>548.5</ele>
      </trkpt><trkpt lat="54.455888" lon="-3.160249">
        <ele>549.8</ele>
      </trkpt><trkpt lat="54.455975" lon="-3.160283">
        <ele>552</ele>
      </trkpt><trkpt lat="54.456067" lon="-3.160373">
        <ele>554.7</ele>
      </trkpt><trkpt lat="54.456213" lon="-3.160418">
        <ele>558.4</ele>
      </trkpt><trkpt lat="54.456353" lon="-3.160534">
        <ele>562.1</ele>
      </trkpt><trkpt lat="54.456574" lon="-3.160823">
        <ele>568.4</ele>
      </trkpt><trkpt lat="54.456702" lon="-3.16094">
        <ele>571.6</ele>
      </trkpt><trkpt lat="54.456768" lon="-3.161077">
        <ele>573.7</ele>
      </trkpt><trkpt lat="54.456829" lon="-3.161138">
        <ele>575.2</ele>
      </trkpt><trkpt lat="54.456857" lon="-3.161228">
        <ele>576.4</ele>
      </trkpt><trkpt lat="54.456896" lon="-3.161231">
        <ele>577.2</ele>
      </trkpt><trkpt lat="54.456996" lon="-3.16149">
        <ele>580.7</ele>
      </trkpt><trkpt lat="54.457125" lon="-3.161677">
        <ele>584</ele>
      </trkpt><trkpt lat="54.457267" lon="-3.162189">
        <ele>590.1</ele>
      </trkpt><trkpt lat="54.457426" lon="-3.162375">
        <ele>593</ele>
      </trkpt><trkpt lat="54.457537" lon="-3.162701">
        <ele>595.5</ele>
      </trkpt><trkpt lat="54.457591" lon="-3.162743">
        <ele>596</ele>
      </trkpt><trkpt lat="54.457639" lon="-3.162964">
        <ele>597</ele>
      </trkpt><trkpt lat="54.457704" lon="-3.163064">
        <ele>597.4</ele>
      </trkpt><trkpt lat="54.457747" lon="-3.163211">
        <ele>597.8</ele>
      </trkpt><trkpt lat="54.457786" lon="-3.163306">
        <ele>597.9</ele>
      </trkpt><trkpt lat="54.457834" lon="-3.163332">
        <ele>598</ele>
      </trkpt><trkpt lat="54.457929" lon="-3.163533">
        <ele>598</ele>
      </trkpt><trkpt lat="54.458084" lon="-3.163721">
        <ele>597.4</ele>
      </trkpt><trkpt lat="54.458177" lon="-3.163859">
        <ele>596.8</ele>
      </trkpt><trkpt lat="54.458183" lon="-3.163995">
        <ele>596.2</ele>
      </trkpt><trkpt lat="54.458293" lon="-3.164087">
        <ele>595.1</ele>
      </trkpt><trkpt lat="54.458368" lon="-3.164204">
        <ele>594.1</ele>
      </trkpt><trkpt lat="54.458547" lon="-3.164254">
        <ele>591.6</ele>
      </trkpt><trkpt lat="54.458614" lon="-3.164306">
        <ele>590.4</ele>
      </trkpt><trkpt lat="54.458823" lon="-3.164323">
        <ele>586.6</ele>
      </trkpt><trkpt lat="54.458872" lon="-3.164327">
        <ele>585.7</ele>
      </trkpt><trkpt lat="54.459027" lon="-3.164381">
        <ele>582.7</ele>
      </trkpt><trkpt lat="54.459113" lon="-3.16433">
        <ele>580.9</ele>
      </trkpt><trkpt lat="54.459182" lon="-3.164359">
        <ele>579.6</ele>
      </trkpt><trkpt lat="54.459371" lon="-3.164585">
        <ele>575.7</ele>
      </trkpt><trkpt lat="54.459405" lon="-3.164766">
        <ele>574.1</ele>
      </trkpt><trkpt lat="54.459503" lon="-3.16504">
        <ele>571.6</ele>
      </trkpt><trkpt lat="54.459597" lon="-3.165297">
        <ele>569.7</ele>
      </trkpt><trkpt lat="54.459695" lon="-3.165431">
        <ele>568.7</ele>
      </trkpt><trkpt lat="54.459718" lon="-3.165513">
        <ele>568.4</ele>
      </trkpt><trkpt lat="54.459764" lon="-3.165813">
        <ele>567.6</ele>
      </trkpt><trkpt lat="54.459836" lon="-3.165853">
        <ele>567.4</ele>
      </trkpt><trkpt lat="54.459846" lon="-3.16591">
        <ele>567.4</ele>
      </trkpt><trkpt lat="54.459827" lon="-3.166019">
        <ele>567.4</ele>
      </trkpt><trkpt lat="54.460063" lon="-3.166341">
        <ele>568.7</ele>
      </trkpt><trkpt lat="54.46021" lon="-3.166867">
        <ele>572.7</ele>
      </trkpt><trkpt lat="54.460355" lon="-3.167566">
        <ele>580.5</ele>
      </trkpt><trkpt lat="54.460429" lon="-3.167781">
        <ele>583.8</ele>
      </trkpt><trkpt lat="54.460499" lon="-3.16788">
        <ele>585.9</ele>
      </trkpt><trkpt lat="54.460591" lon="-3.168551">
        <ele>595.8</ele>
      </trkpt><trkpt lat="54.460688" lon="-3.168901">
        <ele>601.5</ele>
      </trkpt><trkpt lat="54.461017" lon="-3.16954">
        <ele>613.5</ele>
      </trkpt><trkpt lat="54.461079" lon="-3.169848">
        <ele>617.8</ele>
      </trkpt><trkpt lat="54.461149" lon="-3.170872">
        <ele>629.4</ele>
      </trkpt><trkpt lat="54.461206" lon="-3.171148">
        <ele>632</ele>
      </trkpt><trkpt lat="54.461359" lon="-3.171506">
        <ele>635.3</ele>
      </trkpt><trkpt lat="54.46147" lon="-3.171636">
        <ele>636.7</ele>
      </trkpt><trkpt lat="54.461678" lon="-3.171741">
        <ele>638.5</ele>
      </trkpt><trkpt lat="54.461735" lon="-3.171825">
        <ele>639</ele>
      </trkpt><trkpt lat="54.461764" lon="-3.172115">
        <ele>639.8</ele>
      </trkpt><trkpt lat="54.461729" lon="-3.172591">
        <ele>640.5</ele>
      </trkpt><trkpt lat="54.46179" lon="-3.172777">
        <ele>640.5</ele>
      </trkpt><trkpt lat="54.461878" lon="-3.173046">
        <ele>640.3</ele>
      </trkpt><trkpt lat="54.461872" lon="-3.173112">
        <ele>640.2</ele>
      </trkpt><trkpt lat="54.462005" lon="-3.173496">
        <ele>639.5</ele>
      </trkpt><trkpt lat="54.462014" lon="-3.17367">
        <ele>639.1</ele>
      </trkpt><trkpt lat="54.461994" lon="-3.173745">
        <ele>638.9</ele>
      </trkpt><trkpt lat="54.462028" lon="-3.173959">
        <ele>638.4</ele>
      </trkpt><trkpt lat="54.462147" lon="-3.174139">
        <ele>637.7</ele>
      </trkpt><trkpt lat="54.462253" lon="-3.174371">
        <ele>637.1</ele>
      </trkpt><trkpt lat="54.462413" lon="-3.174804">
        <ele>636.2</ele>
      </trkpt><trkpt lat="54.462418" lon="-3.174949">
        <ele>636</ele>
      </trkpt><trkpt lat="54.462494" lon="-3.175131">
        <ele>635.9</ele>
      </trkpt><trkpt lat="54.46253" lon="-3.175328">
        <ele>635.9</ele>
      </trkpt><trkpt lat="54.462606" lon="-3.175487">
        <ele>636</ele>
      </trkpt><trkpt lat="54.462702" lon="-3.175548">
        <ele>636.2</ele>
      </trkpt><trkpt lat="54.462795" lon="-3.175684">
        <ele>636.7</ele>
      </trkpt><trkpt lat="54.462853" lon="-3.175979">
        <ele>637.6</ele>
      </trkpt><trkpt lat="54.462947" lon="-3.176067">
        <ele>638.4</ele>
      </trkpt><trkpt lat="54.46299" lon="-3.176154">
        <ele>638.9</ele>
      </trkpt><trkpt lat="54.46304" lon="-3.176449">
        <ele>640.7</ele>
      </trkpt><trkpt lat="54.463108" lon="-3.176585">
        <ele>641.8</ele>
      </trkpt><trkpt lat="54.463158" lon="-3.17682">
        <ele>643.7</ele>
      </trkpt><trkpt lat="54.463252" lon="-3.177011">
        <ele>645.9</ele>
      </trkpt><trkpt lat="54.463324" lon="-3.177237">
        <ele>648.4</ele>
      </trkpt><trkpt lat="54.463332" lon="-3.177447">
        <ele>650.6</ele>
      </trkpt><trkpt lat="54.463358" lon="-3.177496">
        <ele>651.4</ele>
      </trkpt><trkpt lat="54.463364" lon="-3.177752">
        <ele>654.4</ele>
      </trkpt><trkpt lat="54.463449" lon="-3.178071">
        <ele>658.8</ele>
      </trkpt><trkpt lat="54.463488" lon="-3.178446">
        <ele>664</ele>
      </trkpt><trkpt lat="54.463671" lon="-3.178811">
        <ele>671.1</ele>
      </trkpt><trkpt lat="54.46367" lon="-3.179008">
        <ele>674.1</ele>
      </trkpt><trkpt lat="54.463726" lon="-3.179035">
        <ele>675.6</ele>
      </trkpt><trkpt lat="54.463753" lon="-3.179107">
        <ele>676.9</ele>
      </trkpt><trkpt lat="54.463827" lon="-3.179158">
        <ele>679</ele>
      </trkpt><trkpt lat="54.463866" lon="-3.179427">
        <ele>683.3</ele>
      </trkpt><trkpt lat="54.463867" lon="-3.17977">
        <ele>688.6</ele>
      </trkpt><trkpt lat="54.463906" lon="-3.179911">
        <ele>691</ele>
      </trkpt><trkpt lat="54.463995" lon="-3.18007">
        <ele>694.3</ele>
      </trkpt><trkpt lat="54.464092" lon="-3.180439">
        <ele>700.2</ele>
      </trkpt><trkpt lat="54.46411" lon="-3.180563">
        <ele>701.9</ele>
      </trkpt><trkpt lat="54.464029" lon="-3.180949">
        <ele>707.4</ele>
      </trkpt><trkpt lat="54.464032" lon="-3.181368">
        <ele>712.6</ele>
      </trkpt><trkpt lat="54.464014" lon="-3.181611">
        <ele>715.6</ele>
      </trkpt><trkpt lat="54.464016" lon="-3.1817">
        <ele>716.6</ele>
      </trkpt><trkpt lat="54.463962" lon="-3.181765">
        <ele>717.9</ele>
      </trkpt><trkpt lat="54.463887" lon="-3.182501">
        <ele>726.1</ele>
      </trkpt><trkpt lat="54.463878" lon="-3.182589">
        <ele>727</ele>
      </trkpt><trkpt lat="54.463739" lon="-3.182738">
        <ele>730</ele>
      </trkpt><trkpt lat="54.46356" lon="-3.183197">
        <ele>735.5</ele>
      </trkpt><trkpt lat="54.46325" lon="-3.183736">
        <ele>742.3</ele>
      </trkpt><trkpt lat="54.462921" lon="-3.184461">
        <ele>749.5</ele>
      </trkpt><trkpt lat="54.462842" lon="-3.184737">
        <ele>751.7</ele>
      </trkpt><trkpt lat="54.462811" lon="-3.185112">
        <ele>754.3</ele>
      </trkpt><trkpt lat="54.462737" lon="-3.185411">
        <ele>756.4</ele>
      </trkpt><trkpt lat="54.462685" lon="-3.185399">
        <ele>757</ele>
      </trkpt><trkpt lat="54.462579" lon="-3.185373">
        <ele>758.1</ele>
      </trkpt><trkpt lat="54.462588" lon="-3.185884">
        <ele>761.3</ele>
      </trkpt><trkpt lat="54.46268" lon="-3.186664">
        <ele>766.6</ele>
      </trkpt><trkpt lat="54.462748" lon="-3.18767">
        <ele>774.4</ele>
      </trkpt><trkpt lat="54.462752" lon="-3.187978">
        <ele>776.9</ele>
      </trkpt><trkpt lat="54.462707" lon="-3.188353">
        <ele>779.8</ele>
      </trkpt><trkpt lat="54.462675" lon="-3.188961">
        <ele>784</ele>
      </trkpt><trkpt lat="54.462649" lon="-3.189028">
        <ele>784.5</ele>
      </trkpt><trkpt lat="54.462486" lon="-3.189332">
        <ele>787</ele>
      </trkpt><trkpt lat="54.462359" lon="-3.189644">
        <ele>789</ele>
      </trkpt><trkpt lat="54.46221" lon="-3.190181">
        <ele>791.6</ele>
      </trkpt><trkpt lat="54.462153" lon="-3.190688">
        <ele>793.6</ele>
      </trkpt><trkpt lat="54.462036" lon="-3.191225">
        <ele>795.8</ele>
      </trkpt><trkpt lat="54.462033" lon="-3.191584">
        <ele>797.7</ele>
      </trkpt><trkpt lat="54.461957" lon="-3.192185">
        <ele>801.8</ele>
      </trkpt><trkpt lat="54.461771" lon="-3.192604">
        <ele>806.4</ele>
      </trkpt><trkpt lat="54.461761" lon="-3.192834">
        <ele>808.8</ele>
      </trkpt><trkpt lat="54.461886" lon="-3.194289">
        <ele>826.7</ele>
      </trkpt><trkpt lat="54.46186" lon="-3.194336">
        <ele>827.4</ele>
      </trkpt><trkpt lat="54.461848" lon="-3.194508">
        <ele>829.6</ele>
      </trkpt><trkpt lat="54.461835" lon="-3.194773">
        <ele>832.7</ele>
      </trkpt><trkpt lat="54.461712" lon="-3.194768">
        <ele>835.1</ele>
      </trkpt><trkpt lat="54.46167" lon="-3.195008">
        <ele>837.9</ele>
      </trkpt><trkpt lat="54.461636" lon="-3.195156">
        <ele>839.5</ele>
      </trkpt><trkpt lat="54.461561" lon="-3.195292">
        <ele>841.4</ele>
      </trkpt><trkpt lat="54.461454" lon="-3.195268">
        <ele>843.2</ele>
      </trkpt><trkpt lat="54.461407" lon="-3.195321">
        <ele>844.1</ele>
      </trkpt><trkpt lat="54.461307" lon="-3.195551">
        <ele>846.9</ele>
      </trkpt><trkpt lat="54.461295" lon="-3.195781">
        <ele>849.1</ele>
      </trkpt><trkpt lat="54.461182" lon="-3.196174">
        <ele>852.9</ele>
      </trkpt><trkpt lat="54.461017" lon="-3.196391">
        <ele>856</ele>
      </trkpt><trkpt lat="54.46088" lon="-3.196647">
        <ele>858.6</ele>
      </trkpt><trkpt lat="54.460741" lon="-3.197257">
        <ele>864</ele>
      </trkpt><trkpt lat="54.460722" lon="-3.197421">
        <ele>865.4</ele>
      </trkpt><trkpt lat="54.460654" lon="-3.197566">
        <ele>867.1</ele>
      </trkpt><trkpt lat="54.460452" lon="-3.197784">
        <ele>870.8</ele>
      </trkpt><trkpt lat="54.460299" lon="-3.197722">
        <ele>873.3</ele>
      </trkpt><trkpt lat="54.459801" lon="-3.197935">
        <ele>881.5</ele>
      </trkpt><trkpt lat="54.45947" lon="-3.19853">
        <ele>888.3</ele>
      </trkpt><trkpt lat="54.459225" lon="-3.198873">
        <ele>892.6</ele>
      </trkpt><trkpt lat="54.459104" lon="-3.198963">
        <ele>894.4</ele>
      </trkpt><trkpt lat="54.459036" lon="-3.199095">
        <ele>895.7</ele>
      </trkpt><trkpt lat="54.458913" lon="-3.199047">
        <ele>897.4</ele>
      </trkpt><trkpt lat="54.458824" lon="-3.199118">
        <ele>898.6</ele>
      </trkpt><trkpt lat="54.458638" lon="-3.199164">
        <ele>900.6</ele>
      </trkpt><trkpt lat="54.458505" lon="-3.199308">
        <ele>902.1</ele>
      </trkpt><trkpt lat="54.458273" lon="-3.199415">
        <ele>903.7</ele>
      </trkpt><trkpt lat="54.45798" lon="-3.199791">
        <ele>904.8</ele>
      </trkpt><trkpt lat="54.457922" lon="-3.199928">
        <ele>904.8</ele>
      </trkpt><trkpt lat="54.457884" lon="-3.200112">
        <ele>904.6</ele>
      </trkpt><trkpt lat="54.457876" lon="-3.200346">
        <ele>904.1</ele>
      </trkpt><trkpt lat="54.457758" lon="-3.200828">
        <ele>902.2</ele>
      </trkpt><trkpt lat="54.457726" lon="-3.201133">
        <ele>900.5</ele>
      </trkpt><trkpt lat="54.457655" lon="-3.201239">
        <ele>899.5</ele>
      </trkpt><trkpt lat="54.457639" lon="-3.201307">
        <ele>899</ele>
      </trkpt><trkpt lat="54.457649" lon="-3.201493">
        <ele>897.7</ele>
      </trkpt><trkpt lat="54.457546" lon="-3.201756">
        <ele>895.3</ele>
      </trkpt><trkpt lat="54.457503" lon="-3.202245">
        <ele>891.8</ele>
      </trkpt><trkpt lat="54.457523" lon="-3.202582">
        <ele>889.7</ele>
      </trkpt><trkpt lat="54.457483" lon="-3.203">
        <ele>887.8</ele>
      </trkpt><trkpt lat="54.457426" lon="-3.203286">
        <ele>887</ele>
      </trkpt><trkpt lat="54.457324" lon="-3.203558">
        <ele>886.7</ele>
      </trkpt><trkpt lat="54.45722" lon="-3.203656">
        <ele>886.8</ele>
      </trkpt><trkpt lat="54.457036" lon="-3.204062">
        <ele>888.4</ele>
      </trkpt><trkpt lat="54.457003" lon="-3.204276">
        <ele>889.2</ele>
      </trkpt><trkpt lat="54.457031" lon="-3.20499">
        <ele>891.8</ele>
      </trkpt><trkpt lat="54.456998" lon="-3.205124">
        <ele>892.3</ele>
      </trkpt><trkpt lat="54.457102" lon="-3.205819">
        <ele>894.1</ele>
      </trkpt><trkpt lat="54.456984" lon="-3.205993">
        <ele>894.3</ele>
      </trkpt><trkpt lat="54.456814" lon="-3.206326">
        <ele>893.9</ele>
      </trkpt><trkpt lat="54.456787" lon="-3.206959">
        <ele>891.7</ele>
      </trkpt><trkpt lat="54.456722" lon="-3.207321">
        <ele>889.2</ele>
      </trkpt><trkpt lat="54.456862" lon="-3.207705">
        <ele>886.1</ele>
      </trkpt><trkpt lat="54.456854" lon="-3.207891">
        <ele>885.2</ele>
      </trkpt><trkpt lat="54.456756" lon="-3.208043">
        <ele>884.5</ele>
      </trkpt><trkpt lat="54.456618" lon="-3.208094">
        <ele>884.2</ele>
      </trkpt><trkpt lat="54.456509" lon="-3.20848">
        <ele>884.6</ele>
      </trkpt><trkpt lat="54.456487" lon="-3.208514">
        <ele>884.8</ele>
      </trkpt><trkpt lat="54.456397" lon="-3.20851">
        <ele>885.4</ele>
      </trkpt><trkpt lat="54.456292" lon="-3.208703">
        <ele>886.8</ele>
      </trkpt><trkpt lat="54.456278" lon="-3.208828">
        <ele>887.8</ele>
      </trkpt><trkpt lat="54.456266" lon="-3.208943">
        <ele>888.7</ele>
      </trkpt><trkpt lat="54.455774" lon="-3.209266">
        <ele>899.5</ele>
      </trkpt><trkpt lat="54.455662" lon="-3.209417">
        <ele>903.5</ele>
      </trkpt><trkpt lat="54.45543" lon="-3.209628">
        <ele>911.9</ele>
      </trkpt><trkpt lat="54.454676" lon="-3.210012">
        <ele>937.4</ele>
      </trkpt><trkpt lat="54.454494" lon="-3.210317">
        <ele>943.9</ele>
      </trkpt><trkpt lat="54.454404" lon="-3.210387">
        <ele>946.1</ele>
      </trkpt><trkpt lat="54.454356" lon="-3.210497">
        <ele>947.8</ele>
      </trkpt><trkpt lat="54.454332" lon="-3.210614">
        <ele>949.2</ele>
      </trkpt><trkpt lat="54.454348" lon="-3.210775">
        <ele>950.9</ele>
      </trkpt><trkpt lat="54.454332" lon="-3.21099">
        <ele>952.8</ele>
      </trkpt><trkpt lat="54.454279" lon="-3.211132">
        <ele>954.1</ele>
      </trkpt><trkpt lat="54.454261" lon="-3.211438">
        <ele>955.9</ele>
      </trkpt><trkpt lat="54.454273" lon="-3.21157">
        <ele>956.4</ele>
      </trkpt><trkpt lat="54.454249" lon="-3.21162">
        <ele>956.7</ele>
      </trkpt><trkpt lat="54.454218" lon="-3.211601">
        <ele>956.8</ele>
      </trkpt><trkpt lat="54.454249" lon="-3.21162">
        <ele>957</ele>
      </trkpt><trkpt lat="54.454256" lon="-3.211714">
        <ele>957.2</ele>
      </trkpt><trkpt lat="54.454321" lon="-3.211822">
        <ele>957.4</ele>
      </trkpt><trkpt lat="54.454356" lon="-3.211852">
        <ele>957.4</ele>
      </trkpt><trkpt lat="54.454485" lon="-3.211813">
        <ele>957.4</ele>
      </trkpt><trkpt lat="54.454556" lon="-3.21188">
        <ele>957.2</ele>
      </trkpt><trkpt lat="54.45465" lon="-3.212077">
        <ele>956.6</ele>
      </trkpt><trkpt lat="54.4547" lon="-3.212362">
        <ele>955.4</ele>
      </trkpt><trkpt lat="54.454719" lon="-3.212375">
        <ele>955.2</ele>
      </trkpt><trkpt lat="54.454752" lon="-3.212422">
        <ele>954.9</ele>
      </trkpt><trkpt lat="54.454732" lon="-3.212562">
        <ele>954</ele>
      </trkpt><trkpt lat="54.454745" lon="-3.21316">
        <ele>949.9</ele>
      </trkpt><trkpt lat="54.454868" lon="-3.213469">
        <ele>946.9</ele>
      </trkpt><trkpt lat="54.454923" lon="-3.213974">
        <ele>942</ele>
      </trkpt><trkpt lat="54.45509" lon="-3.214373">
        <ele>936.9</ele>
      </trkpt><trkpt lat="54.455102" lon="-3.214557">
        <ele>934.9</ele>
      </trkpt><trkpt lat="54.45516" lon="-3.214695">
        <ele>933.1</ele>
      </trkpt><trkpt lat="54.455183" lon="-3.214945">
        <ele>930.3</ele>
      </trkpt><trkpt lat="54.455165" lon="-3.215116">
        <ele>928.4</ele>
      </trkpt><trkpt lat="54.455173" lon="-3.215368">
        <ele>925.4</ele>
      </trkpt><trkpt lat="54.455283" lon="-3.215645">
        <ele>921.3</ele>
      </trkpt><trkpt lat="54.455287" lon="-3.215791">
        <ele>919.4</ele>
      </trkpt><trkpt lat="54.455451" lon="-3.216078">
        <ele>914</ele>
      </trkpt><trkpt lat="54.455526" lon="-3.216269">
        <ele>910.7</ele>
      </trkpt><trkpt lat="54.455656" lon="-3.216749">
        <ele>902.8</ele>
      </trkpt><trkpt lat="54.455688" lon="-3.217026">
        <ele>898.5</ele>
      </trkpt><trkpt lat="54.455756" lon="-3.217224">
        <ele>894.8</ele>
      </trkpt><trkpt lat="54.455824" lon="-3.217595">
        <ele>888.5</ele>
      </trkpt><trkpt lat="54.455818" lon="-3.217767">
        <ele>885.8</ele>
      </trkpt><trkpt lat="54.456122" lon="-3.218067">
        <ele>875.8</ele>
      </trkpt><trkpt lat="54.456264" lon="-3.218333">
        <ele>869.7</ele>
      </trkpt><trkpt lat="54.456293" lon="-3.218653">
        <ele>864.1</ele>
      </trkpt><trkpt lat="54.456322" lon="-3.218674">
        <ele>863.2</ele>
      </trkpt><trkpt lat="54.456391" lon="-3.218638">
        <ele>861</ele>
      </trkpt><trkpt lat="54.456705" lon="-3.218435">
        <ele>850.7</ele>
      </trkpt><trkpt lat="54.456822" lon="-3.218251">
        <ele>845.7</ele>
      </trkpt><trkpt lat="54.456977" lon="-3.217881">
        <ele>837.4</ele>
      </trkpt><trkpt lat="54.456999" lon="-3.217778">
        <ele>835.3</ele>
      </trkpt><trkpt lat="54.457038" lon="-3.21775">
        <ele>833.9</ele>
      </trkpt><trkpt lat="54.457086" lon="-3.217767">
        <ele>832.4</ele>
      </trkpt><trkpt lat="54.457177" lon="-3.217856">
        <ele>828.9</ele>
      </trkpt><trkpt lat="54.457732" lon="-3.218391">
        <ele>808.1</ele>
      </trkpt><trkpt lat="54.457917" lon="-3.218481">
        <ele>802.1</ele>
      </trkpt><trkpt lat="54.457984" lon="-3.218624">
        <ele>798.9</ele>
      </trkpt><trkpt lat="54.458149" lon="-3.218796">
        <ele>793.3</ele>
      </trkpt><trkpt lat="54.458194" lon="-3.218793">
        <ele>792</ele>
      </trkpt><trkpt lat="54.458236" lon="-3.218861">
        <ele>790.4</ele>
      </trkpt><trkpt lat="54.458314" lon="-3.218908">
        <ele>788.1</ele>
      </trkpt><trkpt lat="54.458376" lon="-3.218891">
        <ele>786.3</ele>
      </trkpt><trkpt lat="54.458451" lon="-3.218932">
        <ele>784.1</ele>
      </trkpt><trkpt lat="54.458543" lon="-3.218825">
        <ele>781</ele>
      </trkpt><trkpt lat="54.458573" lon="-3.218704">
        <ele>778.9</ele>
      </trkpt><trkpt lat="54.458606" lon="-3.218643">
        <ele>777.6</ele>
      </trkpt><trkpt lat="54.45873" lon="-3.218414">
        <ele>772.5</ele>
      </trkpt><trkpt lat="54.458759" lon="-3.218266">
        <ele>770</ele>
      </trkpt><trkpt lat="54.45893" lon="-3.217983">
        <ele>763.5</ele>
      </trkpt><trkpt lat="54.458976" lon="-3.217947">
        <ele>762.2</ele>
      </trkpt><trkpt lat="54.45897" lon="-3.217742">
        <ele>759</ele>
      </trkpt><trkpt lat="54.459027" lon="-3.217697">
        <ele>757.4</ele>
      </trkpt><trkpt lat="54.459051" lon="-3.21759">
        <ele>755.6</ele>
      </trkpt><trkpt lat="54.45921" lon="-3.217366">
        <ele>750.2</ele>
      </trkpt><trkpt lat="54.459291" lon="-3.21715">
        <ele>746.1</ele>
      </trkpt><trkpt lat="54.459376" lon="-3.217058">
        <ele>743.5</ele>
      </trkpt><trkpt lat="54.459452" lon="-3.216768">
        <ele>738.5</ele>
      </trkpt><trkpt lat="54.45949" lon="-3.216699">
        <ele>737.1</ele>
      </trkpt><trkpt lat="54.459494" lon="-3.216507">
        <ele>734.2</ele>
      </trkpt><trkpt lat="54.459538" lon="-3.216192">
        <ele>729.6</ele>
      </trkpt><trkpt lat="54.459581" lon="-3.216182">
        <ele>728.6</ele>
      </trkpt><trkpt lat="54.459612" lon="-3.216085">
        <ele>727.1</ele>
      </trkpt><trkpt lat="54.459608" lon="-3.2157">
        <ele>721.9</ele>
      </trkpt><trkpt lat="54.459647" lon="-3.215426">
        <ele>718.4</ele>
      </trkpt><trkpt lat="54.459778" lon="-3.215241">
        <ele>715.2</ele>
      </trkpt><trkpt lat="54.459884" lon="-3.214835">
        <ele>711.3</ele>
      </trkpt><trkpt lat="54.459921" lon="-3.214768">
        <ele>710.7</ele>
      </trkpt><trkpt lat="54.460005" lon="-3.214627">
        <ele>709.4</ele>
      </trkpt><trkpt lat="54.460074" lon="-3.214567">
        <ele>708.6</ele>
      </trkpt><trkpt lat="54.460258" lon="-3.214648">
        <ele>707</ele>
      </trkpt><trkpt lat="54.46027" lon="-3.214653">
        <ele>706.9</ele>
      </trkpt><trkpt lat="54.460383" lon="-3.214646">
        <ele>706.2</ele>
      </trkpt><trkpt lat="54.460509" lon="-3.214475">
        <ele>705.3</ele>
      </trkpt><trkpt lat="54.460541" lon="-3.214215">
        <ele>704.6</ele>
      </trkpt><trkpt lat="54.46053" lon="-3.213876">
        <ele>703.7</ele>
      </trkpt><trkpt lat="54.460622" lon="-3.213626">
        <ele>702.8</ele>
      </trkpt><trkpt lat="54.460665" lon="-3.213247">
        <ele>701.5</ele>
      </trkpt><trkpt lat="54.460707" lon="-3.213123">
        <ele>701</ele>
      </trkpt><trkpt lat="54.460716" lon="-3.212949">
        <ele>700.3</ele>
      </trkpt><trkpt lat="54.460789" lon="-3.212775">
        <ele>699.5</ele>
      </trkpt><trkpt lat="54.4608" lon="-3.212102">
        <ele>695.9</ele>
      </trkpt><trkpt lat="54.460755" lon="-3.211963">
        <ele>694.9</ele>
      </trkpt><trkpt lat="54.460711" lon="-3.211681">
        <ele>692.9</ele>
      </trkpt><trkpt lat="54.46075" lon="-3.211607">
        <ele>692.1</ele>
      </trkpt><trkpt lat="54.460886" lon="-3.211554">
        <ele>690.3</ele>
      </trkpt><trkpt lat="54.460975" lon="-3.211402">
        <ele>688.5</ele>
      </trkpt><trkpt lat="54.461067" lon="-3.211022">
        <ele>684.7</ele>
      </trkpt><trkpt lat="54.461221" lon="-3.210643">
        <ele>680</ele>
      </trkpt><trkpt lat="54.461329" lon="-3.210286">
        <ele>675.5</ele>
      </trkpt><trkpt lat="54.461397" lon="-3.210168">
        <ele>673.4</ele>
      </trkpt><trkpt lat="54.461638" lon="-3.210011">
        <ele>668.1</ele>
      </trkpt><trkpt lat="54.461685" lon="-3.209872">
        <ele>666.3</ele>
      </trkpt><trkpt lat="54.461793" lon="-3.20976">
        <ele>663.8</ele>
      </trkpt><trkpt lat="54.461845" lon="-3.209781">
        <ele>662.8</ele>
      </trkpt><trkpt lat="54.461875" lon="-3.209696">
        <ele>661.6</ele>
      </trkpt><trkpt lat="54.462225" lon="-3.209727">
        <ele>655</ele>
      </trkpt><trkpt lat="54.46239" lon="-3.209665">
        <ele>651.9</ele>
      </trkpt><trkpt lat="54.462592" lon="-3.209692">
        <ele>648.1</ele>
      </trkpt><trkpt lat="54.462718" lon="-3.209634">
        <ele>645.8</ele>
      </trkpt><trkpt lat="54.462778" lon="-3.209491">
        <ele>644.1</ele>
      </trkpt><trkpt lat="54.462938" lon="-3.209462">
        <ele>641.5</ele>
      </trkpt><trkpt lat="54.463057" lon="-3.209327">
        <ele>639.4</ele>
      </trkpt><trkpt lat="54.463169" lon="-3.209262">
        <ele>637.7</ele>
      </trkpt><trkpt lat="54.463265" lon="-3.209253">
        <ele>636.4</ele>
      </trkpt><trkpt lat="54.463492" lon="-3.209036">
        <ele>633.3</ele>
      </trkpt><trkpt lat="54.463662" lon="-3.208566">
        <ele>629.9</ele>
      </trkpt><trkpt lat="54.46382" lon="-3.208336">
        <ele>628</ele>
      </trkpt><trkpt lat="54.463913" lon="-3.208255">
        <ele>627.1</ele>
      </trkpt><trkpt lat="54.463923" lon="-3.208169">
        <ele>626.6</ele>
      </trkpt><trkpt lat="54.464019" lon="-3.208088">
        <ele>625.6</ele>
      </trkpt><trkpt lat="54.464216" lon="-3.207509">
        <ele>622</ele>
      </trkpt><trkpt lat="54.464386" lon="-3.207226">
        <ele>619.5</ele>
      </trkpt><trkpt lat="54.464451" lon="-3.20702">
        <ele>617.8</ele>
      </trkpt><trkpt lat="54.464576" lon="-3.206819">
        <ele>615.7</ele>
      </trkpt><trkpt lat="54.464633" lon="-3.206815">
        <ele>615</ele>
      </trkpt><trkpt lat="54.464672" lon="-3.206767">
        <ele>614.4</ele>
      </trkpt><trkpt lat="54.464826" lon="-3.206511">
        <ele>611.5</ele>
      </trkpt><trkpt lat="54.465024" lon="-3.206359">
        <ele>607.7</ele>
      </trkpt><trkpt lat="54.465185" lon="-3.206036">
        <ele>602.9</ele>
      </trkpt><trkpt lat="54.465294" lon="-3.206135">
        <ele>600.6</ele>
      </trkpt><trkpt lat="54.465402" lon="-3.206124">
        <ele>598.8</ele>
      </trkpt><trkpt lat="54.465516" lon="-3.206228">
        <ele>596.9</ele>
      </trkpt><trkpt lat="54.465606" lon="-3.206383">
        <ele>595.3</ele>
      </trkpt><trkpt lat="54.465817" lon="-3.20647">
        <ele>593</ele>
      </trkpt><trkpt lat="54.465934" lon="-3.206577">
        <ele>591.8</ele>
      </trkpt><trkpt lat="54.466043" lon="-3.206639">
        <ele>591</ele>
      </trkpt><trkpt lat="54.466207" lon="-3.206579">
        <ele>590</ele>
      </trkpt><trkpt lat="54.466347" lon="-3.206578">
        <ele>589.5</ele>
      </trkpt><trkpt lat="54.466473" lon="-3.206679">
        <ele>589.2</ele>
      </trkpt><trkpt lat="54.466514" lon="-3.20662">
        <ele>589</ele>
      </trkpt><trkpt lat="54.466609" lon="-3.206587">
        <ele>588.9</ele>
      </trkpt><trkpt lat="54.466795" lon="-3.206229">
        <ele>588.4</ele>
      </trkpt><trkpt lat="54.46695" lon="-3.206067">
        <ele>588.6</ele>
      </trkpt><trkpt lat="54.467028" lon="-3.205872">
        <ele>589</ele>
      </trkpt><trkpt lat="54.467113" lon="-3.205794">
        <ele>589.4</ele>
      </trkpt><trkpt lat="54.467232" lon="-3.205478">
        <ele>589.9</ele>
      </trkpt><trkpt lat="54.467382" lon="-3.205317">
        <ele>589.8</ele>
      </trkpt><trkpt lat="54.467404" lon="-3.205179">
        <ele>589.6</ele>
      </trkpt><trkpt lat="54.467503" lon="-3.205072">
        <ele>589.1</ele>
      </trkpt><trkpt lat="54.467558" lon="-3.204905">
        <ele>588.5</ele>
      </trkpt><trkpt lat="54.467744" lon="-3.204736">
        <ele>586.9</ele>
      </trkpt><trkpt lat="54.467767" lon="-3.20461">
        <ele>586.1</ele>
      </trkpt><trkpt lat="54.46787" lon="-3.204583">
        <ele>585</ele>
      </trkpt><trkpt lat="54.467951" lon="-3.204467">
        <ele>583.7</ele>
      </trkpt><trkpt lat="54.468095" lon="-3.204404">
        <ele>581.7</ele>
      </trkpt><trkpt lat="54.468139" lon="-3.204334">
        <ele>580.8</ele>
      </trkpt><trkpt lat="54.46818" lon="-3.204338">
        <ele>580.2</ele>
      </trkpt><trkpt lat="54.468219" lon="-3.204263">
        <ele>579.2</ele>
      </trkpt><trkpt lat="54.46841" lon="-3.204219">
        <ele>575.8</ele>
      </trkpt><trkpt lat="54.468688" lon="-3.203949">
        <ele>569.2</ele>
      </trkpt><trkpt lat="54.468846" lon="-3.203899">
        <ele>565.5</ele>
      </trkpt><trkpt lat="54.468897" lon="-3.20392">
        <ele>564.2</ele>
      </trkpt><trkpt lat="54.469016" lon="-3.204088">
        <ele>560.3</ele>
      </trkpt><trkpt lat="54.469359" lon="-3.203876">
        <ele>550</ele>
      </trkpt><trkpt lat="54.469442" lon="-3.20399">
        <ele>546.7</ele>
      </trkpt><trkpt lat="54.469581" lon="-3.204002">
        <ele>542.4</ele>
      </trkpt><trkpt lat="54.469635" lon="-3.203934">
        <ele>540.3</ele>
      </trkpt><trkpt lat="54.46995" lon="-3.203864">
        <ele>529.9</ele>
      </trkpt><trkpt lat="54.470405" lon="-3.203542">
        <ele>513.9</ele>
      </trkpt><trkpt lat="54.470793" lon="-3.203647">
        <ele>502.2</ele>
      </trkpt><trkpt lat="54.470961" lon="-3.203496">
        <ele>497.2</ele>
      </trkpt><trkpt lat="54.471109" lon="-3.203642">
        <ele>493.1</ele>
      </trkpt><trkpt lat="54.471171" lon="-3.203902">
        <ele>489.4</ele>
      </trkpt><trkpt lat="54.471247" lon="-3.203934">
        <ele>487.8</ele>
      </trkpt><trkpt lat="54.471371" lon="-3.20365">
        <ele>484</ele>
      </trkpt><trkpt lat="54.471669" lon="-3.203519">
        <ele>479.4</ele>
      </trkpt><trkpt lat="54.471826" lon="-3.203381">
        <ele>477.4</ele>
      </trkpt><trkpt lat="54.471905" lon="-3.203384">
        <ele>476.7</ele>
      </trkpt><trkpt lat="54.472108" lon="-3.203026">
        <ele>474.5</ele>
      </trkpt><trkpt lat="54.472222" lon="-3.202899">
        <ele>473.9</ele>
      </trkpt><trkpt lat="54.472432" lon="-3.202753">
        <ele>473.2</ele>
      </trkpt><trkpt lat="54.47258" lon="-3.202594">
        <ele>473</ele>
      </trkpt><trkpt lat="54.472647" lon="-3.202599">
        <ele>473</ele>
      </trkpt><trkpt lat="54.472961" lon="-3.202213">
        <ele>473.4</ele>
      </trkpt><trkpt lat="54.473019" lon="-3.202181">
        <ele>473.5</ele>
      </trkpt><trkpt lat="54.473101" lon="-3.202203">
        <ele>473.7</ele>
      </trkpt><trkpt lat="54.473292" lon="-3.202038">
        <ele>474.5</ele>
      </trkpt><trkpt lat="54.473438" lon="-3.202022">
        <ele>475.2</ele>
      </trkpt><trkpt lat="54.473569" lon="-3.202081">
        <ele>475.9</ele>
      </trkpt><trkpt lat="54.473736" lon="-3.202051">
        <ele>476.9</ele>
      </trkpt><trkpt lat="54.473866" lon="-3.202222">
        <ele>478.1</ele>
      </trkpt><trkpt lat="54.473951" lon="-3.202261">
        <ele>478.8</ele>
      </trkpt><trkpt lat="54.474087" lon="-3.202433">
        <ele>480.5</ele>
      </trkpt><trkpt lat="54.474184" lon="-3.202455">
        <ele>481.6</ele>
      </trkpt><trkpt lat="54.474262" lon="-3.202411">
        <ele>482.7</ele>
      </trkpt><trkpt lat="54.474494" lon="-3.202461">
        <ele>485.8</ele>
      </trkpt><trkpt lat="54.474518" lon="-3.201879">
        <ele>491.3</ele>
      </trkpt><trkpt lat="54.474464" lon="-3.201593">
        <ele>494.4</ele>
      </trkpt><trkpt lat="54.474524" lon="-3.201122">
        <ele>499.8</ele>
      </trkpt><trkpt lat="54.474558" lon="-3.20106">
        <ele>500.8</ele>
      </trkpt><trkpt lat="54.474577" lon="-3.200535">
        <ele>507.2</ele>
      </trkpt><trkpt lat="54.474558" lon="-3.200404">
        <ele>509</ele>
      </trkpt><trkpt lat="54.474592" lon="-3.199978">
        <ele>514.8</ele>
      </trkpt><trkpt lat="54.474529" lon="-3.19981">
        <ele>517.5</ele>
      </trkpt><trkpt lat="54.4745" lon="-3.199621">
        <ele>520.1</ele>
      </trkpt><trkpt lat="54.474246" lon="-3.199184">
        <ele>527.9</ele>
      </trkpt><trkpt lat="54.474153" lon="-3.199045">
        <ele>530.5</ele>
      </trkpt><trkpt lat="54.474061" lon="-3.198985">
        <ele>532.6</ele>
      </trkpt><trkpt lat="54.474021" lon="-3.198886">
        <ele>534.1</ele>
      </trkpt><trkpt lat="54.473847" lon="-3.198796">
        <ele>537.8</ele>
      </trkpt><trkpt lat="54.473576" lon="-3.198409">
        <ele>545</ele>
      </trkpt><trkpt lat="54.473565" lon="-3.19828">
        <ele>546.5</ele>
      </trkpt><trkpt lat="54.473368" lon="-3.197972">
        <ele>551.9</ele>
      </trkpt><trkpt lat="54.473288" lon="-3.197892">
        <ele>553.7</ele>
      </trkpt><trkpt lat="54.473178" lon="-3.197654">
        <ele>557.1</ele>
      </trkpt><trkpt lat="54.47312" lon="-3.197614">
        <ele>558.3</ele>
      </trkpt><trkpt lat="54.473057" lon="-3.197445">
        <ele>560.4</ele>
      </trkpt><trkpt lat="54.472641" lon="-3.197157">
        <ele>568.4</ele>
      </trkpt><trkpt lat="54.472549" lon="-3.196998">
        <ele>570.8</ele>
      </trkpt><trkpt lat="54.472456" lon="-3.196919">
        <ele>572.6</ele>
      </trkpt><trkpt lat="54.472416" lon="-3.19681">
        <ele>573.9</ele>
      </trkpt><trkpt lat="54.472364" lon="-3.19679">
        <ele>574.8</ele>
      </trkpt><trkpt lat="54.472306" lon="-3.19671">
        <ele>576.1</ele>
      </trkpt><trkpt lat="54.472295" lon="-3.196571">
        <ele>577.4</ele>
      </trkpt><trkpt lat="54.472231" lon="-3.196343">
        <ele>579.8</ele>
      </trkpt><trkpt lat="54.471873" lon="-3.195985">
        <ele>586.1</ele>
      </trkpt><trkpt lat="54.471804" lon="-3.195816">
        <ele>587.8</ele>
      </trkpt><trkpt lat="54.471798" lon="-3.195727">
        <ele>588.6</ele>
      </trkpt><trkpt lat="54.471306" lon="-3.195142">
        <ele>596.4</ele>
      </trkpt><trkpt lat="54.471151" lon="-3.194904">
        <ele>598.8</ele>
      </trkpt><trkpt lat="54.471024" lon="-3.194638">
        <ele>601</ele>
      </trkpt><trkpt lat="54.470986" lon="-3.194419">
        <ele>602.4</ele>
      </trkpt><trkpt lat="54.470941" lon="-3.194338">
        <ele>603.1</ele>
      </trkpt><trkpt lat="54.470835" lon="-3.194296">
        <ele>604.3</ele>
      </trkpt><trkpt lat="54.470784" lon="-3.194224">
        <ele>604.9</ele>
      </trkpt><trkpt lat="54.470274" lon="-3.193501">
        <ele>611.9</ele>
      </trkpt><trkpt lat="54.470244" lon="-3.193449">
        <ele>612.4</ele>
      </trkpt><trkpt lat="54.470102" lon="-3.19308">
        <ele>614.6</ele>
      </trkpt><trkpt lat="54.469896" lon="-3.192668">
        <ele>617</ele>
      </trkpt><trkpt lat="54.469589" lon="-3.192235">
        <ele>619.1</ele>
      </trkpt><trkpt lat="54.469468" lon="-3.19194">
        <ele>619.9</ele>
      </trkpt><trkpt lat="54.469168" lon="-3.191642">
        <ele>620.9</ele>
      </trkpt><trkpt lat="54.468701" lon="-3.191321">
        <ele>621.9</ele>
      </trkpt><trkpt lat="54.468549" lon="-3.191143">
        <ele>622.5</ele>
      </trkpt><trkpt lat="54.468403" lon="-3.190912">
        <ele>623.4</ele>
      </trkpt><trkpt lat="54.468057" lon="-3.19076">
        <ele>626</ele>
      </trkpt><trkpt lat="54.467903" lon="-3.190647">
        <ele>627.6</ele>
      </trkpt><trkpt lat="54.467754" lon="-3.190626">
        <ele>629.4</ele>
      </trkpt><trkpt lat="54.467646" lon="-3.190516">
        <ele>631.1</ele>
      </trkpt><trkpt lat="54.46764" lon="-3.190466">
        <ele>631.5</ele>
      </trkpt><trkpt lat="54.46755" lon="-3.190386">
        <ele>633.1</ele>
      </trkpt><trkpt lat="54.467507" lon="-3.190304">
        <ele>634</ele>
      </trkpt><trkpt lat="54.467391" lon="-3.18994">
        <ele>638</ele>
      </trkpt><trkpt lat="54.466933" lon="-3.18916">
        <ele>649</ele>
      </trkpt><trkpt lat="54.46687" lon="-3.188855">
        <ele>652.1</ele>
      </trkpt><trkpt lat="54.466808" lon="-3.188777">
        <ele>653.5</ele>
      </trkpt><trkpt lat="54.466777" lon="-3.188621">
        <ele>655.2</ele>
      </trkpt><trkpt lat="54.466792" lon="-3.188499">
        <ele>656.5</ele>
      </trkpt><trkpt lat="54.466604" lon="-3.187817">
        <ele>664.8</ele>
      </trkpt><trkpt lat="54.466538" lon="-3.187649">
        <ele>667</ele>
      </trkpt><trkpt lat="54.466452" lon="-3.187528">
        <ele>669.2</ele>
      </trkpt><trkpt lat="54.466235" lon="-3.187418">
        <ele>673.7</ele>
      </trkpt><trkpt lat="54.465802" lon="-3.187018">
        <ele>684</ele>
      </trkpt><trkpt lat="54.465695" lon="-3.18677">
        <ele>688.1</ele>
      </trkpt><trkpt lat="54.46566" lon="-3.186362">
        <ele>694</ele>
      </trkpt><trkpt lat="54.465508" lon="-3.18628">
        <ele>698.2</ele>
      </trkpt><trkpt lat="54.465302" lon="-3.186085">
        <ele>704.3</ele>
      </trkpt><trkpt lat="54.465174" lon="-3.186032">
        <ele>707.7</ele>
      </trkpt><trkpt lat="54.464947" lon="-3.186005">
        <ele>713.3</ele>
      </trkpt><trkpt lat="54.464849" lon="-3.185958">
        <ele>715.8</ele>
      </trkpt><trkpt lat="54.464816" lon="-3.185898">
        <ele>717</ele>
      </trkpt><trkpt lat="54.464654" lon="-3.185907">
        <ele>720.8</ele>
      </trkpt><trkpt lat="54.464501" lon="-3.185779">
        <ele>724.8</ele>
      </trkpt><trkpt lat="54.464359" lon="-3.185808">
        <ele>728</ele>
      </trkpt><trkpt lat="54.464243" lon="-3.185692">
        <ele>731</ele>
      </trkpt><trkpt lat="54.464099" lon="-3.185667">
        <ele>734.2</ele>
      </trkpt><trkpt lat="54.464007" lon="-3.185704">
        <ele>736.1</ele>
      </trkpt><trkpt lat="54.463741" lon="-3.185615">
        <ele>741.4</ele>
      </trkpt><trkpt lat="54.463539" lon="-3.185627">
        <ele>744.7</ele>
      </trkpt><trkpt lat="54.463198" lon="-3.185443">
        <ele>749.3</ele>
      </trkpt><trkpt lat="54.46297" lon="-3.185463">
        <ele>751.4</ele>
      </trkpt><trkpt lat="54.462737" lon="-3.185411">
        <ele>753.1</ele>
      </trkpt><trkpt lat="54.462685" lon="-3.185399">
        <ele>753.5</ele>
      </trkpt><trkpt lat="54.462579" lon="-3.185373">
        <ele>754.1</ele>
      </trkpt><trkpt lat="54.46208" lon="-3.184099">
        <ele>758.2</ele>
      </trkpt><trkpt lat="54.461962" lon="-3.183872">
        <ele>759.2</ele>
      </trkpt><trkpt lat="54.461902" lon="-3.183634">
        <ele>760.3</ele>
      </trkpt><trkpt lat="54.46168" lon="-3.183145">
        <ele>764.1</ele>
      </trkpt><trkpt lat="54.461565" lon="-3.182746">
        <ele>767.7</ele>
      </trkpt><trkpt lat="54.461328" lon="-3.182555">
        <ele>772.2</ele>
      </trkpt><trkpt lat="54.461252" lon="-3.182536">
        <ele>773.6</ele>
      </trkpt><trkpt lat="54.46119" lon="-3.182581">
        <ele>774.9</ele>
      </trkpt><trkpt lat="54.461048" lon="-3.182501">
        <ele>777.9</ele>
      </trkpt><trkpt lat="54.461024" lon="-3.182358">
        <ele>779.6</ele>
      </trkpt><trkpt lat="54.460918" lon="-3.182231">
        <ele>782.2</ele>
      </trkpt><trkpt lat="54.460893" lon="-3.182073">
        <ele>784.1</ele>
      </trkpt><trkpt lat="54.460708" lon="-3.181647">
        <ele>790.5</ele>
      </trkpt><trkpt lat="54.460663" lon="-3.181609">
        <ele>791.5</ele>
      </trkpt><trkpt lat="54.460424" lon="-3.181678">
        <ele>796.5</ele>
      </trkpt><trkpt lat="54.460349" lon="-3.181731">
        <ele>798.1</ele>
      </trkpt><trkpt lat="54.460251" lon="-3.181728">
        <ele>800.2</ele>
      </trkpt><trkpt lat="54.460145" lon="-3.181608">
        <ele>802.7</ele>
      </trkpt><trkpt lat="54.460088" lon="-3.181468">
        <ele>804.6</ele>
      </trkpt><trkpt lat="54.459642" lon="-3.181427">
        <ele>813.1</ele>
      </trkpt><trkpt lat="54.45959" lon="-3.181345">
        <ele>814.4</ele>
      </trkpt><trkpt lat="54.459525" lon="-3.181358">
        <ele>815.6</ele>
      </trkpt><trkpt lat="54.459389" lon="-3.181171">
        <ele>818.8</ele>
      </trkpt><trkpt lat="54.45925" lon="-3.181249">
        <ele>821.3</ele>
      </trkpt><trkpt lat="54.459121" lon="-3.181265">
        <ele>823.5</ele>
      </trkpt><trkpt lat="54.458949" lon="-3.181136">
        <ele>826.6</ele>
      </trkpt><trkpt lat="54.458865" lon="-3.181144">
        <ele>828</ele>
      </trkpt><trkpt lat="54.458725" lon="-3.18108">
        <ele>830.4</ele>
      </trkpt><trkpt lat="54.458633" lon="-3.18113">
        <ele>831.8</ele>
      </trkpt><trkpt lat="54.458478" lon="-3.181119">
        <ele>834.2</ele>
      </trkpt><trkpt lat="54.458229" lon="-3.180982">
        <ele>838.4</ele>
      </trkpt><trkpt lat="54.458195" lon="-3.18081">
        <ele>840</ele>
      </trkpt><trkpt lat="54.458109" lon="-3.180773">
        <ele>841.5</ele>
      </trkpt><trkpt lat="54.458055" lon="-3.180677">
        <ele>842.7</ele>
      </trkpt><trkpt lat="54.457733" lon="-3.180521">
        <ele>847.9</ele>
      </trkpt><trkpt lat="54.457673" lon="-3.180333">
        <ele>849.5</ele>
      </trkpt><trkpt lat="54.457576" lon="-3.179936">
        <ele>852.4</ele>
      </trkpt><trkpt lat="54.457332" lon="-3.179134">
        <ele>856.9</ele>
      </trkpt><trkpt lat="54.457127" lon="-3.179321">
        <ele>858.1</ele>
      </trkpt><trkpt lat="54.457129" lon="-3.179392">
        <ele>858.2</ele>
      </trkpt><trkpt lat="54.457127" lon="-3.179321">
        <ele>858.4</ele>
      </trkpt><trkpt lat="54.457103" lon="-3.178432">
        <ele>858.3</ele>
      </trkpt><trkpt lat="54.457009" lon="-3.178132">
        <ele>857.1</ele>
      </trkpt><trkpt lat="54.45689" lon="-3.177967">
        <ele>855.7</ele>
      </trkpt><trkpt lat="54.456808" lon="-3.177653">
        <ele>853.7</ele>
      </trkpt><trkpt lat="54.456611" lon="-3.177415">
        <ele>850.7</ele>
      </trkpt><trkpt lat="54.456567" lon="-3.177232">
        <ele>849.1</ele>
      </trkpt><trkpt lat="54.456298" lon="-3.177022">
        <ele>844.4</ele>
      </trkpt><trkpt lat="54.456165" lon="-3.176798">
        <ele>841.1</ele>
      </trkpt><trkpt lat="54.456152" lon="-3.176625">
        <ele>839.2</ele>
      </trkpt><trkpt lat="54.456075" lon="-3.176426">
        <ele>836.4</ele>
      </trkpt><trkpt lat="54.456071" lon="-3.176299">
        <ele>834.9</ele>
      </trkpt><trkpt lat="54.455973" lon="-3.176213">
        <ele>832.6</ele>
      </trkpt><trkpt lat="54.455865" lon="-3.176035">
        <ele>829.3</ele>
      </trkpt><trkpt lat="54.455819" lon="-3.175899">
        <ele>827.3</ele>
      </trkpt><trkpt lat="54.455642" lon="-3.175811">
        <ele>823.1</ele>
      </trkpt><trkpt lat="54.455619" lon="-3.175719">
        <ele>821.7</ele>
      </trkpt><trkpt lat="54.455431" lon="-3.175593">
        <ele>816.8</ele>
      </trkpt><trkpt lat="54.455435" lon="-3.175439">
        <ele>814.6</ele>
      </trkpt><trkpt lat="54.455365" lon="-3.175273">
        <ele>811.7</ele>
      </trkpt><trkpt lat="54.45528" lon="-3.175217">
        <ele>809.3</ele>
      </trkpt><trkpt lat="54.455057" lon="-3.174907">
        <ele>802</ele>
      </trkpt><trkpt lat="54.454814" lon="-3.174705">
        <ele>795.4</ele>
      </trkpt><trkpt lat="54.454793" lon="-3.17463">
        <ele>794.2</ele>
      </trkpt><trkpt lat="54.454662" lon="-3.174416">
        <ele>790.2</ele>
      </trkpt><trkpt lat="54.454647" lon="-3.174164">
        <ele>787.3</ele>
      </trkpt><trkpt lat="54.454558" lon="-3.174075">
        <ele>785.5</ele>
      </trkpt><trkpt lat="54.454537" lon="-3.173911">
        <ele>783.9</ele>
      </trkpt><trkpt lat="54.454351" lon="-3.173509">
        <ele>779.9</ele>
      </trkpt><trkpt lat="54.454327" lon="-3.173105">
        <ele>777.8</ele>
      </trkpt><trkpt lat="54.45428" lon="-3.173067">
        <ele>777.4</ele>
      </trkpt><trkpt lat="54.453206" lon="-3.17065">
        <ele>786.2</ele>
      </trkpt><trkpt lat="54.45194" lon="-3.169159">
        <ele>806</ele>
      </trkpt><trkpt lat="54.451061" lon="-3.168687">
        <ele>818.7</ele>
      </trkpt><trkpt lat="54.450891" lon="-3.168516">
        <ele>821.6</ele>
      </trkpt><trkpt lat="54.450544" lon="-3.168277">
        <ele>827.5</ele>
      </trkpt><trkpt lat="54.450436" lon="-3.168283">
        <ele>829.3</ele>
      </trkpt><trkpt lat="54.450079" lon="-3.167947">
        <ele>836.2</ele>
      </trkpt><trkpt lat="54.450043" lon="-3.16784">
        <ele>837.4</ele>
      </trkpt><trkpt lat="54.449663" lon="-3.167646">
        <ele>844.5</ele>
      </trkpt><trkpt lat="54.448784" lon="-3.167517">
        <ele>859.8</ele>
      </trkpt><trkpt lat="54.448227" lon="-3.1663">
        <ele>865.7</ele>
      </trkpt><trkpt lat="54.448254" lon="-3.166125">
        <ele>865.5</ele>
      </trkpt><trkpt lat="54.448183" lon="-3.164982">
        <ele>860.6</ele>
      </trkpt><trkpt lat="54.448016" lon="-3.16475">
        <ele>858</ele>
      </trkpt><trkpt lat="54.44797" lon="-3.16424">
        <ele>853.2</ele>
      </trkpt><trkpt lat="54.447749" lon="-3.164065">
        <ele>848.7</ele>
      </trkpt><trkpt lat="54.447722" lon="-3.163923">
        <ele>847</ele>
      </trkpt><trkpt lat="54.447841" lon="-3.163922">
        <ele>844.7</ele>
      </trkpt><trkpt lat="54.447969" lon="-3.163762">
        <ele>841.4</ele>
      </trkpt><trkpt lat="54.448011" lon="-3.163633">
        <ele>839.5</ele>
      </trkpt><trkpt lat="54.448056" lon="-3.163628">
        <ele>838.6</ele>
      </trkpt><trkpt lat="54.448209" lon="-3.16369">
        <ele>835</ele>
      </trkpt><trkpt lat="54.448233" lon="-3.163762">
        <ele>833.8</ele>
      </trkpt><trkpt lat="54.448299" lon="-3.163803">
        <ele>832.1</ele>
      </trkpt><trkpt lat="54.448425" lon="-3.163767">
        <ele>828.9</ele>
      </trkpt><trkpt lat="54.448451" lon="-3.163813">
        <ele>828</ele>
      </trkpt><trkpt lat="54.448583" lon="-3.163855">
        <ele>824.5</ele>
      </trkpt><trkpt lat="54.448741" lon="-3.163873">
        <ele>820.3</ele>
      </trkpt><trkpt lat="54.448779" lon="-3.163772">
        <ele>818.4</ele>
      </trkpt><trkpt lat="54.448867" lon="-3.163736">
        <ele>815.9</ele>
      </trkpt><trkpt lat="54.449036" lon="-3.163868">
        <ele>810.8</ele>
      </trkpt><trkpt lat="54.449133" lon="-3.164048">
        <ele>806.9</ele>
      </trkpt><trkpt lat="54.449161" lon="-3.164058">
        <ele>806.1</ele>
      </trkpt><trkpt lat="54.449062" lon="-3.163536">
        <ele>798</ele>
      </trkpt><trkpt lat="54.449035" lon="-3.163295">
        <ele>794.8</ele>
      </trkpt><trkpt lat="54.449053" lon="-3.163129">
        <ele>792.8</ele>
      </trkpt><trkpt lat="54.448988" lon="-3.162782">
        <ele>788.8</ele>
      </trkpt><trkpt lat="54.448906" lon="-3.162542">
        <ele>786.2</ele>
      </trkpt><trkpt lat="54.448903" lon="-3.162434">
        <ele>785.3</ele>
      </trkpt><trkpt lat="54.448927" lon="-3.162387">
        <ele>784.7</ele>
      </trkpt><trkpt lat="54.448832" lon="-3.162331">
        <ele>783.4</ele>
      </trkpt><trkpt lat="54.448333" lon="-3.161261">
        <ele>776.8</ele>
      </trkpt><trkpt lat="54.448263" lon="-3.16111">
        <ele>776</ele>
      </trkpt><trkpt lat="54.447859" lon="-3.160395">
        <ele>770.2</ele>
      </trkpt><trkpt lat="54.447776" lon="-3.160206">
        <ele>768.3</ele>
      </trkpt><trkpt lat="54.447771" lon="-3.160127">
        <ele>767.7</ele>
      </trkpt><trkpt lat="54.447631" lon="-3.159978">
        <ele>765</ele>
      </trkpt><trkpt lat="54.447611" lon="-3.159882">
        <ele>763.8</ele>
      </trkpt><trkpt lat="54.447314" lon="-3.159133">
        <ele>750.9</ele>
      </trkpt><trkpt lat="54.447224" lon="-3.158933">
        <ele>746.5</ele>
      </trkpt><trkpt lat="54.447019" lon="-3.158603">
        <ele>737</ele>
      </trkpt><trkpt lat="54.44698" lon="-3.158368">
        <ele>731.8</ele>
      </trkpt><trkpt lat="54.446676" lon="-3.157646">
        <ele>711.6</ele>
      </trkpt><trkpt lat="54.446652" lon="-3.15753">
        <ele>708.8</ele>
      </trkpt><trkpt lat="54.446678" lon="-3.157425">
        <ele>706.1</ele>
      </trkpt><trkpt lat="54.446666" lon="-3.157348">
        <ele>704.2</ele>
      </trkpt><trkpt lat="54.446536" lon="-3.157207">
        <ele>698</ele>
      </trkpt><trkpt lat="54.446441" lon="-3.156921">
        <ele>690.2</ele>
      </trkpt><trkpt lat="54.446432" lon="-3.156556">
        <ele>681.7</ele>
      </trkpt><trkpt lat="54.446547" lon="-3.155928">
        <ele>667.4</ele>
      </trkpt><trkpt lat="54.446528" lon="-3.155845">
        <ele>665.6</ele>
      </trkpt><trkpt lat="54.446337" lon="-3.155547">
        <ele>656.8</ele>
      </trkpt><trkpt lat="54.44625" lon="-3.155515">
        <ele>653.9</ele>
      </trkpt><trkpt lat="54.446262" lon="-3.155152">
        <ele>647.3</ele>
      </trkpt><trkpt lat="54.446307" lon="-3.155019">
        <ele>644.6</ele>
      </trkpt><trkpt lat="54.446259" lon="-3.154276">
        <ele>632.1</ele>
      </trkpt><trkpt lat="54.446153" lon="-3.154078">
        <ele>627.9</ele>
      </trkpt><trkpt lat="54.446095" lon="-3.153434">
        <ele>618.3</ele>
      </trkpt><trkpt lat="54.446028" lon="-3.15312">
        <ele>613.6</ele>
      </trkpt><trkpt lat="54.446033" lon="-3.152944">
        <ele>611.2</ele>
      </trkpt><trkpt lat="54.445952" lon="-3.152696">
        <ele>607.4</ele>
      </trkpt><trkpt lat="54.445873" lon="-3.152342">
        <ele>602.7</ele>
      </trkpt><trkpt lat="54.445876" lon="-3.152038">
        <ele>599.1</ele>
      </trkpt><trkpt lat="54.445772" lon="-3.151463">
        <ele>592.6</ele>
      </trkpt><trkpt lat="54.445726" lon="-3.151048">
        <ele>588.4</ele>
      </trkpt><trkpt lat="54.445638" lon="-3.150629">
        <ele>584.5</ele>
      </trkpt><trkpt lat="54.445288" lon="-3.150212">
        <ele>578.8</ele>
      </trkpt><trkpt lat="54.445113" lon="-3.149821">
        <ele>575.6</ele>
      </trkpt><trkpt lat="54.444905" lon="-3.149227">
        <ele>571.5</ele>
      </trkpt><trkpt lat="54.444466" lon="-3.147744">
        <ele>562.4</ele>
      </trkpt><trkpt lat="54.44437" lon="-3.147526">
        <ele>560.8</ele>
      </trkpt><trkpt lat="54.443606" lon="-3.146219">
        <ele>550.4</ele>
      </trkpt><trkpt lat="54.443598" lon="-3.146028">
        <ele>549.4</ele>
      </trkpt><trkpt lat="54.443498" lon="-3.14577">
        <ele>547.9</ele>
      </trkpt><trkpt lat="54.443472" lon="-3.145043">
        <ele>544.4</ele>
      </trkpt><trkpt lat="54.443495" lon="-3.144367">
        <ele>541.1</ele>
      </trkpt><trkpt lat="54.443551" lon="-3.144192">
        <ele>540.1</ele>
      </trkpt><trkpt lat="54.443499" lon="-3.143803">
        <ele>537.8</ele>
      </trkpt><trkpt lat="54.443426" lon="-3.143533">
        <ele>535.8</ele>
      </trkpt><trkpt lat="54.44301" lon="-3.142818">
        <ele>527.1</ele>
      </trkpt><trkpt lat="54.442756" lon="-3.14246">
        <ele>521</ele>
      </trkpt><trkpt lat="54.442705" lon="-3.142223">
        <ele>518.1</ele>
      </trkpt><trkpt lat="54.442733" lon="-3.142023">
        <ele>515.6</ele>
      </trkpt><trkpt lat="54.442525" lon="-3.141149">
        <ele>504</ele>
      </trkpt><trkpt lat="54.442525" lon="-3.140672">
        <ele>498.1</ele>
      </trkpt><trkpt lat="54.442409" lon="-3.140116">
        <ele>490.9</ele>
      </trkpt><trkpt lat="54.442456" lon="-3.13952">
        <ele>483.9</ele>
      </trkpt><trkpt lat="54.44241" lon="-3.138425">
        <ele>471.6</ele>
      </trkpt><trkpt lat="54.442425" lon="-3.137869">
        <ele>465.4</ele>
      </trkpt><trkpt lat="54.442381" lon="-3.137399">
        <ele>460.4</ele>
      </trkpt><trkpt lat="54.442318" lon="-3.137157">
        <ele>457.6</ele>
      </trkpt><trkpt lat="54.442333" lon="-3.136846">
        <ele>454.3</ele>
      </trkpt><trkpt lat="54.442309" lon="-3.13678">
        <ele>453.5</ele>
      </trkpt><trkpt lat="54.442334" lon="-3.136569">
        <ele>451.3</ele>
      </trkpt><trkpt lat="54.442253" lon="-3.13649">
        <ele>449.7</ele>
      </trkpt><trkpt lat="54.442207" lon="-3.136351">
        <ele>448.1</ele>
      </trkpt><trkpt lat="54.442184" lon="-3.136132">
        <ele>446</ele>
      </trkpt><trkpt lat="54.442115" lon="-3.136013">
        <ele>444.4</ele>
      </trkpt><trkpt lat="54.442027" lon="-3.135642">
        <ele>440.8</ele>
      </trkpt><trkpt lat="54.442092" lon="-3.13504">
        <ele>435.4</ele>
      </trkpt><trkpt lat="54.442238" lon="-3.134662">
        <ele>431.4</ele>
      </trkpt><trkpt lat="54.442256" lon="-3.134186">
        <ele>427.1</ele>
      </trkpt><trkpt lat="54.442333" lon="-3.133818">
        <ele>423.3</ele>
      </trkpt><trkpt lat="54.442362" lon="-3.133771">
        <ele>422.6</ele>
      </trkpt><trkpt lat="54.442382" lon="-3.133508">
        <ele>419.8</ele>
      </trkpt><trkpt lat="54.442361" lon="-3.133336">
        <ele>417.8</ele>
      </trkpt><trkpt lat="54.442473" lon="-3.133051">
        <ele>413.8</ele>
      </trkpt><trkpt lat="54.4426" lon="-3.132596">
        <ele>407.2</ele>
      </trkpt><trkpt lat="54.442614" lon="-3.132485">
        <ele>405.6</ele>
      </trkpt><trkpt lat="54.442596" lon="-3.132317">
        <ele>403.1</ele>
      </trkpt><trkpt lat="54.44269" lon="-3.132086">
        <ele>398.8</ele>
      </trkpt><trkpt lat="54.442669" lon="-3.132039">
        <ele>397.9</ele>
      </trkpt><trkpt lat="54.442673" lon="-3.13185">
        <ele>394.8</ele>
      </trkpt><trkpt lat="54.442752" lon="-3.131364">
        <ele>386.2</ele>
      </trkpt><trkpt lat="54.442757" lon="-3.130949">
        <ele>378.6</ele>
      </trkpt><trkpt lat="54.442782" lon="-3.130823">
        <ele>376.2</ele>
      </trkpt><trkpt lat="54.442866" lon="-3.130653">
        <ele>371.8</ele>
      </trkpt><trkpt lat="54.442874" lon="-3.130416">
        <ele>367.2</ele>
      </trkpt><trkpt lat="54.44274" lon="-3.129905">
        <ele>355.7</ele>
      </trkpt><trkpt lat="54.442657" lon="-3.129812">
        <ele>352.1</ele>
      </trkpt><trkpt lat="54.442659" lon="-3.129764">
        <ele>351</ele>
      </trkpt><trkpt lat="54.442599" lon="-3.129656">
        <ele>347.9</ele>
      </trkpt><trkpt lat="54.44259" lon="-3.129571">
        <ele>346</ele>
      </trkpt><trkpt lat="54.442522" lon="-3.129509">
        <ele>343.2</ele>
      </trkpt><trkpt lat="54.44246" lon="-3.129323">
        <ele>338.6</ele>
      </trkpt><trkpt lat="54.442322" lon="-3.129116">
        <ele>331.8</ele>
      </trkpt><trkpt lat="54.442293" lon="-3.12898">
        <ele>328.7</ele>
      </trkpt><trkpt lat="54.442278" lon="-3.128658">
        <ele>321.6</ele>
      </trkpt><trkpt lat="54.442198" lon="-3.128335">
        <ele>313.9</ele>
      </trkpt><trkpt lat="54.442229" lon="-3.128144">
        <ele>309.6</ele>
      </trkpt><trkpt lat="54.442196" lon="-3.128047">
        <ele>307.1</ele>
      </trkpt><trkpt lat="54.44203" lon="-3.127827">
        <ele>299.3</ele>
      </trkpt><trkpt lat="54.442047" lon="-3.12768">
        <ele>296</ele>
      </trkpt><trkpt lat="54.44199" lon="-3.127649">
        <ele>293.8</ele>
      </trkpt><trkpt lat="54.441944" lon="-3.12731">
        <ele>286.3</ele>
      </trkpt><trkpt lat="54.441894" lon="-3.127272">
        <ele>284.2</ele>
      </trkpt><trkpt lat="54.441778" lon="-3.127466">
        <ele>278.2</ele>
      </trkpt><trkpt lat="54.44173" lon="-3.127435">
        <ele>276.3</ele>
      </trkpt><trkpt lat="54.441667" lon="-3.127315">
        <ele>272.8</ele>
      </trkpt><trkpt lat="54.441602" lon="-3.126813">
        <ele>261.9</ele>
      </trkpt><trkpt lat="54.441659" lon="-3.126734">
        <ele>259.2</ele>
      </trkpt><trkpt lat="54.441652" lon="-3.12666">
        <ele>257.6</ele>
      </trkpt><trkpt lat="54.441602" lon="-3.126647">
        <ele>255.7</ele>
      </trkpt><trkpt lat="54.44163" lon="-3.12648">
        <ele>252</ele>
      </trkpt><trkpt lat="54.441599" lon="-3.126469">
        <ele>250.9</ele>
      </trkpt><trkpt lat="54.441609" lon="-3.125904">
        <ele>239</ele>
      </trkpt><trkpt lat="54.441588" lon="-3.125854">
        <ele>237.7</ele>
      </trkpt><trkpt lat="54.441572" lon="-3.125658">
        <ele>233.6</ele>
      </trkpt><trkpt lat="54.441551" lon="-3.124867">
        <ele>217.7</ele>
      </trkpt><trkpt lat="54.441571" lon="-3.1245">
        <ele>210.8</ele>
      </trkpt><trkpt lat="54.441503" lon="-3.123786">
        <ele>198.4</ele>
      </trkpt><trkpt lat="54.441554" lon="-3.123686">
        <ele>196.2</ele>
      </trkpt><trkpt lat="54.441493" lon="-3.123647">
        <ele>194.5</ele>
      </trkpt><trkpt lat="54.441464" lon="-3.123568">
        <ele>193</ele>
      </trkpt><trkpt lat="54.44143" lon="-3.12361">
        <ele>191.9</ele>
      </trkpt><trkpt lat="54.441418" lon="-3.123583">
        <ele>191.4</ele>
      </trkpt><trkpt lat="54.44142" lon="-3.123447">
        <ele>189.3</ele>
      </trkpt><trkpt lat="54.441376" lon="-3.123387">
        <ele>187.9</ele>
      </trkpt><trkpt lat="54.441364" lon="-3.123218">
        <ele>185.5</ele>
      </trkpt><trkpt lat="54.441435" lon="-3.122854">
        <ele>180.2</ele>
      </trkpt><trkpt lat="54.441445" lon="-3.122546">
        <ele>176.3</ele>
      </trkpt><trkpt lat="54.441297" lon="-3.122482">
        <ele>173.1</ele>
      </trkpt><trkpt lat="54.441193" lon="-3.122066">
        <ele>167.9</ele>
      </trkpt><trkpt lat="54.441175" lon="-3.121816">
        <ele>165.1</ele>
      </trkpt><trkpt lat="54.4412" lon="-3.121215">
        <ele>158.4</ele>
      </trkpt><trkpt lat="54.441121" lon="-3.121083">
        <ele>156.2</ele>
      </trkpt><trkpt lat="54.441102" lon="-3.120937">
        <ele>154.5</ele>
      </trkpt><trkpt lat="54.441011" lon="-3.120766">
        <ele>151.8</ele>
      </trkpt><trkpt lat="54.441013" lon="-3.120497">
        <ele>148.8</ele>
      </trkpt><trkpt lat="54.44098" lon="-3.120312">
        <ele>146.6</ele>
      </trkpt><trkpt lat="54.440995" lon="-3.120217">
        <ele>145.6</ele>
      </trkpt><trkpt lat="54.441041" lon="-3.120147">
        <ele>144.4</ele>
      </trkpt><trkpt lat="54.441079" lon="-3.119955">
        <ele>142.3</ele>
      </trkpt><trkpt lat="54.441066" lon="-3.119857">
        <ele>141.3</ele>
      </trkpt><trkpt lat="54.440853" lon="-3.119268">
        <ele>134.6</ele>
      </trkpt><trkpt lat="54.440826" lon="-3.118582">
        <ele>128.1</ele>
      </trkpt><trkpt lat="54.440956" lon="-3.118531">
        <ele>126.2</ele>
      </trkpt><trkpt lat="54.441175" lon="-3.118145">
        <ele>122.1</ele>
      </trkpt><trkpt lat="54.441327" lon="-3.117744">
        <ele>119.3</ele>
      </trkpt><trkpt lat="54.441363" lon="-3.117572">
        <ele>118.4</ele>
      </trkpt><trkpt lat="54.441432" lon="-3.117276">
        <ele>117</ele>
      </trkpt><trkpt lat="54.441547" lon="-3.117007">
        <ele>115.8</ele>
      </trkpt><trkpt lat="54.44149" lon="-3.116925">
        <ele>115.3</ele>
      </trkpt><trkpt lat="54.441376" lon="-3.116895">
        <ele>114.7</ele>
      </trkpt><trkpt lat="54.441341" lon="-3.116816">
        <ele>114.3</ele>
      </trkpt><trkpt lat="54.441331" lon="-3.11662">
        <ele>113.7</ele>
      </trkpt><trkpt lat="54.441397" lon="-3.116158">
        <ele>112.5</ele>
      </trkpt><trkpt lat="54.441395" lon="-3.115681">
        <ele>111.7</ele>
      </trkpt><trkpt lat="54.441282" lon="-3.114662">
        <ele>110.6</ele>
      </trkpt><trkpt lat="54.441234" lon="-3.114483">
        <ele>110.3</ele>
      </trkpt><trkpt lat="54.441159" lon="-3.114193">
        <ele>109.9</ele>
      </trkpt><trkpt lat="54.44102" lon="-3.113727">
        <ele>109.2</ele>
      </trkpt><trkpt lat="54.441008" lon="-3.11349">
        <ele>108.9</ele>
      </trkpt><trkpt lat="54.441203" lon="-3.112813">
        <ele>107.9</ele>
      </trkpt><trkpt lat="54.441448" lon="-3.112164">
        <ele>106.7</ele>
      </trkpt><trkpt lat="54.441661" lon="-3.111637">
        <ele>105.7</ele>
      </trkpt><trkpt lat="54.442021" lon="-3.111203">
        <ele>104.5</ele>
      </trkpt><trkpt lat="54.442358" lon="-3.110655">
        <ele>103.3</ele>
      </trkpt><trkpt lat="54.442633" lon="-3.109917">
        <ele>102</ele>
      </trkpt><trkpt lat="54.44309" lon="-3.109164">
        <ele>100.6</ele>
      </trkpt><trkpt lat="54.443245" lon="-3.108663">
        <ele>99.9</ele>
      </trkpt><trkpt lat="54.443354" lon="-3.108207">
        <ele>99.4</ele>
      </trkpt><trkpt lat="54.443439" lon="-3.107391">
        <ele>98.6</ele>
      </trkpt><trkpt lat="54.443735" lon="-3.106295">
        <ele>97.8</ele>
      </trkpt><trkpt lat="54.443979" lon="-3.105196">
        <ele>97.4</ele>
      </trkpt><trkpt lat="54.444072" lon="-3.104354">
        <ele>97.3</ele>
      </trkpt><trkpt lat="54.444035" lon="-3.103916">
        <ele>97.3</ele>
      </trkpt><trkpt lat="54.444003" lon="-3.103823">
        <ele>97.3</ele>
      </trkpt><trkpt lat="54.44406" lon="-3.103882">
        <ele>97.3</ele>
      </trkpt><trkpt lat="54.444232" lon="-3.103931">
        <ele>97.3</ele>
      </trkpt><trkpt lat="54.444341" lon="-3.103954">
        <ele>97.3</ele>
      </trkpt><trkpt lat="54.444458" lon="-3.103838">
        <ele>97.3</ele>
      </trkpt><trkpt lat="54.444614" lon="-3.103418">
        <ele>97.3</ele>
      </trkpt><trkpt lat="54.444637" lon="-3.103184">
        <ele>97.3</ele>
      </trkpt><trkpt lat="54.445063" lon="-3.101762">
        <ele>97</ele>
      </trkpt><trkpt lat="54.445146" lon="-3.101269">
        <ele>96.9</ele>
      </trkpt><trkpt lat="54.445146" lon="-3.101269">
        <ele>96.9</ele>
      </trkpt><trkpt lat="54.445337" lon="-3.100798">
        <ele>96.9</ele>
      </trkpt><trkpt lat="54.445534" lon="-3.100132">
        <ele>96.8</ele>
      </trkpt><trkpt lat="54.445706" lon="-3.099672">
        <ele>96.7</ele>
      </trkpt><trkpt lat="54.446013" lon="-3.099027">
        <ele>96.4</ele>
      </trkpt><trkpt lat="54.446051" lon="-3.098719">
        <ele>96.2</ele>
      </trkpt><trkpt lat="54.446087" lon="-3.098661">
        <ele>96.1</ele>
      </trkpt><trkpt lat="54.446053" lon="-3.09815">
        <ele>95.8</ele>
      </trkpt><trkpt lat="54.446111" lon="-3.097882">
        <ele>95.6</ele>
      </trkpt><trkpt lat="54.446122" lon="-3.097722">
        <ele>95.4</ele>
      </trkpt><trkpt lat="54.446095" lon="-3.097201">
        <ele>95</ele>
      </trkpt><trkpt lat="54.44616" lon="-3.096688">
        <ele>94.5</ele>
      </trkpt><trkpt lat="54.446337" lon="-3.095915">
        <ele>93.7</ele>
      </trkpt><trkpt lat="54.446337" lon="-3.095915">
        <ele>93.7</ele>
      </trkpt><trkpt lat="54.446432" lon="-3.095123">
        <ele>93.2</ele>
      </trkpt><trkpt lat="54.446498" lon="-3.094963">
        <ele>93.2</ele>
      </trkpt><trkpt lat="54.446519" lon="-3.094928">
        <ele>93.2</ele>
      </trkpt><trkpt lat="54.446532" lon="-3.094869">
        <ele>93.2</ele>
      </trkpt><trkpt lat="54.446521" lon="-3.094844">
        <ele>93.2</ele>
      </trkpt><trkpt lat="54.446291" lon="-3.094324">
        <ele>93.2</ele>
      </trkpt><trkpt lat="54.446265" lon="-3.094025">
        <ele>93.1</ele>
      </trkpt><trkpt lat="54.446295" lon="-3.093927">
        <ele>93.1</ele>
      </trkpt><trkpt lat="54.446392" lon="-3.093866">
        <ele>93.2</ele>
      </trkpt><trkpt lat="54.446535" lon="-3.09364">
        <ele>93.3</ele>
      </trkpt><trkpt lat="54.446742" lon="-3.093093">
        <ele>93.6</ele>
      </trkpt><trkpt lat="54.446729" lon="-3.093084">
        <ele>93.7</ele>
      </trkpt><trkpt lat="54.446689" lon="-3.093049">
        <ele>93.7</ele>
      </trkpt><trkpt lat="54.44663" lon="-3.092994">
        <ele>93.7</ele>
      </trkpt><trkpt lat="54.446602" lon="-3.092964">
        <ele>93.8</ele>
      </trkpt><trkpt lat="54.446599" lon="-3.092876">
        <ele>93.8</ele>
      </trkpt><trkpt lat="54.446599" lon="-3.092876">
        <ele>93.8</ele>
      </trkpt><trkpt lat="54.446596" lon="-3.092794">
        <ele>93.9</ele>
      </trkpt><trkpt lat="54.446667" lon="-3.092537">
        <ele>94</ele>
      </trkpt><trkpt lat="54.446826" lon="-3.092329">
        <ele>94.1</ele>
      </trkpt><trkpt lat="54.446951" lon="-3.092251">
        <ele>94.2</ele>
      </trkpt><trkpt lat="54.44701" lon="-3.092115">
        <ele>94.2</ele>
      </trkpt><trkpt lat="54.44716" lon="-3.091491">
        <ele>94.4</ele>
      </trkpt><trkpt lat="54.447237" lon="-3.091157">
        <ele>94.6</ele>
      </trkpt><trkpt lat="54.447559" lon="-3.090275">
        <ele>94.9</ele>
      </trkpt><trkpt lat="54.447631" lon="-3.090288">
        <ele>94.9</ele>
      </trkpt><trkpt lat="54.448108" lon="-3.0901">
        <ele>94.4</ele>
      </trkpt><trkpt lat="54.448198" lon="-3.090016">
        <ele>94.5</ele>
      </trkpt><trkpt lat="54.448217" lon="-3.089881">
        <ele>94.4</ele>
      </trkpt><trkpt lat="54.4483" lon="-3.08987">
        <ele>94.3</ele>
      </trkpt><trkpt lat="54.448421" lon="-3.089633">
        <ele>94</ele>
      </trkpt><trkpt lat="54.44859" lon="-3.089159">
        <ele>93.4</ele>
      </trkpt><trkpt lat="54.448647" lon="-3.089011">
        <ele>93.2</ele>
      </trkpt><trkpt lat="54.448697" lon="-3.088966">
        <ele>93</ele>
      </trkpt><trkpt lat="54.448791" lon="-3.089018">
        <ele>92.7</ele>
      </trkpt><trkpt lat="54.448879" lon="-3.089018">
        <ele>92.4</ele>
      </trkpt><trkpt lat="54.448811" lon="-3.088812">
        <ele>91.9</ele>
      </trkpt><trkpt lat="54.448768" lon="-3.088638">
        <ele>91.6</ele>
      </trkpt><trkpt lat="54.448673" lon="-3.088448">
        <ele>91.1</ele>
      </trkpt><trkpt lat="54.448345" lon="-3.087793">
        <ele>90.3</ele>
      </trkpt><trkpt lat="54.4483" lon="-3.087726">
        <ele>90.2</ele>
      </trkpt><trkpt lat="54.447958" lon="-3.088363">
        <ele>89.3</ele>
      </trkpt><trkpt lat="54.447878" lon="-3.088531">
        <ele>89.2</ele>
      </trkpt><trkpt lat="54.44731" lon="-3.089673">
        <ele>89</ele>
      </trkpt><trkpt lat="54.447226" lon="-3.089336">
        <ele>89</ele>
      </trkpt><trkpt lat="54.44701" lon="-3.088813">
        <ele>89</ele>
      </trkpt><trkpt lat="54.446753" lon="-3.088487">
        <ele>89</ele>
      </trkpt><trkpt lat="54.446647" lon="-3.088324">
        <ele>89</ele>
      </trkpt><trkpt lat="54.446588" lon="-3.088283">
        <ele>89</ele>
      </trkpt><trkpt lat="54.446503" lon="-3.088303">
        <ele>89</ele>
      </trkpt><trkpt lat="54.445714" lon="-3.088685">
        <ele>90.3</ele>
      </trkpt><trkpt lat="54.445604" lon="-3.088668">
        <ele>90.6</ele>
      </trkpt><trkpt lat="54.445537" lon="-3.088613">
        <ele>90.9</ele>
      </trkpt><trkpt lat="54.44541" lon="-3.088442">
        <ele>91.3</ele>
      </trkpt><trkpt lat="54.445156" lon="-3.087921">
        <ele>92.3</ele>
      </trkpt><trkpt lat="54.445019" lon="-3.08775">
        <ele>92.6</ele>
      </trkpt><trkpt lat="54.44498" lon="-3.087471">
        <ele>93</ele>
      </trkpt><trkpt lat="54.444955" lon="-3.087327">
        <ele>93.2</ele>
      </trkpt><trkpt lat="54.444913" lon="-3.087233">
        <ele>93.4</ele>
      </trkpt><trkpt lat="54.444972" lon="-3.087087">
        <ele>93.7</ele>
      </trkpt><trkpt lat="54.445021" lon="-3.086702">
        <ele>94.7</ele>
      </trkpt><trkpt lat="54.445079" lon="-3.086483">
        <ele>95.4</ele>
      </trkpt><trkpt lat="54.445181" lon="-3.086313">
        <ele>96.3</ele>
      </trkpt><trkpt lat="54.44531" lon="-3.085732">
        <ele>99</ele>
      </trkpt><trkpt lat="54.445341" lon="-3.085653">
        <ele>99.5</ele>
      </trkpt><trkpt lat="54.445284" lon="-3.08506">
        <ele>102.9</ele>
      </trkpt><trkpt lat="54.445284" lon="-3.085054">
        <ele>102.9</ele>
      </trkpt><trkpt lat="54.44504" lon="-3.08372">
        <ele>114.6</ele>
      </trkpt><trkpt lat="54.44502" lon="-3.083069">
        <ele>119.9</ele>
      </trkpt><trkpt lat="54.445087" lon="-3.082498">
        <ele>123.7</ele>
      </trkpt><trkpt lat="54.445091" lon="-3.082289">
        <ele>124.7</ele>
      </trkpt><trkpt lat="54.445063" lon="-3.082174">
        <ele>125.3</ele>
      </trkpt><trkpt lat="54.44508" lon="-3.082067">
        <ele>125.7</ele>
      </trkpt><trkpt lat="54.445045" lon="-3.081924">
        <ele>126.3</ele>
      </trkpt><trkpt lat="54.445072" lon="-3.081827">
        <ele>126.6</ele>
      </trkpt><trkpt lat="54.445241" lon="-3.08166">
        <ele>127.3</ele>
      </trkpt><trkpt lat="54.445263" lon="-3.081498">
        <ele>127.5</ele>
      </trkpt><trkpt lat="54.445426" lon="-3.081234">
        <ele>127.6</ele>
      </trkpt><trkpt lat="54.445438" lon="-3.081046">
        <ele>127.5</ele>
      </trkpt><trkpt lat="54.445525" lon="-3.080825">
        <ele>127</ele>
      </trkpt><trkpt lat="54.445582" lon="-3.080301">
        <ele>125.7</ele>
      </trkpt><trkpt lat="54.445657" lon="-3.079976">
        <ele>124.7</ele>
      </trkpt><trkpt lat="54.44586" lon="-3.079401">
        <ele>122.8</ele>
      </trkpt><trkpt lat="54.445824" lon="-3.079058">
        <ele>121.9</ele>
      </trkpt><trkpt lat="54.445895" lon="-3.077999">
        <ele>118.9</ele>
      </trkpt><trkpt lat="54.445881" lon="-3.077867">
        <ele>118.5</ele>
      </trkpt><trkpt lat="54.445836" lon="-3.077786">
        <ele>118.2</ele>
      </trkpt><trkpt lat="54.445838" lon="-3.077771">
        <ele>118.2</ele>
      </trkpt><trkpt lat="54.445845" lon="-3.077589">
        <ele>117.6</ele>
      </trkpt><trkpt lat="54.445788" lon="-3.077339">
        <ele>116.8</ele>
      </trkpt><trkpt lat="54.445782" lon="-3.076716">
        <ele>115</ele>
      </trkpt><trkpt lat="54.445815" lon="-3.074632">
        <ele>108</ele>
      </trkpt><trkpt lat="54.44574" lon="-3.074249">
        <ele>106.6</ele>
      </trkpt><trkpt lat="54.445668" lon="-3.074009">
        <ele>105.6</ele>
      </trkpt><trkpt lat="54.445547" lon="-3.073793">
        <ele>104.4</ele>
      </trkpt><trkpt lat="54.445516" lon="-3.073638">
        <ele>103.8</ele>
      </trkpt><trkpt lat="54.445522" lon="-3.073458">
        <ele>103.1</ele>
      </trkpt><trkpt lat="54.445292" lon="-3.072835">
        <ele>100.1</ele>
      </trkpt><trkpt lat="54.44525" lon="-3.072486">
        <ele>98.8</ele>
      </trkpt><trkpt lat="54.445101" lon="-3.071991">
        <ele>97</ele>
      </trkpt><trkpt lat="54.444979" lon="-3.071859">
        <ele>96.2</ele>
      </trkpt><trkpt lat="54.444835" lon="-3.071631">
        <ele>95.3</ele>
      </trkpt><trkpt lat="54.444752" lon="-3.071204">
        <ele>94.3</ele>
      </trkpt><trkpt lat="54.444694" lon="-3.071134">
        <ele>94.1</ele>
      </trkpt><trkpt lat="54.44464" lon="-3.071143">
        <ele>94</ele>
      </trkpt><trkpt lat="54.444034" lon="-3.070329">
        <ele>93.3</ele>
      </trkpt><trkpt lat="54.444003" lon="-3.070176">
        <ele>93.4</ele>
      </trkpt><trkpt lat="54.443916" lon="-3.070021">
        <ele>93.4</ele>
      </trkpt><trkpt lat="54.443853" lon="-3.069843">
        <ele>93.5</ele>
      </trkpt><trkpt lat="54.443749" lon="-3.069386">
        <ele>93.4</ele>
      </trkpt><trkpt lat="54.443657" lon="-3.068539">
        <ele>92.5</ele>
      </trkpt><trkpt lat="54.443297" lon="-3.06845">
        <ele>91.1</ele>
      </trkpt><trkpt lat="54.443094" lon="-3.068349">
        <ele>90.2</ele>
      </trkpt><trkpt lat="54.442704" lon="-3.06797">
        <ele>88.3</ele>
      </trkpt><trkpt lat="54.442535" lon="-3.067753">
        <ele>87.3</ele>
      </trkpt><trkpt lat="54.442459" lon="-3.067567">
        <ele>86.8</ele>
      </trkpt><trkpt lat="54.442462" lon="-3.067495">
        <ele>86.6</ele>
      </trkpt><trkpt lat="54.442553" lon="-3.067296">
        <ele>85.9</ele>
      </trkpt><trkpt lat="54.442684" lon="-3.066764">
        <ele>84.6</ele>
      </trkpt><trkpt lat="54.44286" lon="-3.066293">
        <ele>83.6</ele>
      </trkpt><trkpt lat="54.443016" lon="-3.066087">
        <ele>83.1</ele>
      </trkpt><trkpt lat="54.443119" lon="-3.065884">
        <ele>82.8</ele>
      </trkpt><trkpt lat="54.443261" lon="-3.065285">
        <ele>82.3</ele>
      </trkpt><trkpt lat="54.443426" lon="-3.065208">
        <ele>82.1</ele>
      </trkpt><trkpt lat="54.443507" lon="-3.065161">
        <ele>82</ele>
      </trkpt><trkpt lat="54.443675" lon="-3.06511">
        <ele>81.9</ele>
      </trkpt><trkpt lat="54.443833" lon="-3.064984">
        <ele>81.7</ele>
      </trkpt><trkpt lat="54.44417" lon="-3.06435">
        <ele>81.6</ele>
      </trkpt><trkpt lat="54.444296" lon="-3.064185">
        <ele>81.5</ele>
      </trkpt><trkpt lat="54.444934" lon="-3.063808">
        <ele>81.3</ele>
      </trkpt><trkpt lat="54.44512" lon="-3.063734">
        <ele>81.3</ele>
      </trkpt><trkpt lat="54.444934" lon="-3.063808">
        <ele>81.3</ele>
      </trkpt><trkpt lat="54.444296" lon="-3.064185">
        <ele>81.5</ele>
      </trkpt><trkpt lat="54.44417" lon="-3.06435">
        <ele>81.6</ele>
      </trkpt><trkpt lat="54.443833" lon="-3.064984">
        <ele>81.7</ele>
      </trkpt><trkpt lat="54.443675" lon="-3.06511">
        <ele>81.7</ele>
      </trkpt><trkpt lat="54.443507" lon="-3.065161">
        <ele>81.8</ele>
      </trkpt><trkpt lat="54.443426" lon="-3.065208">
        <ele>81.8</ele>
      </trkpt><trkpt lat="54.443261" lon="-3.065285">
        <ele>81.8</ele>
      </trkpt><trkpt lat="54.443295" lon="-3.064997">
        <ele>81.8</ele>
      </trkpt><trkpt lat="54.443248" lon="-3.06457">
        <ele>81.8</ele>
      </trkpt><trkpt lat="54.443229" lon="-3.064482">
        <ele>81.8</ele>
      </trkpt><trkpt lat="54.443229" lon="-3.064482">
        <ele>81.8</ele>
      </trkpt><trkpt lat="54.442972" lon="-3.063496">
        <ele>81.6</ele>
      </trkpt><trkpt lat="54.4424" lon="-3.062015">
        <ele>81.3</ele>
      </trkpt><trkpt lat="54.442076" lon="-3.06148">
        <ele>81.1</ele>
      </trkpt><trkpt lat="54.441906" lon="-3.061261">
        <ele>81</ele>
      </trkpt><trkpt lat="54.441766" lon="-3.061112">
        <ele>80.9</ele>
      </trkpt><trkpt lat="54.441516" lon="-3.061031">
        <ele>80.8</ele>
      </trkpt><trkpt lat="54.440596" lon="-3.061013">
        <ele>80.6</ele>
      </trkpt><trkpt lat="54.440453" lon="-3.060926">
        <ele>80.5</ele>
      </trkpt><trkpt lat="54.440342" lon="-3.060792">
        <ele>80.5</ele>
      </trkpt><trkpt lat="54.439512" lon="-3.059054">
        <ele>80.2</ele>
      </trkpt><trkpt lat="54.43945" lon="-3.058847">
        <ele>80.2</ele>
      </trkpt><trkpt lat="54.439405" lon="-3.058699">
        <ele>80.2</ele>
      </trkpt><trkpt lat="54.439324" lon="-3.058268">
        <ele>80.1</ele>
      </trkpt><trkpt lat="54.43931" lon="-3.057708">
        <ele>80.1</ele>
      </trkpt><trkpt lat="54.439292" lon="-3.057427">
        <ele>80</ele>
      </trkpt><trkpt lat="54.439221" lon="-3.057143">
        <ele>80</ele>
      </trkpt><trkpt lat="54.439041" lon="-3.056649">
        <ele>80.3</ele>
      </trkpt><trkpt lat="54.438727" lon="-3.055989">
        <ele>81.2</ele>
      </trkpt><trkpt lat="54.438628" lon="-3.055545">
        <ele>81.6</ele>
      </trkpt><trkpt lat="54.438518" lon="-3.054813">
        <ele>81.9</ele>
      </trkpt><trkpt lat="54.438388" lon="-3.054571">
        <ele>82</ele>
      </trkpt><trkpt lat="54.438385" lon="-3.054489">
        <ele>82</ele>
      </trkpt><trkpt lat="54.438464" lon="-3.054331">
        <ele>82.1</ele>
      </trkpt><trkpt lat="54.438556" lon="-3.054338">
        <ele>82.2</ele>
      </trkpt><trkpt lat="54.438638" lon="-3.054361">
        <ele>82.2</ele>
      </trkpt><trkpt lat="54.438663" lon="-3.054369">
        <ele>82.2</ele>
      </trkpt><trkpt lat="54.439155" lon="-3.054475">
        <ele>82.4</ele>
      </trkpt><trkpt lat="54.439201" lon="-3.054455">
        <ele>82.3</ele>
      </trkpt><trkpt lat="54.439352" lon="-3.05417">
        <ele>82.2</ele>
      </trkpt><trkpt lat="54.439359" lon="-3.054033">
        <ele>82.1</ele>
      </trkpt><trkpt lat="54.439223" lon="-3.05313">
        <ele>82.5</ele>
      </trkpt><trkpt lat="54.439306" lon="-3.052396">
        <ele>83.4</ele>
      </trkpt><trkpt lat="54.439111" lon="-3.051905">
        <ele>84</ele>
      </trkpt><trkpt lat="54.438888" lon="-3.051128">
        <ele>84.7</ele>
      </trkpt><trkpt lat="54.438693" lon="-3.050988">
        <ele>85.1</ele>
      </trkpt><trkpt lat="54.438643" lon="-3.050865">
        <ele>85.3</ele>
      </trkpt><trkpt lat="54.43865" lon="-3.050629">
        <ele>85.5</ele>
      </trkpt><trkpt lat="54.438599" lon="-3.050213">
        <ele>85.9</ele>
      </trkpt><trkpt lat="54.438545" lon="-3.049683">
        <ele>86</ele>
      </trkpt><trkpt lat="54.438487" lon="-3.049409">
        <ele>85.9</ele>
      </trkpt><trkpt lat="54.438382" lon="-3.049168">
        <ele>85.7</ele>
      </trkpt><trkpt lat="54.438226" lon="-3.049018">
        <ele>85.5</ele>
      </trkpt><trkpt lat="54.438173" lon="-3.04885">
        <ele>85.3</ele>
      </trkpt><trkpt lat="54.438132" lon="-3.048221">
        <ele>84.3</ele>
      </trkpt><trkpt lat="54.438133" lon="-3.047581">
        <ele>83.2</ele>
      </trkpt><trkpt lat="54.438194" lon="-3.047449">
        <ele>82.8</ele>
      </trkpt><trkpt lat="54.438334" lon="-3.047317">
        <ele>82.2</ele>
      </trkpt><trkpt lat="54.438356" lon="-3.047244">
        <ele>82</ele>
      </trkpt><trkpt lat="54.438316" lon="-3.046958">
        <ele>81.3</ele>
      </trkpt><trkpt lat="54.438106" lon="-3.046757">
        <ele>80.5</ele>
      </trkpt><trkpt lat="54.438063" lon="-3.046628">
        <ele>80.3</ele>
      </trkpt><trkpt lat="54.438044" lon="-3.046481">
        <ele>80.1</ele>
      </trkpt><trkpt lat="54.438023" lon="-3.045943">
        <ele>79.6</ele>
      </trkpt><trkpt lat="54.437746" lon="-3.045931">
        <ele>79.3</ele>
      </trkpt><trkpt lat="54.437661" lon="-3.045771">
        <ele>79.3</ele>
      </trkpt><trkpt lat="54.437641" lon="-3.045718">
        <ele>79.4</ele>
      </trkpt><trkpt lat="54.437532" lon="-3.045765">
        <ele>79.4</ele>
      </trkpt><trkpt lat="54.437428" lon="-3.04585">
        <ele>79.6</ele>
      </trkpt><trkpt lat="54.437213" lon="-3.046075">
        <ele>80.2</ele>
      </trkpt><trkpt lat="54.437019" lon="-3.046448">
        <ele>81.5</ele>
      </trkpt><trkpt lat="54.436758" lon="-3.046544">
        <ele>83</ele>
      </trkpt><trkpt lat="54.43659" lon="-3.046546">
        <ele>84.1</ele>
      </trkpt><trkpt lat="54.436342" lon="-3.046237">
        <ele>86.5</ele>
      </trkpt><trkpt lat="54.436291" lon="-3.046173">
        <ele>87.1</ele>
      </trkpt><trkpt lat="54.436055" lon="-3.046082">
        <ele>89.2</ele>
      </trkpt><trkpt lat="54.435667" lon="-3.045985">
        <ele>93</ele>
      </trkpt><trkpt lat="54.435503" lon="-3.045903">
        <ele>94.8</ele>
      </trkpt><trkpt lat="54.435392" lon="-3.045837">
        <ele>96.1</ele>
      </trkpt><trkpt lat="54.43516" lon="-3.045268">
        <ele>100.3</ele>
      </trkpt><trkpt lat="54.434961" lon="-3.045078">
        <ele>102.4</ele>
      </trkpt><trkpt lat="54.434914" lon="-3.044777">
        <ele>104</ele>
      </trkpt><trkpt lat="54.434623" lon="-3.045024">
        <ele>106.5</ele>
      </trkpt><trkpt lat="54.43459" lon="-3.045009">
        <ele>106.7</ele>
      </trkpt><trkpt lat="54.434577" lon="-3.044954">
        <ele>106.9</ele>
      </trkpt><trkpt lat="54.43459" lon="-3.045009">
        <ele>107.1</ele>
      </trkpt><trkpt lat="54.434488" lon="-3.045022">
        <ele>107.7</ele>
      </trkpt><trkpt lat="54.434455" lon="-3.045046">
        <ele>107.9</ele>
      </trkpt><trkpt lat="54.434409" lon="-3.045041">
        <ele>108.2</ele>
      </trkpt><trkpt lat="54.434345" lon="-3.0451">
        <ele>108.5</ele>
      </trkpt><trkpt lat="54.43427" lon="-3.045297">
        <ele>109.4</ele>
      </trkpt><trkpt lat="54.434225" lon="-3.046005">
        <ele>111.5</ele>
      </trkpt><trkpt lat="54.434178" lon="-3.0462">
        <ele>112.1</ele>
      </trkpt><trkpt lat="54.433922" lon="-3.046693">
        <ele>113.8</ele>
      </trkpt><trkpt lat="54.433796" lon="-3.046951">
        <ele>114.7</ele>
      </trkpt><trkpt lat="54.433445" lon="-3.047251">
        <ele>116.5</ele>
      </trkpt><trkpt lat="54.432395" lon="-3.047329">
        <ele>123.4</ele>
      </trkpt><trkpt lat="54.432293" lon="-3.047301">
        <ele>124.5</ele>
      </trkpt><trkpt lat="54.432247" lon="-3.04733">
        <ele>124.9</ele>
      </trkpt><trkpt lat="54.432016" lon="-3.047354">
        <ele>127.1</ele>
      </trkpt><trkpt lat="54.431849" lon="-3.047931">
        <ele>131.1</ele>
      </trkpt><trkpt lat="54.431631" lon="-3.048144">
        <ele>134.2</ele>
      </trkpt><trkpt lat="54.431531" lon="-3.048179">
        <ele>135.5</ele>
      </trkpt><trkpt lat="54.43148" lon="-3.048276">
        <ele>136.5</ele>
      </trkpt><trkpt lat="54.431405" lon="-3.048316">
        <ele>137.5</ele>
      </trkpt><trkpt lat="54.431362" lon="-3.04842">
        <ele>138.6</ele>
      </trkpt><trkpt lat="54.43131" lon="-3.048455">
        <ele>139.3</ele>
      </trkpt><trkpt lat="54.431277" lon="-3.048529">
        <ele>140.1</ele>
      </trkpt><trkpt lat="54.430881" lon="-3.048936">
        <ele>146.6</ele>
      </trkpt><trkpt lat="54.430628" lon="-3.050025">
        <ele>155.5</ele>
      </trkpt><trkpt lat="54.43057" lon="-3.050362">
        <ele>158.2</ele>
      </trkpt><trkpt lat="54.430442" lon="-3.050745">
        <ele>161.2</ele>
      </trkpt><trkpt lat="54.430211" lon="-3.051928">
        <ele>169.8</ele>
      </trkpt><trkpt lat="54.430087" lon="-3.052332">
        <ele>172.7</ele>
      </trkpt><trkpt lat="54.43004" lon="-3.052875">
        <ele>176.1</ele>
      </trkpt><trkpt lat="54.430075" lon="-3.053212">
        <ele>178.2</ele>
      </trkpt><trkpt lat="54.430225" lon="-3.053489">
        <ele>180.5</ele>
      </trkpt><trkpt lat="54.430478" lon="-3.053707">
        <ele>183.3</ele>
      </trkpt><trkpt lat="54.430789" lon="-3.0544">
        <ele>188.4</ele>
      </trkpt><trkpt lat="54.430936" lon="-3.054899">
        <ele>192</ele>
      </trkpt><trkpt lat="54.431021" lon="-3.055097">
        <ele>193.8</ele>
      </trkpt><trkpt lat="54.431107" lon="-3.055287">
        <ele>195.6</ele>
      </trkpt><trkpt lat="54.431129" lon="-3.055437">
        <ele>196.8</ele>
      </trkpt><trkpt lat="54.43116" lon="-3.055755">
        <ele>199.6</ele>
      </trkpt><trkpt lat="54.431157" lon="-3.056247">
        <ele>204.3</ele>
      </trkpt><trkpt lat="54.431107" lon="-3.056615">
        <ele>208.3</ele>
      </trkpt><trkpt lat="54.431016" lon="-3.056934">
        <ele>212.2</ele>
      </trkpt><trkpt lat="54.430943" lon="-3.057351">
        <ele>217.3</ele>
      </trkpt><trkpt lat="54.430844" lon="-3.05847">
        <ele>230.8</ele>
      </trkpt><trkpt lat="54.430833" lon="-3.059068">
        <ele>237.7</ele>
      </trkpt><trkpt lat="54.430789" lon="-3.059598">
        <ele>243.7</ele>
      </trkpt><trkpt lat="54.430555" lon="-3.060029">
        <ele>250.1</ele>
      </trkpt><trkpt lat="54.430352" lon="-3.060055">
        <ele>253.8</ele>
      </trkpt><trkpt lat="54.430327" lon="-3.060127">
        <ele>254.7</ele>
      </trkpt><trkpt lat="54.430334" lon="-3.060428">
        <ele>257.9</ele>
      </trkpt><trkpt lat="54.430273" lon="-3.0608">
        <ele>262.2</ele>
      </trkpt><trkpt lat="54.430282" lon="-3.060989">
        <ele>264.3</ele>
      </trkpt><trkpt lat="54.430159" lon="-3.061755">
        <ele>272.9</ele>
      </trkpt><trkpt lat="54.430049" lon="-3.061602">
        <ele>275.5</ele>
      </trkpt><trkpt lat="54.429998" lon="-3.061446">
        <ele>277.5</ele>
      </trkpt><trkpt lat="54.429787" lon="-3.061106">
        <ele>283.1</ele>
      </trkpt><trkpt lat="54.429727" lon="-3.060741">
        <ele>287.5</ele>
      </trkpt><trkpt lat="54.4296" lon="-3.060529">
        <ele>291</ele>
      </trkpt><trkpt lat="54.429553" lon="-3.06055">
        <ele>292</ele>
      </trkpt><trkpt lat="54.429451" lon="-3.060868">
        <ele>296.2</ele>
      </trkpt><trkpt lat="54.429295" lon="-3.060656">
        <ele>300</ele>
      </trkpt><trkpt lat="54.429247" lon="-3.060532">
        <ele>301.7</ele>
      </trkpt><trkpt lat="54.42914" lon="-3.060657">
        <ele>304.3</ele>
      </trkpt><trkpt lat="54.428895" lon="-3.060682">
        <ele>309.6</ele>
      </trkpt><trkpt lat="54.428818" lon="-3.060632">
        <ele>311.3</ele>
      </trkpt><trkpt lat="54.428583" lon="-3.060627">
        <ele>316.4</ele>
      </trkpt><trkpt lat="54.428462" lon="-3.06071">
        <ele>319.3</ele>
      </trkpt><trkpt lat="54.428348" lon="-3.060854">
        <ele>322.3</ele>
      </trkpt><trkpt lat="54.428267" lon="-3.060831">
        <ele>324.1</ele>
      </trkpt><trkpt lat="54.428267" lon="-3.060831">
        <ele>324.1</ele>
      </trkpt><trkpt lat="54.428233" lon="-3.060844">
        <ele>324.8</ele>
      </trkpt><trkpt lat="54.428238" lon="-3.060943">
        <ele>326.1</ele>
      </trkpt><trkpt lat="54.428201" lon="-3.061189">
        <ele>329.1</ele>
      </trkpt><trkpt lat="54.428041" lon="-3.061637">
        <ele>335.3</ele>
      </trkpt><trkpt lat="54.427989" lon="-3.06189">
        <ele>338.4</ele>
      </trkpt><trkpt lat="54.427953" lon="-3.062243">
        <ele>342.8</ele>
      </trkpt><trkpt lat="54.427902" lon="-3.062458">
        <ele>345.8</ele>
      </trkpt><trkpt lat="54.427883" lon="-3.062704">
        <ele>349.1</ele>
      </trkpt><trkpt lat="54.427946" lon="-3.062954">
        <ele>352.6</ele>
      </trkpt><trkpt lat="54.428045" lon="-3.062873">
        <ele>355</ele>
      </trkpt><trkpt lat="54.428072" lon="-3.06289">
        <ele>355.6</ele>
      </trkpt><trkpt lat="54.428098" lon="-3.063035">
        <ele>357.5</ele>
      </trkpt><trkpt lat="54.428069" lon="-3.063233">
        <ele>360</ele>
      </trkpt><trkpt lat="54.428105" lon="-3.063429">
        <ele>362.6</ele>
      </trkpt><trkpt lat="54.428179" lon="-3.063544">
        <ele>364.7</ele>
      </trkpt><trkpt lat="54.4282" lon="-3.063717">
        <ele>366.7</ele>
      </trkpt><trkpt lat="54.42817" lon="-3.063865">
        <ele>368.5</ele>
      </trkpt><trkpt lat="54.428153" lon="-3.064246">
        <ele>373</ele>
      </trkpt><trkpt lat="54.428172" lon="-3.064388">
        <ele>374.7</ele>
      </trkpt><trkpt lat="54.428217" lon="-3.064464">
        <ele>375.9</ele>
      </trkpt><trkpt lat="54.428293" lon="-3.065033">
        <ele>383</ele>
      </trkpt><trkpt lat="54.428233" lon="-3.065219">
        <ele>385.6</ele>
      </trkpt><trkpt lat="54.42823" lon="-3.06523">
        <ele>385.7</ele>
      </trkpt><trkpt lat="54.428147" lon="-3.065428">
        <ele>388.5</ele>
      </trkpt><trkpt lat="54.428058" lon="-3.06606">
        <ele>395.5</ele>
      </trkpt><trkpt lat="54.428225" lon="-3.066617">
        <ele>401.3</ele>
      </trkpt><trkpt lat="54.428238" lon="-3.066794">
        <ele>402.8</ele>
      </trkpt><trkpt lat="54.428274" lon="-3.066915">
        <ele>403.9</ele>
      </trkpt><trkpt lat="54.428264" lon="-3.067057">
        <ele>405</ele>
      </trkpt><trkpt lat="54.428472" lon="-3.067364">
        <ele>408.5</ele>
      </trkpt><trkpt lat="54.428512" lon="-3.067546">
        <ele>409.7</ele>
      </trkpt><trkpt lat="54.428563" lon="-3.067835">
        <ele>411.3</ele>
      </trkpt><trkpt lat="54.428691" lon="-3.068177">
        <ele>413</ele>
      </trkpt><trkpt lat="54.428747" lon="-3.06829">
        <ele>413.5</ele>
      </trkpt><trkpt lat="54.429031" lon="-3.068602">
        <ele>414.7</ele>
      </trkpt><trkpt lat="54.429223" lon="-3.068642">
        <ele>415.1</ele>
      </trkpt><trkpt lat="54.429381" lon="-3.068797">
        <ele>415.3</ele>
      </trkpt><trkpt lat="54.429389" lon="-3.06887">
        <ele>415.4</ele>
      </trkpt><trkpt lat="54.429465" lon="-3.068957">
        <ele>415.5</ele>
      </trkpt><trkpt lat="54.429743" lon="-3.06981">
        <ele>416</ele>
      </trkpt><trkpt lat="54.429918" lon="-3.070104">
        <ele>416.4</ele>
      </trkpt><trkpt lat="54.429919" lon="-3.070228">
        <ele>416.5</ele>
      </trkpt><trkpt lat="54.42983" lon="-3.070331">
        <ele>416.7</ele>
      </trkpt><trkpt lat="54.429806" lon="-3.070465">
        <ele>416.9</ele>
      </trkpt><trkpt lat="54.429907" lon="-3.070484">
        <ele>417.1</ele>
      </trkpt><trkpt lat="54.429971" lon="-3.070538">
        <ele>417.3</ele>
      </trkpt><trkpt lat="54.429945" lon="-3.070752">
        <ele>417.6</ele>
      </trkpt><trkpt lat="54.429966" lon="-3.070783">
        <ele>417.7</ele>
      </trkpt><trkpt lat="54.429986" lon="-3.07102">
        <ele>418</ele>
      </trkpt><trkpt lat="54.430029" lon="-3.071154">
        <ele>418.2</ele>
      </trkpt><trkpt lat="54.430029" lon="-3.07129">
        <ele>418.4</ele>
      </trkpt><trkpt lat="54.430134" lon="-3.07143">
        <ele>418.7</ele>
      </trkpt><trkpt lat="54.430101" lon="-3.071599">
        <ele>418.9</ele>
      </trkpt><trkpt lat="54.430154" lon="-3.071742">
        <ele>419</ele>
      </trkpt><trkpt lat="54.430205" lon="-3.071804">
        <ele>419</ele>
      </trkpt><trkpt lat="54.430178" lon="-3.072152">
        <ele>418.9</ele>
      </trkpt><trkpt lat="54.430192" lon="-3.072208">
        <ele>418.9</ele>
      </trkpt><trkpt lat="54.430312" lon="-3.072345">
        <ele>418.8</ele>
      </trkpt><trkpt lat="54.430443" lon="-3.072819">
        <ele>419.1</ele>
      </trkpt><trkpt lat="54.430392" lon="-3.073109">
        <ele>419.4</ele>
      </trkpt><trkpt lat="54.430407" lon="-3.073242">
        <ele>419.5</ele>
      </trkpt><trkpt lat="54.430432" lon="-3.073566">
        <ele>419.8</ele>
      </trkpt><trkpt lat="54.430405" lon="-3.073754">
        <ele>420</ele>
      </trkpt><trkpt lat="54.430488" lon="-3.074002">
        <ele>420.4</ele>
      </trkpt><trkpt lat="54.430709" lon="-3.074">
        <ele>421.5</ele>
      </trkpt><trkpt lat="54.43074" lon="-3.074028">
        <ele>421.7</ele>
      </trkpt><trkpt lat="54.430817" lon="-3.074285">
        <ele>422.8</ele>
      </trkpt><trkpt lat="54.430857" lon="-3.074617">
        <ele>424.5</ele>
      </trkpt><trkpt lat="54.430903" lon="-3.075076">
        <ele>427.8</ele>
      </trkpt><trkpt lat="54.430903" lon="-3.075387">
        <ele>430.4</ele>
      </trkpt><trkpt lat="54.430967" lon="-3.075571">
        <ele>432.4</ele>
      </trkpt><trkpt lat="54.431039" lon="-3.075682">
        <ele>433.9</ele>
      </trkpt><trkpt lat="54.431103" lon="-3.075711">
        <ele>434.8</ele>
      </trkpt><trkpt lat="54.431173" lon="-3.075654">
        <ele>435.9</ele>
      </trkpt><trkpt lat="54.431366" lon="-3.075765">
        <ele>438.7</ele>
      </trkpt><trkpt lat="54.431534" lon="-3.075903">
        <ele>441</ele>
      </trkpt><trkpt lat="54.43166" lon="-3.076096">
        <ele>443.1</ele>
      </trkpt><trkpt lat="54.431911" lon="-3.076361">
        <ele>446.2</ele>
      </trkpt><trkpt lat="54.431956" lon="-3.076312">
        <ele>446.8</ele>
      </trkpt><trkpt lat="54.431967" lon="-3.076364">
        <ele>447</ele>
      </trkpt><trkpt lat="54.431992" lon="-3.076357">
        <ele>447.3</ele>
      </trkpt><trkpt lat="54.431992" lon="-3.076357">
        <ele>447.3</ele>
      </trkpt><trkpt lat="54.432001" lon="-3.076357">
        <ele>447.3</ele>
      </trkpt><trkpt lat="54.432006" lon="-3.076426">
        <ele>447.7</ele>
      </trkpt><trkpt lat="54.432061" lon="-3.076522">
        <ele>448.3</ele>
      </trkpt><trkpt lat="54.432115" lon="-3.07644">
        <ele>448.8</ele>
      </trkpt><trkpt lat="54.432082" lon="-3.076383">
        <ele>449.1</ele>
      </trkpt><trkpt lat="54.432115" lon="-3.07644">
        <ele>449.3</ele>
      </trkpt><trkpt lat="54.432061" lon="-3.076522">
        <ele>449.7</ele>
      </trkpt><trkpt lat="54.432154" lon="-3.076758">
        <ele>450.3</ele>
      </trkpt><trkpt lat="54.432224" lon="-3.077002">
        <ele>450.6</ele>
      </trkpt><trkpt lat="54.432252" lon="-3.077059">
        <ele>450.6</ele>
      </trkpt><trkpt lat="54.432246" lon="-3.077137">
        <ele>450.6</ele>
      </trkpt><trkpt lat="54.432303" lon="-3.077431">
        <ele>450.5</ele>
      </trkpt><trkpt lat="54.432407" lon="-3.077689">
        <ele>450</ele>
      </trkpt><trkpt lat="54.432665" lon="-3.078149">
        <ele>448.3</ele>
      </trkpt><trkpt lat="54.432746" lon="-3.078203">
        <ele>447.8</ele>
      </trkpt><trkpt lat="54.432789" lon="-3.078331">
        <ele>447.2</ele>
      </trkpt><trkpt lat="54.432787" lon="-3.078523">
        <ele>446.5</ele>
      </trkpt><trkpt lat="54.432817" lon="-3.0786">
        <ele>446</ele>
      </trkpt><trkpt lat="54.432915" lon="-3.078676">
        <ele>445.3</ele>
      </trkpt><trkpt lat="54.432963" lon="-3.078839">
        <ele>444.6</ele>
      </trkpt><trkpt lat="54.433071" lon="-3.079036">
        <ele>443.5</ele>
      </trkpt><trkpt lat="54.433169" lon="-3.079023">
        <ele>442.7</ele>
      </trkpt><trkpt lat="54.43318" lon="-3.079099">
        <ele>442.3</ele>
      </trkpt><trkpt lat="54.433252" lon="-3.079144">
        <ele>441.7</ele>
      </trkpt><trkpt lat="54.433421" lon="-3.079364">
        <ele>440</ele>
      </trkpt><trkpt lat="54.433711" lon="-3.079816">
        <ele>436.8</ele>
      </trkpt><trkpt lat="54.433999" lon="-3.080074">
        <ele>434</ele>
      </trkpt><trkpt lat="54.434073" lon="-3.080123">
        <ele>433.4</ele>
      </trkpt><trkpt lat="54.43416" lon="-3.080121">
        <ele>432.6</ele>
      </trkpt><trkpt lat="54.434263" lon="-3.080365">
        <ele>431.1</ele>
      </trkpt><trkpt lat="54.43432" lon="-3.080427">
        <ele>430.5</ele>
      </trkpt><trkpt lat="54.434316" lon="-3.080488">
        <ele>430.1</ele>
      </trkpt><trkpt lat="54.434363" lon="-3.080482">
        <ele>429.8</ele>
      </trkpt><trkpt lat="54.434495" lon="-3.080631">
        <ele>428.4</ele>
      </trkpt><trkpt lat="54.434583" lon="-3.080785">
        <ele>427.4</ele>
      </trkpt><trkpt lat="54.434622" lon="-3.080795">
        <ele>427.2</ele>
      </trkpt><trkpt lat="54.435009" lon="-3.081262">
        <ele>423.9</ele>
      </trkpt><trkpt lat="54.435167" lon="-3.081615">
        <ele>421.5</ele>
      </trkpt><trkpt lat="54.4353" lon="-3.081815">
        <ele>419.8</ele>
      </trkpt><trkpt lat="54.435457" lon="-3.081986">
        <ele>418.1</ele>
      </trkpt><trkpt lat="54.435652" lon="-3.082069">
        <ele>415.7</ele>
      </trkpt><trkpt lat="54.43573" lon="-3.08219">
        <ele>414.2</ele>
      </trkpt><trkpt lat="54.435682" lon="-3.082436">
        <ele>411.8</ele>
      </trkpt><trkpt lat="54.435749" lon="-3.082687">
        <ele>409.1</ele>
      </trkpt><trkpt lat="54.435976" lon="-3.082842">
        <ele>405.4</ele>
      </trkpt><trkpt lat="54.436072" lon="-3.083166">
        <ele>402</ele>
      </trkpt><trkpt lat="54.436066" lon="-3.083331">
        <ele>400.3</ele>
      </trkpt><trkpt lat="54.436036" lon="-3.083578">
        <ele>397.5</ele>
      </trkpt><trkpt lat="54.436146" lon="-3.083746">
        <ele>394.6</ele>
      </trkpt><trkpt lat="54.436152" lon="-3.083768">
        <ele>394.3</ele>
      </trkpt><trkpt lat="54.436197" lon="-3.083888">
        <ele>392.5</ele>
      </trkpt><trkpt lat="54.436258" lon="-3.083935">
        <ele>391.1</ele>
      </trkpt><trkpt lat="54.436234" lon="-3.084009">
        <ele>390</ele>
      </trkpt><trkpt lat="54.436426" lon="-3.084298">
        <ele>384.7</ele>
      </trkpt><trkpt lat="54.436443" lon="-3.084388">
        <ele>383.6</ele>
      </trkpt><trkpt lat="54.436677" lon="-3.084948">
        <ele>374.3</ele>
      </trkpt><trkpt lat="54.436759" lon="-3.085024">
        <ele>372.1</ele>
      </trkpt><trkpt lat="54.436841" lon="-3.0851">
        <ele>369.9</ele>
      </trkpt><trkpt lat="54.436866" lon="-3.085201">
        <ele>368.4</ele>
      </trkpt><trkpt lat="54.436992" lon="-3.085378">
        <ele>364.8</ele>
      </trkpt><trkpt lat="54.43708" lon="-3.085399">
        <ele>362.7</ele>
      </trkpt><trkpt lat="54.437114" lon="-3.085463">
        <ele>361.5</ele>
      </trkpt><trkpt lat="54.437269" lon="-3.085435">
        <ele>357.7</ele>
      </trkpt><trkpt lat="54.437348" lon="-3.085609">
        <ele>354.5</ele>
      </trkpt><trkpt lat="54.43733" lon="-3.085632">
        <ele>353.9</ele>
      </trkpt><trkpt lat="54.43733" lon="-3.085632">
        <ele>353.9</ele>
      </trkpt><trkpt lat="54.437287" lon="-3.085697">
        <ele>352.4</ele>
      </trkpt><trkpt lat="54.437253" lon="-3.085851">
        <ele>350.1</ele>
      </trkpt><trkpt lat="54.437324" lon="-3.086208">
        <ele>344.8</ele>
      </trkpt><trkpt lat="54.437409" lon="-3.086356">
        <ele>341.9</ele>
      </trkpt><trkpt lat="54.437464" lon="-3.086372">
        <ele>340.7</ele>
      </trkpt><trkpt lat="54.437491" lon="-3.086442">
        <ele>339.6</ele>
      </trkpt><trkpt lat="54.437563" lon="-3.086498">
        <ele>337.8</ele>
      </trkpt><trkpt lat="54.43765" lon="-3.086634">
        <ele>335.3</ele>
      </trkpt><trkpt lat="54.437849" lon="-3.086773">
        <ele>330.5</ele>
      </trkpt><trkpt lat="54.437905" lon="-3.086877">
        <ele>328.6</ele>
      </trkpt><trkpt lat="54.437925" lon="-3.087035">
        <ele>326.4</ele>
      </trkpt><trkpt lat="54.437881" lon="-3.087192">
        <ele>324.2</ele>
      </trkpt><trkpt lat="54.437996" lon="-3.08785">
        <ele>316.6</ele>
      </trkpt><trkpt lat="54.437951" lon="-3.087893">
        <ele>315.6</ele>
      </trkpt><trkpt lat="54.43793" lon="-3.087978">
        <ele>314.6</ele>
      </trkpt><trkpt lat="54.438043" lon="-3.088141">
        <ele>312.1</ele>
      </trkpt><trkpt lat="54.438107" lon="-3.088357">
        <ele>309.8</ele>
      </trkpt><trkpt lat="54.438198" lon="-3.088939">
        <ele>304.5</ele>
      </trkpt><trkpt lat="54.438184" lon="-3.089049">
        <ele>303.6</ele>
      </trkpt><trkpt lat="54.438291" lon="-3.089274">
        <ele>301.4</ele>
      </trkpt><trkpt lat="54.43831" lon="-3.089432">
        <ele>300.4</ele>
      </trkpt><trkpt lat="54.438285" lon="-3.089479">
        <ele>300.1</ele>
      </trkpt><trkpt lat="54.438257" lon="-3.089723">
        <ele>298.6</ele>
      </trkpt><trkpt lat="54.438283" lon="-3.090086">
        <ele>296.4</ele>
      </trkpt><trkpt lat="54.438328" lon="-3.090238">
        <ele>295.7</ele>
      </trkpt><trkpt lat="54.438156" lon="-3.090401">
        <ele>294.5</ele>
      </trkpt><trkpt lat="54.438095" lon="-3.090606">
        <ele>294.2</ele>
      </trkpt><trkpt lat="54.438101" lon="-3.09068">
        <ele>294.1</ele>
      </trkpt><trkpt lat="54.438158" lon="-3.090728">
        <ele>294.1</ele>
      </trkpt><trkpt lat="54.438254" lon="-3.091032">
        <ele>294.5</ele>
      </trkpt><trkpt lat="54.438212" lon="-3.091125">
        <ele>294.8</ele>
      </trkpt><trkpt lat="54.438173" lon="-3.091149">
        <ele>295</ele>
      </trkpt><trkpt lat="54.438165" lon="-3.091192">
        <ele>295.1</ele>
      </trkpt><trkpt lat="54.438067" lon="-3.091328">
        <ele>295.8</ele>
      </trkpt><trkpt lat="54.438026" lon="-3.091384">
        <ele>296</ele>
      </trkpt><trkpt lat="54.438023" lon="-3.091511">
        <ele>296.4</ele>
      </trkpt><trkpt lat="54.438062" lon="-3.091635">
        <ele>296.8</ele>
      </trkpt><trkpt lat="54.438166" lon="-3.091784">
        <ele>297.6</ele>
      </trkpt><trkpt lat="54.438217" lon="-3.091989">
        <ele>298.4</ele>
      </trkpt><trkpt lat="54.438308" lon="-3.092162">
        <ele>299.1</ele>
      </trkpt><trkpt lat="54.438442" lon="-3.092344">
        <ele>300.1</ele>
      </trkpt><trkpt lat="54.43858" lon="-3.09237">
        <ele>300.6</ele>
      </trkpt><trkpt lat="54.438749" lon="-3.092666">
        <ele>301.6</ele>
      </trkpt><trkpt lat="54.438758" lon="-3.092791">
        <ele>302</ele>
      </trkpt><trkpt lat="54.438802" lon="-3.092878">
        <ele>302.4</ele>
      </trkpt><trkpt lat="54.438808" lon="-3.09295">
        <ele>302.6</ele>
      </trkpt><trkpt lat="54.43878" lon="-3.093044">
        <ele>302.8</ele>
      </trkpt><trkpt lat="54.438749" lon="-3.093151">
        <ele>302.9</ele>
      </trkpt><trkpt lat="54.438694" lon="-3.093216">
        <ele>303</ele>
      </trkpt><trkpt lat="54.438732" lon="-3.093463">
        <ele>302.9</ele>
      </trkpt><trkpt lat="54.438715" lon="-3.093572">
        <ele>302.7</ele>
      </trkpt><trkpt lat="54.43868" lon="-3.093606">
        <ele>302.5</ele>
      </trkpt><trkpt lat="54.438625" lon="-3.093958">
        <ele>300.8</ele>
      </trkpt><trkpt lat="54.438571" lon="-3.094037">
        <ele>300</ele>
      </trkpt><trkpt lat="54.438499" lon="-3.094042">
        <ele>299.1</ele>
      </trkpt><trkpt lat="54.438476" lon="-3.094354">
        <ele>296.5</ele>
      </trkpt><trkpt lat="54.438432" lon="-3.094428">
        <ele>295.5</ele>
      </trkpt><trkpt lat="54.438392" lon="-3.09462">
        <ele>293.4</ele>
      </trkpt><trkpt lat="54.438275" lon="-3.094706">
        <ele>291</ele>
      </trkpt><trkpt lat="54.438144" lon="-3.095065">
        <ele>285.6</ele>
      </trkpt><trkpt lat="54.438061" lon="-3.095162">
        <ele>283.2</ele>
      </trkpt><trkpt lat="54.437864" lon="-3.095117">
        <ele>278</ele>
      </trkpt><trkpt lat="54.437847" lon="-3.095143">
        <ele>277.4</ele>
      </trkpt><trkpt lat="54.437846" lon="-3.095272">
        <ele>275.2</ele>
      </trkpt><trkpt lat="54.437796" lon="-3.09533">
        <ele>273.4</ele>
      </trkpt><trkpt lat="54.437742" lon="-3.095515">
        <ele>269.8</ele>
      </trkpt><trkpt lat="54.437779" lon="-3.095765">
        <ele>265.1</ele>
      </trkpt><trkpt lat="54.437758" lon="-3.095842">
        <ele>263.6</ele>
      </trkpt><trkpt lat="54.437576" lon="-3.096047">
        <ele>257.1</ele>
      </trkpt><trkpt lat="54.43748" lon="-3.096217">
        <ele>253</ele>
      </trkpt><trkpt lat="54.437452" lon="-3.096456">
        <ele>249</ele>
      </trkpt><trkpt lat="54.43729" lon="-3.096583">
        <ele>244.2</ele>
      </trkpt><trkpt lat="54.437296" lon="-3.09674">
        <ele>241.7</ele>
      </trkpt><trkpt lat="54.437363" lon="-3.097022">
        <ele>237.1</ele>
      </trkpt><trkpt lat="54.437406" lon="-3.097106">
        <ele>235.6</ele>
      </trkpt><trkpt lat="54.437407" lon="-3.09719">
        <ele>234.4</ele>
      </trkpt><trkpt lat="54.437425" lon="-3.097416">
        <ele>231.2</ele>
      </trkpt><trkpt lat="54.437527" lon="-3.097824">
        <ele>225.2</ele>
      </trkpt><trkpt lat="54.437626" lon="-3.097894">
        <ele>222.8</ele>
      </trkpt><trkpt lat="54.437802" lon="-3.098302">
        <ele>216.4</ele>
      </trkpt><trkpt lat="54.438036" lon="-3.098673">
        <ele>209.8</ele>
      </trkpt><trkpt lat="54.438181" lon="-3.09884">
        <ele>206</ele>
      </trkpt><trkpt lat="54.438273" lon="-3.099083">
        <ele>202.1</ele>
      </trkpt><trkpt lat="54.438301" lon="-3.099355">
        <ele>198.1</ele>
      </trkpt><trkpt lat="54.438352" lon="-3.099443">
        <ele>196.3</ele>
      </trkpt><trkpt lat="54.438464" lon="-3.09978">
        <ele>190.5</ele>
      </trkpt><trkpt lat="54.438443" lon="-3.099966">
        <ele>187.6</ele>
      </trkpt><trkpt lat="54.43849" lon="-3.100226">
        <ele>183.3</ele>
      </trkpt><trkpt lat="54.43857" lon="-3.100368">
        <ele>180.2</ele>
      </trkpt><trkpt lat="54.438907" lon="-3.100551">
        <ele>170.4</ele>
      </trkpt><trkpt lat="54.439003" lon="-3.10066">
        <ele>167.2</ele>
      </trkpt><trkpt lat="54.439237" lon="-3.100776">
        <ele>160.3</ele>
      </trkpt><trkpt lat="54.439331" lon="-3.100884">
        <ele>157.3</ele>
      </trkpt><trkpt lat="54.439518" lon="-3.101018">
        <ele>151.9</ele>
      </trkpt><trkpt lat="54.439661" lon="-3.101063">
        <ele>148.1</ele>
      </trkpt><trkpt lat="54.439909" lon="-3.101302">
        <ele>140.8</ele>
      </trkpt><trkpt lat="54.439969" lon="-3.101306">
        <ele>139.3</ele>
      </trkpt><trkpt lat="54.440148" lon="-3.101467">
        <ele>134.5</ele>
      </trkpt><trkpt lat="54.440209" lon="-3.101477">
        <ele>133.1</ele>
      </trkpt><trkpt lat="54.440267" lon="-3.101514">
        <ele>131.7</ele>
      </trkpt><trkpt lat="54.440784" lon="-3.101523">
        <ele>121.5</ele>
      </trkpt><trkpt lat="54.441122" lon="-3.101706">
        <ele>115.7</ele>
      </trkpt><trkpt lat="54.441122" lon="-3.101706">
        <ele>115.7</ele>
      </trkpt><trkpt lat="54.441143" lon="-3.101716">
        <ele>115.3</ele>
      </trkpt><trkpt lat="54.441446" lon="-3.101506">
        <ele>110.9</ele>
      </trkpt><trkpt lat="54.44152" lon="-3.101455">
        <ele>110</ele>
      </trkpt><trkpt lat="54.441646" lon="-3.101508">
        <ele>108.4</ele>
      </trkpt><trkpt lat="54.441646" lon="-3.101508">
        <ele>108.4</ele>
      </trkpt><trkpt lat="54.441777" lon="-3.101731">
        <ele>106.5</ele>
      </trkpt><trkpt lat="54.441777" lon="-3.101731">
        <ele>106.5</ele>
      </trkpt><trkpt lat="54.441924" lon="-3.101771">
        <ele>105</ele>
      </trkpt><trkpt lat="54.44207" lon="-3.10181">
        <ele>103.8</ele>
      </trkpt><trkpt lat="54.44232" lon="-3.101943">
        <ele>102</ele>
      </trkpt><trkpt lat="54.442351" lon="-3.101963">
        <ele>101.8</ele>
      </trkpt><trkpt lat="54.442465" lon="-3.102084">
        <ele>101</ele>
      </trkpt><trkpt lat="54.442515" lon="-3.102625">
        <ele>99.4</ele>
      </trkpt><trkpt lat="54.442532" lon="-3.102844">
        <ele>98.8</ele>
      </trkpt><trkpt lat="54.442534" lon="-3.102943">
        <ele>98.5</ele>
      </trkpt><trkpt lat="54.442533" lon="-3.102976">
        <ele>98.5</ele>
      </trkpt><trkpt lat="54.442649" lon="-3.103104">
        <ele>98</ele>
      </trkpt><trkpt lat="54.442727" lon="-3.103148">
        <ele>97.8</ele>
      </trkpt><trkpt lat="54.44295" lon="-3.103206">
        <ele>97.3</ele>
      </trkpt><trkpt lat="54.443396" lon="-3.103525">
        <ele>97.1</ele>
      </trkpt><trkpt lat="54.443961" lon="-3.103828">
        <ele>97.1</ele>
      </trkpt><trkpt lat="54.444003" lon="-3.103823">
        <ele>97.1</ele>
      </trkpt><trkpt lat="54.44406" lon="-3.103882">
        <ele>97.1</ele>
      </trkpt><trkpt lat="54.444232" lon="-3.103931">
        <ele>97.2</ele>
      </trkpt><trkpt lat="54.444341" lon="-3.103954">
        <ele>97.2</ele>
      </trkpt><trkpt lat="54.444458" lon="-3.103838">
        <ele>97.3</ele>
      </trkpt><trkpt lat="54.444614" lon="-3.103418">
        <ele>97.7</ele>
      </trkpt><trkpt lat="54.444637" lon="-3.103184">
        <ele>98.1</ele>
      </trkpt><trkpt lat="54.444669" lon="-3.103299">
        <ele>98.3</ele>
      </trkpt><trkpt lat="54.444833" lon="-3.103175">
        <ele>98.6</ele>
      </trkpt><trkpt lat="54.444965" lon="-3.10322">
        <ele>98.8</ele>
      </trkpt><trkpt lat="54.445045" lon="-3.103407">
        <ele>99</ele>
      </trkpt><trkpt lat="54.445153" lon="-3.103534">
        <ele>99.1</ele>
      </trkpt><trkpt lat="54.445417" lon="-3.103568">
        <ele>99.4</ele>
      </trkpt><trkpt lat="54.445518" lon="-3.103829">
        <ele>99.6</ele>
      </trkpt><trkpt lat="54.445547" lon="-3.103694">
        <ele>99.7</ele>
      </trkpt><trkpt lat="54.445571" lon="-3.103573">
        <ele>99.8</ele>
      </trkpt><trkpt lat="54.445532" lon="-3.102989">
        <ele>100.2</ele>
      </trkpt><trkpt lat="54.445538" lon="-3.102863">
        <ele>100.3</ele>
      </trkpt>
    </trkseg>
  </trk>
</gpx>