<?xml version="1.0" encoding="UTF-8"?>
<gpx creator="Komoot Extension" version="1.1"
  xsi:schemaLocation="http://www.topografix.com/GPX/1/1 http://www.topografix.com/GPX/11.xsd"
  xmlns:ns3="http://www.garmin.com/xmlschemas/TrackPointExtension/v1"
  xmlns="http://www.topografix.com/GPX/1/1"
  xmlns:xsi="http://www.w3.org/2001/XMLSchema-instance" xmlns:ns2="http://www.garmin.com/xmlschemas/GpxExtensions/v3">
  <trk>
    <name>2529423159 - Eastbourne to Burgess Hill </name>
    <type>cycling</type>
    <trkseg>
    <trkpt lat="50.769739" lon="0.281359">
        <ele>6.5</ele>
      </trkpt><trkpt lat="50.769753" lon="0.281395">
        <ele>6.5</ele>
      </trkpt><trkpt lat="50.769818" lon="0.281417">
        <ele>6.5</ele>
      </trkpt><trkpt lat="50.769938" lon="0.281356">
        <ele>6.6</ele>
      </trkpt><trkpt lat="50.770205" lon="0.281217">
        <ele>6.8</ele>
      </trkpt><trkpt lat="50.769868" lon="0.279489">
        <ele>8</ele>
      </trkpt><trkpt lat="50.769639" lon="0.279175">
        <ele>8.3</ele>
      </trkpt><trkpt lat="50.769478" lon="0.279551">
        <ele>8.6</ele>
      </trkpt><trkpt lat="50.769442" lon="0.279512">
        <ele>8.6</ele>
      </trkpt><trkpt lat="50.769411" lon="0.27958">
        <ele>8.7</ele>
      </trkpt><trkpt lat="50.769384" lon="0.279552">
        <ele>8.7</ele>
      </trkpt><trkpt lat="50.769328" lon="0.279668">
        <ele>8.8</ele>
      </trkpt><trkpt lat="50.769243" lon="0.279753">
        <ele>8.9</ele>
      </trkpt><trkpt lat="50.769233" lon="0.279754">
        <ele>8.9</ele>
      </trkpt><trkpt lat="50.769117" lon="0.279572">
        <ele>9.1</ele>
      </trkpt><trkpt lat="50.769075" lon="0.279449">
        <ele>9.1</ele>
      </trkpt><trkpt lat="50.769005" lon="0.279458">
        <ele>9.2</ele>
      </trkpt><trkpt lat="50.768889" lon="0.279418">
        <ele>9.3</ele>
      </trkpt><trkpt lat="50.768817" lon="0.279552">
        <ele>9.4</ele>
      </trkpt><trkpt lat="50.768737" lon="0.2796">
        <ele>9.5</ele>
      </trkpt><trkpt lat="50.768736" lon="0.279676">
        <ele>9.6</ele>
      </trkpt><trkpt lat="50.768541" lon="0.279716">
        <ele>9.9</ele>
      </trkpt><trkpt lat="50.768391" lon="0.279659">
        <ele>10.2</ele>
      </trkpt><trkpt lat="50.768223" lon="0.279559">
        <ele>10.5</ele>
      </trkpt><trkpt lat="50.767875" lon="0.279223">
        <ele>11.3</ele>
      </trkpt><trkpt lat="50.767554" lon="0.278903">
        <ele>11.7</ele>
      </trkpt><trkpt lat="50.767073" lon="0.278519">
        <ele>11.9</ele>
      </trkpt><trkpt lat="50.766684" lon="0.278239">
        <ele>11.7</ele>
      </trkpt><trkpt lat="50.766449" lon="0.278188">
        <ele>11.4</ele>
      </trkpt><trkpt lat="50.766389" lon="0.278176">
        <ele>11.3</ele>
      </trkpt><trkpt lat="50.765497" lon="0.278347">
        <ele>9.8</ele>
      </trkpt><trkpt lat="50.76478" lon="0.278501">
        <ele>8.9</ele>
      </trkpt><trkpt lat="50.763921" lon="0.278674">
        <ele>8.2</ele>
      </trkpt><trkpt lat="50.762575" lon="0.278939">
        <ele>7.4</ele>
      </trkpt><trkpt lat="50.762093" lon="0.279033">
        <ele>7.4</ele>
      </trkpt><trkpt lat="50.761051" lon="0.279241">
        <ele>9.5</ele>
      </trkpt><trkpt lat="50.760025" lon="0.279435">
        <ele>11.9</ele>
      </trkpt><trkpt lat="50.760052" lon="0.279998">
        <ele>12.5</ele>
      </trkpt><trkpt lat="50.760093" lon="0.28083">
        <ele>13.1</ele>
      </trkpt><trkpt lat="50.758906" lon="0.281115">
        <ele>11.4</ele>
      </trkpt><trkpt lat="50.758804" lon="0.281181">
        <ele>11.1</ele>
      </trkpt><trkpt lat="50.75869" lon="0.281298">
        <ele>10.7</ele>
      </trkpt><trkpt lat="50.758736" lon="0.281396">
        <ele>10.5</ele>
      </trkpt><trkpt lat="50.758699" lon="0.281453">
        <ele>10.4</ele>
      </trkpt><trkpt lat="50.758814" lon="0.281713">
        <ele>9.8</ele>
      </trkpt><trkpt lat="50.75878" lon="0.281835">
        <ele>9.5</ele>
      </trkpt><trkpt lat="50.758723" lon="0.281883">
        <ele>9.3</ele>
      </trkpt><trkpt lat="50.758702" lon="0.2819">
        <ele>9.3</ele>
      </trkpt><trkpt lat="50.758865" lon="0.282263">
        <ele>8.3</ele>
      </trkpt><trkpt lat="50.758823" lon="0.28232">
        <ele>8.1</ele>
      </trkpt><trkpt lat="50.757626" lon="0.279808">
        <ele>6.6</ele>
      </trkpt><trkpt lat="50.757344" lon="0.27914">
        <ele>6.6</ele>
      </trkpt><trkpt lat="50.756928" lon="0.278131">
        <ele>7</ele>
      </trkpt><trkpt lat="50.756411" lon="0.276931">
        <ele>8.3</ele>
      </trkpt><trkpt lat="50.755955" lon="0.276069">
        <ele>9</ele>
      </trkpt><trkpt lat="50.755128" lon="0.274679">
        <ele>10.5</ele>
      </trkpt><trkpt lat="50.754908" lon="0.274315">
        <ele>11.1</ele>
      </trkpt><trkpt lat="50.754546" lon="0.273692">
        <ele>12.7</ele>
      </trkpt><trkpt lat="50.754463" lon="0.273439">
        <ele>13.5</ele>
      </trkpt><trkpt lat="50.754353" lon="0.273355">
        <ele>14.2</ele>
      </trkpt><trkpt lat="50.754269" lon="0.273109">
        <ele>15.4</ele>
      </trkpt><trkpt lat="50.754056" lon="0.272502">
        <ele>18.7</ele>
      </trkpt><trkpt lat="50.753868" lon="0.271625">
        <ele>24</ele>
      </trkpt><trkpt lat="50.753833" lon="0.271415">
        <ele>25.4</ele>
      </trkpt><trkpt lat="50.753316" lon="0.270153">
        <ele>34.9</ele>
      </trkpt><trkpt lat="50.752903" lon="0.269311">
        <ele>40.2</ele>
      </trkpt><trkpt lat="50.752516" lon="0.268499">
        <ele>45.5</ele>
      </trkpt><trkpt lat="50.752428" lon="0.268321">
        <ele>46.8</ele>
      </trkpt><trkpt lat="50.752404" lon="0.268273">
        <ele>47.1</ele>
      </trkpt><trkpt lat="50.751942" lon="0.267325">
        <ele>53.1</ele>
      </trkpt><trkpt lat="50.751933" lon="0.26726">
        <ele>53.4</ele>
      </trkpt><trkpt lat="50.751849" lon="0.267083">
        <ele>54.3</ele>
      </trkpt><trkpt lat="50.751717" lon="0.2671">
        <ele>55.1</ele>
      </trkpt><trkpt lat="50.750796" lon="0.267322">
        <ele>60.7</ele>
      </trkpt><trkpt lat="50.75065" lon="0.267214">
        <ele>61.4</ele>
      </trkpt><trkpt lat="50.750614" lon="0.267151">
        <ele>61.6</ele>
      </trkpt><trkpt lat="50.750585" lon="0.2671">
        <ele>61.7</ele>
      </trkpt><trkpt lat="50.750509" lon="0.267037">
        <ele>61.8</ele>
      </trkpt><trkpt lat="50.750057" lon="0.266503">
        <ele>61.5</ele>
      </trkpt><trkpt lat="50.750005" lon="0.266386">
        <ele>61.3</ele>
      </trkpt><trkpt lat="50.749886" lon="0.266276">
        <ele>60.8</ele>
      </trkpt><trkpt lat="50.749309" lon="0.266281">
        <ele>56.8</ele>
      </trkpt><trkpt lat="50.748728" lon="0.266144">
        <ele>48.4</ele>
      </trkpt><trkpt lat="50.747597" lon="0.265656">
        <ele>30.5</ele>
      </trkpt><trkpt lat="50.747501" lon="0.265474">
        <ele>28.6</ele>
      </trkpt><trkpt lat="50.747267" lon="0.265303">
        <ele>25.7</ele>
      </trkpt><trkpt lat="50.747077" lon="0.265208">
        <ele>23.8</ele>
      </trkpt><trkpt lat="50.746556" lon="0.265054">
        <ele>20.3</ele>
      </trkpt><trkpt lat="50.746251" lon="0.264831">
        <ele>19</ele>
      </trkpt><trkpt lat="50.745768" lon="0.264719">
        <ele>18.3</ele>
      </trkpt><trkpt lat="50.745507" lon="0.264582">
        <ele>18.4</ele>
      </trkpt><trkpt lat="50.745046" lon="0.264264">
        <ele>19.5</ele>
      </trkpt><trkpt lat="50.744971" lon="0.26413">
        <ele>19.9</ele>
      </trkpt><trkpt lat="50.744899" lon="0.264127">
        <ele>20.1</ele>
      </trkpt><trkpt lat="50.74466" lon="0.263895">
        <ele>21.2</ele>
      </trkpt><trkpt lat="50.744405" lon="0.263741">
        <ele>22.3</ele>
      </trkpt><trkpt lat="50.743818" lon="0.263217">
        <ele>24.7</ele>
      </trkpt><trkpt lat="50.743547" lon="0.263045">
        <ele>25</ele>
      </trkpt><trkpt lat="50.743359" lon="0.262769">
        <ele>25</ele>
      </trkpt><trkpt lat="50.74323" lon="0.262651">
        <ele>24.8</ele>
      </trkpt><trkpt lat="50.743025" lon="0.262556">
        <ele>24.9</ele>
      </trkpt><trkpt lat="50.742907" lon="0.262519">
        <ele>25.2</ele>
      </trkpt><trkpt lat="50.742536" lon="0.262367">
        <ele>25.7</ele>
      </trkpt><trkpt lat="50.742184" lon="0.262178">
        <ele>25.9</ele>
      </trkpt><trkpt lat="50.742097" lon="0.261921">
        <ele>26.1</ele>
      </trkpt><trkpt lat="50.742064" lon="0.261715">
        <ele>26.4</ele>
      </trkpt><trkpt lat="50.74172" lon="0.261354">
        <ele>27.5</ele>
      </trkpt><trkpt lat="50.741413" lon="0.261152">
        <ele>28.9</ele>
      </trkpt><trkpt lat="50.741249" lon="0.260884">
        <ele>30.1</ele>
      </trkpt><trkpt lat="50.740629" lon="0.260256">
        <ele>31.9</ele>
      </trkpt><trkpt lat="50.740482" lon="0.260091">
        <ele>32.4</ele>
      </trkpt><trkpt lat="50.740384" lon="0.259933">
        <ele>32.7</ele>
      </trkpt><trkpt lat="50.740009" lon="0.259518">
        <ele>33.1</ele>
      </trkpt><trkpt lat="50.738929" lon="0.2584">
        <ele>33.7</ele>
      </trkpt><trkpt lat="50.738785" lon="0.258159">
        <ele>33.9</ele>
      </trkpt><trkpt lat="50.738696" lon="0.257853">
        <ele>35</ele>
      </trkpt><trkpt lat="50.738596" lon="0.257609">
        <ele>36.6</ele>
      </trkpt><trkpt lat="50.738338" lon="0.2572">
        <ele>41.3</ele>
      </trkpt><trkpt lat="50.738301" lon="0.257117">
        <ele>42.4</ele>
      </trkpt><trkpt lat="50.738251" lon="0.257003">
        <ele>43.9</ele>
      </trkpt><trkpt lat="50.738592" lon="0.256746">
        <ele>51.8</ele>
      </trkpt><trkpt lat="50.738733" lon="0.256656">
        <ele>55.3</ele>
      </trkpt><trkpt lat="50.738761" lon="0.256534">
        <ele>57.2</ele>
      </trkpt><trkpt lat="50.739052" lon="0.25532">
        <ele>81.2</ele>
      </trkpt><trkpt lat="50.73901" lon="0.255176">
        <ele>84.1</ele>
      </trkpt><trkpt lat="50.739059" lon="0.25431">
        <ele>96.4</ele>
      </trkpt><trkpt lat="50.739043" lon="0.254042">
        <ele>99.3</ele>
      </trkpt><trkpt lat="50.738982" lon="0.253765">
        <ele>102.4</ele>
      </trkpt><trkpt lat="50.738981" lon="0.253728">
        <ele>102.8</ele>
      </trkpt><trkpt lat="50.739135" lon="0.253573">
        <ele>105.7</ele>
      </trkpt><trkpt lat="50.739048" lon="0.253442">
        <ele>107.5</ele>
      </trkpt><trkpt lat="50.738962" lon="0.253326">
        <ele>109.2</ele>
      </trkpt><trkpt lat="50.738923" lon="0.253273">
        <ele>110</ele>
      </trkpt><trkpt lat="50.738852" lon="0.252919">
        <ele>113.3</ele>
      </trkpt><trkpt lat="50.738848" lon="0.252769">
        <ele>114.6</ele>
      </trkpt><trkpt lat="50.738876" lon="0.252574">
        <ele>116</ele>
      </trkpt><trkpt lat="50.739018" lon="0.252282">
        <ele>118.5</ele>
      </trkpt><trkpt lat="50.739076" lon="0.252041">
        <ele>119.7</ele>
      </trkpt><trkpt lat="50.739109" lon="0.251663">
        <ele>121.1</ele>
      </trkpt><trkpt lat="50.739069" lon="0.251311">
        <ele>122.6</ele>
      </trkpt><trkpt lat="50.73894" lon="0.250773">
        <ele>124.1</ele>
      </trkpt><trkpt lat="50.738706" lon="0.250347">
        <ele>123.6</ele>
      </trkpt><trkpt lat="50.738452" lon="0.24954">
        <ele>119.4</ele>
      </trkpt><trkpt lat="50.738321" lon="0.249262">
        <ele>117</ele>
      </trkpt><trkpt lat="50.738078" lon="0.248507">
        <ele>111.3</ele>
      </trkpt><trkpt lat="50.737922" lon="0.24811">
        <ele>108.6</ele>
      </trkpt><trkpt lat="50.737726" lon="0.247321">
        <ele>104.5</ele>
      </trkpt><trkpt lat="50.737609" lon="0.2467">
        <ele>102</ele>
      </trkpt><trkpt lat="50.737331" lon="0.245797">
        <ele>97.9</ele>
      </trkpt><trkpt lat="50.737124" lon="0.244997">
        <ele>91.2</ele>
      </trkpt><trkpt lat="50.736877" lon="0.244344">
        <ele>82.6</ele>
      </trkpt><trkpt lat="50.736428" lon="0.243357">
        <ele>67.1</ele>
      </trkpt><trkpt lat="50.736366" lon="0.242908">
        <ele>61.6</ele>
      </trkpt><trkpt lat="50.736271" lon="0.242429">
        <ele>56.2</ele>
      </trkpt><trkpt lat="50.736004" lon="0.240298">
        <ele>41.4</ele>
      </trkpt><trkpt lat="50.735966" lon="0.238942">
        <ele>30.9</ele>
      </trkpt><trkpt lat="50.735958" lon="0.237829">
        <ele>24</ele>
      </trkpt><trkpt lat="50.736127" lon="0.234932">
        <ele>21.9</ele>
      </trkpt><trkpt lat="50.736257" lon="0.233746">
        <ele>22.1</ele>
      </trkpt><trkpt lat="50.736376" lon="0.231">
        <ele>18.5</ele>
      </trkpt><trkpt lat="50.736411" lon="0.23072">
        <ele>18.2</ele>
      </trkpt><trkpt lat="50.736466" lon="0.23021">
        <ele>17.8</ele>
      </trkpt><trkpt lat="50.736923" lon="0.226009">
        <ele>15.1</ele>
      </trkpt><trkpt lat="50.737182" lon="0.223044">
        <ele>10.9</ele>
      </trkpt><trkpt lat="50.737208" lon="0.222286">
        <ele>10.3</ele>
      </trkpt><trkpt lat="50.737168" lon="0.220797">
        <ele>8.8</ele>
      </trkpt><trkpt lat="50.737224" lon="0.220149">
        <ele>7.9</ele>
      </trkpt><trkpt lat="50.737246" lon="0.219607">
        <ele>7</ele>
      </trkpt><trkpt lat="50.737179" lon="0.219478">
        <ele>6.9</ele>
      </trkpt><trkpt lat="50.737192" lon="0.219062">
        <ele>6.8</ele>
      </trkpt><trkpt lat="50.73723" lon="0.218746">
        <ele>6.6</ele>
      </trkpt><trkpt lat="50.737377" lon="0.218003">
        <ele>7.3</ele>
      </trkpt><trkpt lat="50.737468" lon="0.217916">
        <ele>7.8</ele>
      </trkpt><trkpt lat="50.737524" lon="0.217718">
        <ele>8.6</ele>
      </trkpt><trkpt lat="50.737658" lon="0.217155">
        <ele>10.8</ele>
      </trkpt><trkpt lat="50.737811" lon="0.216706">
        <ele>13.3</ele>
      </trkpt><trkpt lat="50.7379" lon="0.216377">
        <ele>15.2</ele>
      </trkpt><trkpt lat="50.738162" lon="0.215847">
        <ele>17.7</ele>
      </trkpt><trkpt lat="50.738301" lon="0.215637">
        <ele>18.6</ele>
      </trkpt><trkpt lat="50.738501" lon="0.215111">
        <ele>18.9</ele>
      </trkpt><trkpt lat="50.738665" lon="0.214327">
        <ele>17.9</ele>
      </trkpt><trkpt lat="50.738527" lon="0.2136">
        <ele>16.6</ele>
      </trkpt><trkpt lat="50.738633" lon="0.213083">
        <ele>15.8</ele>
      </trkpt><trkpt lat="50.739176" lon="0.209812">
        <ele>19.8</ele>
      </trkpt><trkpt lat="50.739432" lon="0.207829">
        <ele>18.2</ele>
      </trkpt><trkpt lat="50.740326" lon="0.205201">
        <ele>14.7</ele>
      </trkpt><trkpt lat="50.740912" lon="0.204013">
        <ele>12.8</ele>
      </trkpt><trkpt lat="50.741772" lon="0.202645">
        <ele>10.3</ele>
      </trkpt><trkpt lat="50.742082" lon="0.20244">
        <ele>9.7</ele>
      </trkpt><trkpt lat="50.742122" lon="0.202414">
        <ele>9.6</ele>
      </trkpt><trkpt lat="50.742162" lon="0.202385">
        <ele>9.5</ele>
      </trkpt><trkpt lat="50.742344" lon="0.202251">
        <ele>8.9</ele>
      </trkpt><trkpt lat="50.742402" lon="0.202173">
        <ele>8.8</ele>
      </trkpt><trkpt lat="50.742641" lon="0.202091">
        <ele>8.5</ele>
      </trkpt><trkpt lat="50.742815" lon="0.201993">
        <ele>8.4</ele>
      </trkpt><trkpt lat="50.742721" lon="0.201518">
        <ele>8.6</ele>
      </trkpt><trkpt lat="50.742709" lon="0.201366">
        <ele>8.7</ele>
      </trkpt><trkpt lat="50.74286" lon="0.201146">
        <ele>9</ele>
      </trkpt><trkpt lat="50.742848" lon="0.201121">
        <ele>9</ele>
      </trkpt><trkpt lat="50.74286" lon="0.201146">
        <ele>9.1</ele>
      </trkpt><trkpt lat="50.742879" lon="0.201118">
        <ele>9.1</ele>
      </trkpt><trkpt lat="50.742928" lon="0.20118">
        <ele>9.3</ele>
      </trkpt><trkpt lat="50.742986" lon="0.201271">
        <ele>9.4</ele>
      </trkpt><trkpt lat="50.743099" lon="0.201433">
        <ele>9.8</ele>
      </trkpt><trkpt lat="50.743193" lon="0.201544">
        <ele>10</ele>
      </trkpt><trkpt lat="50.743258" lon="0.201622">
        <ele>10.3</ele>
      </trkpt><trkpt lat="50.743306" lon="0.201697">
        <ele>10.4</ele>
      </trkpt><trkpt lat="50.74338" lon="0.2018">
        <ele>10.8</ele>
      </trkpt><trkpt lat="50.743642" lon="0.201368">
        <ele>12.9</ele>
      </trkpt><trkpt lat="50.743645" lon="0.201362">
        <ele>12.9</ele>
      </trkpt><trkpt lat="50.744122" lon="0.200465">
        <ele>17.8</ele>
      </trkpt><trkpt lat="50.745027" lon="0.198861">
        <ele>27.6</ele>
      </trkpt><trkpt lat="50.745114" lon="0.198827">
        <ele>28.1</ele>
      </trkpt><trkpt lat="50.745295" lon="0.198843">
        <ele>28.8</ele>
      </trkpt><trkpt lat="50.745304" lon="0.198806">
        <ele>28.8</ele>
      </trkpt><trkpt lat="50.745304" lon="0.198806">
        <ele>28.8</ele>
      </trkpt><trkpt lat="50.745364" lon="0.198617">
        <ele>29.1</ele>
      </trkpt><trkpt lat="50.745394" lon="0.197963">
        <ele>29.2</ele>
      </trkpt><trkpt lat="50.745441" lon="0.197552">
        <ele>28.7</ele>
      </trkpt><trkpt lat="50.745445" lon="0.197513">
        <ele>28.6</ele>
      </trkpt><trkpt lat="50.745445" lon="0.197513">
        <ele>28.6</ele>
      </trkpt><trkpt lat="50.745524" lon="0.196926">
        <ele>26.7</ele>
      </trkpt><trkpt lat="50.745834" lon="0.195623">
        <ele>19.8</ele>
      </trkpt><trkpt lat="50.745934" lon="0.195155">
        <ele>17.6</ele>
      </trkpt><trkpt lat="50.746089" lon="0.194736">
        <ele>15.5</ele>
      </trkpt><trkpt lat="50.746221" lon="0.194452">
        <ele>14.2</ele>
      </trkpt><trkpt lat="50.746423" lon="0.194062">
        <ele>12.7</ele>
      </trkpt><trkpt lat="50.746544" lon="0.193556">
        <ele>11.7</ele>
      </trkpt><trkpt lat="50.746738" lon="0.1932">
        <ele>11.1</ele>
      </trkpt><trkpt lat="50.74743" lon="0.191903">
        <ele>12.6</ele>
      </trkpt><trkpt lat="50.747918" lon="0.190225">
        <ele>15.7</ele>
      </trkpt><trkpt lat="50.748464" lon="0.188216">
        <ele>14.8</ele>
      </trkpt><trkpt lat="50.748614" lon="0.187598">
        <ele>14.4</ele>
      </trkpt><trkpt lat="50.7487" lon="0.187418">
        <ele>14.4</ele>
      </trkpt><trkpt lat="50.748941" lon="0.187241">
        <ele>14.3</ele>
      </trkpt><trkpt lat="50.748987" lon="0.187137">
        <ele>14.3</ele>
      </trkpt><trkpt lat="50.749071" lon="0.18695">
        <ele>14.3</ele>
      </trkpt><trkpt lat="50.749178" lon="0.186439">
        <ele>14.2</ele>
      </trkpt><trkpt lat="50.749288" lon="0.18528">
        <ele>13.9</ele>
      </trkpt><trkpt lat="50.749375" lon="0.184359">
        <ele>13.2</ele>
      </trkpt><trkpt lat="50.749583" lon="0.183113">
        <ele>12.7</ele>
      </trkpt><trkpt lat="50.749834" lon="0.182349">
        <ele>12.4</ele>
      </trkpt><trkpt lat="50.749867" lon="0.182008">
        <ele>12.2</ele>
      </trkpt><trkpt lat="50.749918" lon="0.180654">
        <ele>11.3</ele>
      </trkpt><trkpt lat="50.749981" lon="0.18003">
        <ele>10.3</ele>
      </trkpt><trkpt lat="50.750108" lon="0.179797">
        <ele>9.6</ele>
      </trkpt><trkpt lat="50.750158" lon="0.179705">
        <ele>9.3</ele>
      </trkpt><trkpt lat="50.750447" lon="0.178813">
        <ele>7.8</ele>
      </trkpt><trkpt lat="50.750666" lon="0.178264">
        <ele>7.6</ele>
      </trkpt><trkpt lat="50.750807" lon="0.177914">
        <ele>7.8</ele>
      </trkpt><trkpt lat="50.751915" lon="0.174686">
        <ele>21.1</ele>
      </trkpt><trkpt lat="50.752137" lon="0.17404">
        <ele>22.6</ele>
      </trkpt><trkpt lat="50.75228" lon="0.173434">
        <ele>22.8</ele>
      </trkpt><trkpt lat="50.752409" lon="0.172884">
        <ele>22.9</ele>
      </trkpt><trkpt lat="50.752409" lon="0.172884">
        <ele>22.9</ele>
      </trkpt><trkpt lat="50.752621" lon="0.172117">
        <ele>21.7</ele>
      </trkpt><trkpt lat="50.75268" lon="0.172001">
        <ele>21.2</ele>
      </trkpt><trkpt lat="50.752806" lon="0.171749">
        <ele>20</ele>
      </trkpt><trkpt lat="50.752902" lon="0.171315">
        <ele>18.6</ele>
      </trkpt><trkpt lat="50.75301" lon="0.171001">
        <ele>17.7</ele>
      </trkpt><trkpt lat="50.75304" lon="0.170692">
        <ele>17.1</ele>
      </trkpt><trkpt lat="50.753127" lon="0.170299">
        <ele>16.6</ele>
      </trkpt><trkpt lat="50.753472" lon="0.168827">
        <ele>13.3</ele>
      </trkpt><trkpt lat="50.753669" lon="0.168062">
        <ele>13.1</ele>
      </trkpt><trkpt lat="50.753998" lon="0.167327">
        <ele>13.3</ele>
      </trkpt><trkpt lat="50.754143" lon="0.167055">
        <ele>13.4</ele>
      </trkpt><trkpt lat="50.754303" lon="0.166647">
        <ele>13.9</ele>
      </trkpt><trkpt lat="50.75455" lon="0.165425">
        <ele>15.4</ele>
      </trkpt><trkpt lat="50.754704" lon="0.164903">
        <ele>15.7</ele>
      </trkpt><trkpt lat="50.754935" lon="0.163896">
        <ele>15.5</ele>
      </trkpt><trkpt lat="50.754935" lon="0.163896">
        <ele>15.5</ele>
      </trkpt><trkpt lat="50.755304" lon="0.162581">
        <ele>16</ele>
      </trkpt><trkpt lat="50.755848" lon="0.161034">
        <ele>18.1</ele>
      </trkpt><trkpt lat="50.755965" lon="0.160409">
        <ele>19</ele>
      </trkpt><trkpt lat="50.756087" lon="0.160293">
        <ele>18.8</ele>
      </trkpt><trkpt lat="50.756456" lon="0.159215">
        <ele>15.9</ele>
      </trkpt><trkpt lat="50.756472" lon="0.158846">
        <ele>15.6</ele>
      </trkpt><trkpt lat="50.756438" lon="0.158454">
        <ele>15.7</ele>
      </trkpt><trkpt lat="50.756488" lon="0.158279">
        <ele>15.7</ele>
      </trkpt><trkpt lat="50.75689" lon="0.15778">
        <ele>15.3</ele>
      </trkpt><trkpt lat="50.757195" lon="0.157276">
        <ele>14.7</ele>
      </trkpt><trkpt lat="50.757399" lon="0.156605">
        <ele>16.5</ele>
      </trkpt><trkpt lat="50.757409" lon="0.156407">
        <ele>17.1</ele>
      </trkpt><trkpt lat="50.75747" lon="0.156225">
        <ele>17.6</ele>
      </trkpt><trkpt lat="50.757576" lon="0.156144">
        <ele>18</ele>
      </trkpt><trkpt lat="50.757643" lon="0.156092">
        <ele>18.3</ele>
      </trkpt><trkpt lat="50.757949" lon="0.15603">
        <ele>18.7</ele>
      </trkpt><trkpt lat="50.758502" lon="0.156209">
        <ele>18.2</ele>
      </trkpt><trkpt lat="50.758961" lon="0.156216">
        <ele>18.1</ele>
      </trkpt><trkpt lat="50.759252" lon="0.156153">
        <ele>17.4</ele>
      </trkpt><trkpt lat="50.759599" lon="0.155939">
        <ele>15.4</ele>
      </trkpt><trkpt lat="50.760204" lon="0.155409">
        <ele>10.6</ele>
      </trkpt><trkpt lat="50.760664" lon="0.154921">
        <ele>9</ele>
      </trkpt><trkpt lat="50.760913" lon="0.154598">
        <ele>9.2</ele>
      </trkpt><trkpt lat="50.76126" lon="0.154943">
        <ele>10.9</ele>
      </trkpt><trkpt lat="50.761977" lon="0.155204">
        <ele>18</ele>
      </trkpt><trkpt lat="50.762043" lon="0.1553">
        <ele>18.9</ele>
      </trkpt><trkpt lat="50.762214" lon="0.155703">
        <ele>22</ele>
      </trkpt><trkpt lat="50.76259" lon="0.156259">
        <ele>25.5</ele>
      </trkpt><trkpt lat="50.762836" lon="0.155685">
        <ele>26.6</ele>
      </trkpt><trkpt lat="50.7637" lon="0.153021">
        <ele>13.9</ele>
      </trkpt><trkpt lat="50.764002" lon="0.152241">
        <ele>9.2</ele>
      </trkpt><trkpt lat="50.764159" lon="0.151704">
        <ele>6.6</ele>
      </trkpt><trkpt lat="50.764179" lon="0.151673">
        <ele>6.4</ele>
      </trkpt><trkpt lat="50.764251" lon="0.151609">
        <ele>5.9</ele>
      </trkpt><trkpt lat="50.764337" lon="0.151547">
        <ele>5.3</ele>
      </trkpt><trkpt lat="50.764533" lon="0.151555">
        <ele>4.3</ele>
      </trkpt><trkpt lat="50.764766" lon="0.151479">
        <ele>3.3</ele>
      </trkpt><trkpt lat="50.765082" lon="0.15132">
        <ele>2.3</ele>
      </trkpt><trkpt lat="50.765485" lon="0.151569">
        <ele>1.4</ele>
      </trkpt><trkpt lat="50.76559" lon="0.151076">
        <ele>1</ele>
      </trkpt><trkpt lat="50.765605" lon="0.15074">
        <ele>0.9</ele>
      </trkpt><trkpt lat="50.765683" lon="0.150635">
        <ele>0.8</ele>
      </trkpt><trkpt lat="50.765807" lon="0.150579">
        <ele>0.8</ele>
      </trkpt><trkpt lat="50.765696" lon="0.150495">
        <ele>0.7</ele>
      </trkpt><trkpt lat="50.765954" lon="0.150556">
        <ele>0.6</ele>
      </trkpt><trkpt lat="50.766532" lon="0.150305">
        <ele>0.5</ele>
      </trkpt><trkpt lat="50.767724" lon="0.149775">
        <ele>0.7</ele>
      </trkpt><trkpt lat="50.769406" lon="0.148753">
        <ele>0.7</ele>
      </trkpt><trkpt lat="50.771523" lon="0.147663">
        <ele>0.8</ele>
      </trkpt><trkpt lat="50.772575" lon="0.14701">
        <ele>1</ele>
      </trkpt><trkpt lat="50.773387" lon="0.146604">
        <ele>1.4</ele>
      </trkpt><trkpt lat="50.773627" lon="0.14655">
        <ele>1.5</ele>
      </trkpt><trkpt lat="50.773706" lon="0.146735">
        <ele>1.6</ele>
      </trkpt><trkpt lat="50.773738" lon="0.146744">
        <ele>1.6</ele>
      </trkpt><trkpt lat="50.773735" lon="0.146715">
        <ele>1.6</ele>
      </trkpt><trkpt lat="50.773764" lon="0.146701">
        <ele>1.6</ele>
      </trkpt><trkpt lat="50.773795" lon="0.146695">
        <ele>1.6</ele>
      </trkpt><trkpt lat="50.773781" lon="0.146458">
        <ele>1.7</ele>
      </trkpt><trkpt lat="50.77377" lon="0.14631">
        <ele>1.8</ele>
      </trkpt><trkpt lat="50.773728" lon="0.14597">
        <ele>1.9</ele>
      </trkpt><trkpt lat="50.77374" lon="0.145941">
        <ele>1.9</ele>
      </trkpt><trkpt lat="50.77371" lon="0.145898">
        <ele>2</ele>
      </trkpt><trkpt lat="50.773564" lon="0.145902">
        <ele>2.1</ele>
      </trkpt><trkpt lat="50.773108" lon="0.146131">
        <ele>2.3</ele>
      </trkpt><trkpt lat="50.77298" lon="0.146199">
        <ele>2.3</ele>
      </trkpt><trkpt lat="50.772766" lon="0.146233">
        <ele>2.3</ele>
      </trkpt><trkpt lat="50.772349" lon="0.146379">
        <ele>2.4</ele>
      </trkpt><trkpt lat="50.771927" lon="0.146403">
        <ele>2.3</ele>
      </trkpt><trkpt lat="50.771025" lon="0.146155">
        <ele>1.9</ele>
      </trkpt><trkpt lat="50.770882" lon="0.146138">
        <ele>1.9</ele>
      </trkpt><trkpt lat="50.770798" lon="0.146168">
        <ele>1.9</ele>
      </trkpt><trkpt lat="50.770663" lon="0.146246">
        <ele>1.8</ele>
      </trkpt><trkpt lat="50.770579" lon="0.14619">
        <ele>1.8</ele>
      </trkpt><trkpt lat="50.769807" lon="0.145987">
        <ele>1.7</ele>
      </trkpt><trkpt lat="50.769723" lon="0.145933">
        <ele>1.7</ele>
      </trkpt><trkpt lat="50.769639" lon="0.145773">
        <ele>1.7</ele>
      </trkpt><trkpt lat="50.769371" lon="0.145038">
        <ele>1.9</ele>
      </trkpt><trkpt lat="50.768972" lon="0.144409">
        <ele>2</ele>
      </trkpt><trkpt lat="50.768489" lon="0.1438">
        <ele>2.2</ele>
      </trkpt><trkpt lat="50.768128" lon="0.143456">
        <ele>2.3</ele>
      </trkpt><trkpt lat="50.767998" lon="0.143263">
        <ele>2.4</ele>
      </trkpt><trkpt lat="50.767754" lon="0.143032">
        <ele>2.5</ele>
      </trkpt><trkpt lat="50.767514" lon="0.142921">
        <ele>2.6</ele>
      </trkpt><trkpt lat="50.767493" lon="0.142833">
        <ele>2.6</ele>
      </trkpt><trkpt lat="50.76737" lon="0.142655">
        <ele>2.6</ele>
      </trkpt><trkpt lat="50.767258" lon="0.142524">
        <ele>2.5</ele>
      </trkpt><trkpt lat="50.767204" lon="0.142526">
        <ele>2.5</ele>
      </trkpt><trkpt lat="50.767123" lon="0.142388">
        <ele>2.5</ele>
      </trkpt><trkpt lat="50.767078" lon="0.142354">
        <ele>2.5</ele>
      </trkpt><trkpt lat="50.766957" lon="0.14238">
        <ele>2.5</ele>
      </trkpt><trkpt lat="50.766805" lon="0.142318">
        <ele>2.4</ele>
      </trkpt><trkpt lat="50.76676" lon="0.142249">
        <ele>2.4</ele>
      </trkpt><trkpt lat="50.766534" lon="0.14212">
        <ele>2.4</ele>
      </trkpt><trkpt lat="50.766469" lon="0.142019">
        <ele>2.3</ele>
      </trkpt><trkpt lat="50.766373" lon="0.141976">
        <ele>2.3</ele>
      </trkpt><trkpt lat="50.766229" lon="0.141787">
        <ele>2.3</ele>
      </trkpt><trkpt lat="50.766115" lon="0.141774">
        <ele>2.3</ele>
      </trkpt><trkpt lat="50.765954" lon="0.141701">
        <ele>2.2</ele>
      </trkpt><trkpt lat="50.765923" lon="0.141653">
        <ele>2.2</ele>
      </trkpt><trkpt lat="50.76587" lon="0.141649">
        <ele>2.2</ele>
      </trkpt><trkpt lat="50.765464" lon="0.141396">
        <ele>2.1</ele>
      </trkpt><trkpt lat="50.765464" lon="0.141396">
        <ele>2.1</ele>
      </trkpt><trkpt lat="50.764978" lon="0.141045">
        <ele>2.4</ele>
      </trkpt><trkpt lat="50.764785" lon="0.140864">
        <ele>2.5</ele>
      </trkpt><trkpt lat="50.764315" lon="0.140747">
        <ele>2.9</ele>
      </trkpt><trkpt lat="50.764075" lon="0.140776">
        <ele>3.1</ele>
      </trkpt><trkpt lat="50.763928" lon="0.140885">
        <ele>3.3</ele>
      </trkpt><trkpt lat="50.763437" lon="0.141238">
        <ele>3.9</ele>
      </trkpt><trkpt lat="50.762778" lon="0.141838">
        <ele>5.1</ele>
      </trkpt><trkpt lat="50.762358" lon="0.142094">
        <ele>6</ele>
      </trkpt><trkpt lat="50.76209" lon="0.142527">
        <ele>6.8</ele>
      </trkpt><trkpt lat="50.76167" lon="0.143064">
        <ele>8</ele>
      </trkpt><trkpt lat="50.761221" lon="0.143572">
        <ele>8.9</ele>
      </trkpt><trkpt lat="50.760902" lon="0.143832">
        <ele>9.2</ele>
      </trkpt><trkpt lat="50.760441" lon="0.144139">
        <ele>9.1</ele>
      </trkpt><trkpt lat="50.760441" lon="0.144139">
        <ele>9.1</ele>
      </trkpt><trkpt lat="50.760233" lon="0.144412">
        <ele>8.8</ele>
      </trkpt><trkpt lat="50.759994" lon="0.144727">
        <ele>8.7</ele>
      </trkpt><trkpt lat="50.759766" lon="0.145166">
        <ele>8.8</ele>
      </trkpt><trkpt lat="50.75964" lon="0.145481">
        <ele>8.7</ele>
      </trkpt><trkpt lat="50.759436" lon="0.145254">
        <ele>8.5</ele>
      </trkpt><trkpt lat="50.759268" lon="0.144871">
        <ele>8</ele>
      </trkpt><trkpt lat="50.759023" lon="0.144526">
        <ele>7.4</ele>
      </trkpt><trkpt lat="50.758765" lon="0.144474">
        <ele>7.1</ele>
      </trkpt><trkpt lat="50.758255" lon="0.14413">
        <ele>6.5</ele>
      </trkpt><trkpt lat="50.758153" lon="0.144007">
        <ele>6.3</ele>
      </trkpt><trkpt lat="50.758043" lon="0.143774">
        <ele>5.8</ele>
      </trkpt><trkpt lat="50.757853" lon="0.143134">
        <ele>5.1</ele>
      </trkpt><trkpt lat="50.757717" lon="0.142674">
        <ele>5</ele>
      </trkpt><trkpt lat="50.757561" lon="0.142399">
        <ele>5.2</ele>
      </trkpt><trkpt lat="50.757404" lon="0.142231">
        <ele>5.4</ele>
      </trkpt><trkpt lat="50.757284" lon="0.142054">
        <ele>5.6</ele>
      </trkpt><trkpt lat="50.757002" lon="0.141401">
        <ele>6.4</ele>
      </trkpt><trkpt lat="50.756899" lon="0.14104">
        <ele>6.7</ele>
      </trkpt><trkpt lat="50.756839" lon="0.140733">
        <ele>6.9</ele>
      </trkpt><trkpt lat="50.756762" lon="0.139813">
        <ele>6.9</ele>
      </trkpt><trkpt lat="50.756805" lon="0.139231">
        <ele>6.5</ele>
      </trkpt><trkpt lat="50.756803" lon="0.139073">
        <ele>6.4</ele>
      </trkpt><trkpt lat="50.756738" lon="0.138681">
        <ele>6.4</ele>
      </trkpt><trkpt lat="50.756441" lon="0.139015">
        <ele>6.3</ele>
      </trkpt><trkpt lat="50.756351" lon="0.138274">
        <ele>6.6</ele>
      </trkpt><trkpt lat="50.756398" lon="0.137433">
        <ele>6.9</ele>
      </trkpt><trkpt lat="50.756449" lon="0.13713">
        <ele>7.3</ele>
      </trkpt><trkpt lat="50.756532" lon="0.134784">
        <ele>7.4</ele>
      </trkpt><trkpt lat="50.756724" lon="0.133321">
        <ele>8.5</ele>
      </trkpt><trkpt lat="50.756917" lon="0.132611">
        <ele>9.1</ele>
      </trkpt><trkpt lat="50.756977" lon="0.132507">
        <ele>9.2</ele>
      </trkpt><trkpt lat="50.756977" lon="0.132507">
        <ele>9.2</ele>
      </trkpt><trkpt lat="50.757147" lon="0.131708">
        <ele>9.4</ele>
      </trkpt><trkpt lat="50.757487" lon="0.129882">
        <ele>9.8</ele>
      </trkpt><trkpt lat="50.757555" lon="0.129273">
        <ele>10.5</ele>
      </trkpt><trkpt lat="50.757894" lon="0.126778">
        <ele>14</ele>
      </trkpt><trkpt lat="50.758046" lon="0.126118">
        <ele>15.1</ele>
      </trkpt><trkpt lat="50.758266" lon="0.125396">
        <ele>16.1</ele>
      </trkpt><trkpt lat="50.758496" lon="0.124491">
        <ele>17.2</ele>
      </trkpt><trkpt lat="50.758561" lon="0.124137">
        <ele>17.4</ele>
      </trkpt><trkpt lat="50.758708" lon="0.123394">
        <ele>17.3</ele>
      </trkpt><trkpt lat="50.758739" lon="0.123018">
        <ele>17</ele>
      </trkpt><trkpt lat="50.75894" lon="0.121593">
        <ele>16.7</ele>
      </trkpt><trkpt lat="50.759132" lon="0.120963">
        <ele>18.3</ele>
      </trkpt><trkpt lat="50.759282" lon="0.120578">
        <ele>19.9</ele>
      </trkpt><trkpt lat="50.759417" lon="0.120317">
        <ele>21.3</ele>
      </trkpt><trkpt lat="50.759737" lon="0.119885">
        <ele>24.2</ele>
      </trkpt><trkpt lat="50.759976" lon="0.11946">
        <ele>26</ele>
      </trkpt><trkpt lat="50.760118" lon="0.119259">
        <ele>26.6</ele>
      </trkpt><trkpt lat="50.760292" lon="0.118794">
        <ele>27.3</ele>
      </trkpt><trkpt lat="50.760482" lon="0.118377">
        <ele>27.2</ele>
      </trkpt><trkpt lat="50.760601" lon="0.117855">
        <ele>26</ele>
      </trkpt><trkpt lat="50.761005" lon="0.116466">
        <ele>17.8</ele>
      </trkpt><trkpt lat="50.761187" lon="0.115829">
        <ele>15.5</ele>
      </trkpt><trkpt lat="50.761313" lon="0.115558">
        <ele>14.5</ele>
      </trkpt><trkpt lat="50.76156" lon="0.115276">
        <ele>12.9</ele>
      </trkpt><trkpt lat="50.76198" lon="0.114608">
        <ele>10.9</ele>
      </trkpt><trkpt lat="50.762197" lon="0.114374">
        <ele>11</ele>
      </trkpt><trkpt lat="50.762421" lon="0.114012">
        <ele>10.8</ele>
      </trkpt><trkpt lat="50.762828" lon="0.11322">
        <ele>9.8</ele>
      </trkpt><trkpt lat="50.763162" lon="0.112421">
        <ele>9.4</ele>
      </trkpt><trkpt lat="50.76349" lon="0.111886">
        <ele>9.3</ele>
      </trkpt><trkpt lat="50.76398" lon="0.110709">
        <ele>8.6</ele>
      </trkpt><trkpt lat="50.76408" lon="0.11014">
        <ele>7.9</ele>
      </trkpt><trkpt lat="50.764287" lon="0.109689">
        <ele>6.8</ele>
      </trkpt><trkpt lat="50.764439" lon="0.109614">
        <ele>6.2</ele>
      </trkpt><trkpt lat="50.764468" lon="0.109301">
        <ele>5.4</ele>
      </trkpt><trkpt lat="50.764679" lon="0.1089">
        <ele>4.2</ele>
      </trkpt><trkpt lat="50.764729" lon="0.10875">
        <ele>3.9</ele>
      </trkpt><trkpt lat="50.764646" lon="0.108488">
        <ele>3.5</ele>
      </trkpt><trkpt lat="50.764544" lon="0.108359">
        <ele>3.3</ele>
      </trkpt><trkpt lat="50.766895" lon="0.104165">
        <ele>1.2</ele>
      </trkpt><trkpt lat="50.76691" lon="0.104139">
        <ele>1.2</ele>
      </trkpt><trkpt lat="50.76694" lon="0.104085">
        <ele>1.2</ele>
      </trkpt><trkpt lat="50.766915" lon="0.103964">
        <ele>1.2</ele>
      </trkpt><trkpt lat="50.766957" lon="0.103814">
        <ele>1.2</ele>
      </trkpt><trkpt lat="50.767058" lon="0.103773">
        <ele>1.2</ele>
      </trkpt><trkpt lat="50.767106" lon="0.103807">
        <ele>1.2</ele>
      </trkpt><trkpt lat="50.767141" lon="0.103741">
        <ele>1.2</ele>
      </trkpt><trkpt lat="50.767141" lon="0.103741">
        <ele>1.2</ele>
      </trkpt><trkpt lat="50.767177" lon="0.103706">
        <ele>1.2</ele>
      </trkpt><trkpt lat="50.768442" lon="0.101176">
        <ele>1.1</ele>
      </trkpt><trkpt lat="50.771275" lon="0.09559">
        <ele>1.8</ele>
      </trkpt><trkpt lat="50.771367" lon="0.095446">
        <ele>1.8</ele>
      </trkpt><trkpt lat="50.771663" lon="0.095231">
        <ele>1.8</ele>
      </trkpt><trkpt lat="50.772581" lon="0.093408">
        <ele>1.9</ele>
      </trkpt><trkpt lat="50.773576" lon="0.091463">
        <ele>2</ele>
      </trkpt><trkpt lat="50.77362" lon="0.091315">
        <ele>2</ele>
      </trkpt><trkpt lat="50.773646" lon="0.090948">
        <ele>2</ele>
      </trkpt><trkpt lat="50.773828" lon="0.090579">
        <ele>2</ele>
      </trkpt><trkpt lat="50.773869" lon="0.090578">
        <ele>2</ele>
      </trkpt><trkpt lat="50.774866" lon="0.088155">
        <ele>1.8</ele>
      </trkpt><trkpt lat="50.775045" lon="0.08775">
        <ele>1.8</ele>
      </trkpt><trkpt lat="50.775566" lon="0.08671">
        <ele>1.9</ele>
      </trkpt><trkpt lat="50.775702" lon="0.086536">
        <ele>1.8</ele>
      </trkpt><trkpt lat="50.775999" lon="0.086017">
        <ele>1.7</ele>
      </trkpt><trkpt lat="50.776138" lon="0.085752">
        <ele>1.6</ele>
      </trkpt><trkpt lat="50.776362" lon="0.085316">
        <ele>1.4</ele>
      </trkpt><trkpt lat="50.776626" lon="0.084552">
        <ele>1.3</ele>
      </trkpt><trkpt lat="50.777217" lon="0.083084">
        <ele>1.1</ele>
      </trkpt><trkpt lat="50.777561" lon="0.082362">
        <ele>1.3</ele>
      </trkpt><trkpt lat="50.778316" lon="0.081024">
        <ele>1.7</ele>
      </trkpt><trkpt lat="50.778401" lon="0.080871">
        <ele>1.7</ele>
      </trkpt><trkpt lat="50.778785" lon="0.080096">
        <ele>1.8</ele>
      </trkpt><trkpt lat="50.77895" lon="0.079673">
        <ele>1.8</ele>
      </trkpt><trkpt lat="50.778976" lon="0.079549">
        <ele>1.8</ele>
      </trkpt><trkpt lat="50.779511" lon="0.078144">
        <ele>1.8</ele>
      </trkpt><trkpt lat="50.779851" lon="0.077693">
        <ele>1.9</ele>
      </trkpt><trkpt lat="50.780213" lon="0.077326">
        <ele>1.9</ele>
      </trkpt><trkpt lat="50.780451" lon="0.077086">
        <ele>1.8</ele>
      </trkpt><trkpt lat="50.780786" lon="0.075975">
        <ele>1.5</ele>
      </trkpt><trkpt lat="50.781105" lon="0.075353">
        <ele>1.3</ele>
      </trkpt><trkpt lat="50.781234" lon="0.075051">
        <ele>1.2</ele>
      </trkpt><trkpt lat="50.781307" lon="0.074794">
        <ele>1.1</ele>
      </trkpt><trkpt lat="50.781741" lon="0.0728">
        <ele>1.2</ele>
      </trkpt><trkpt lat="50.782444" lon="0.071373">
        <ele>1.4</ele>
      </trkpt><trkpt lat="50.782708" lon="0.070939">
        <ele>1.3</ele>
      </trkpt><trkpt lat="50.783569" lon="0.069887">
        <ele>1.3</ele>
      </trkpt><trkpt lat="50.783765" lon="0.069478">
        <ele>1.4</ele>
      </trkpt><trkpt lat="50.783796" lon="0.069489">
        <ele>1.4</ele>
      </trkpt><trkpt lat="50.784055" lon="0.069043">
        <ele>1.4</ele>
      </trkpt><trkpt lat="50.784055" lon="0.069043">
        <ele>1.4</ele>
      </trkpt><trkpt lat="50.784319" lon="0.068577">
        <ele>1.4</ele>
      </trkpt><trkpt lat="50.78512" lon="0.066619">
        <ele>1.2</ele>
      </trkpt><trkpt lat="50.785762" lon="0.06496">
        <ele>1.2</ele>
      </trkpt><trkpt lat="50.786339" lon="0.063798">
        <ele>1.5</ele>
      </trkpt><trkpt lat="50.786652" lon="0.063265">
        <ele>1.6</ele>
      </trkpt><trkpt lat="50.786652" lon="0.063265">
        <ele>1.6</ele>
      </trkpt><trkpt lat="50.786772" lon="0.062597">
        <ele>1.7</ele>
      </trkpt><trkpt lat="50.787427" lon="0.059615">
        <ele>1.7</ele>
      </trkpt><trkpt lat="50.787571" lon="0.059105">
        <ele>1.7</ele>
      </trkpt><trkpt lat="50.787635" lon="0.058891">
        <ele>1.7</ele>
      </trkpt><trkpt lat="50.787751" lon="0.058985">
        <ele>1.7</ele>
      </trkpt><trkpt lat="50.787717" lon="0.059089">
        <ele>1.7</ele>
      </trkpt><trkpt lat="50.787727" lon="0.059096">
        <ele>1.7</ele>
      </trkpt><trkpt lat="50.787785" lon="0.05892">
        <ele>1.7</ele>
      </trkpt><trkpt lat="50.78781" lon="0.058807">
        <ele>1.7</ele>
      </trkpt><trkpt lat="50.788203" lon="0.058167">
        <ele>1.7</ele>
      </trkpt><trkpt lat="50.788351" lon="0.057869">
        <ele>1.8</ele>
      </trkpt><trkpt lat="50.788506" lon="0.05743">
        <ele>1.8</ele>
      </trkpt><trkpt lat="50.788596" lon="0.057017">
        <ele>1.8</ele>
      </trkpt><trkpt lat="50.788625" lon="0.05697">
        <ele>1.8</ele>
      </trkpt><trkpt lat="50.788687" lon="0.056947">
        <ele>1.8</ele>
      </trkpt><trkpt lat="50.788721" lon="0.056802">
        <ele>1.8</ele>
      </trkpt><trkpt lat="50.788766" lon="0.056737">
        <ele>1.8</ele>
      </trkpt><trkpt lat="50.789059" lon="0.056556">
        <ele>1.8</ele>
      </trkpt><trkpt lat="50.789217" lon="0.056458">
        <ele>1.8</ele>
      </trkpt><trkpt lat="50.789394" lon="0.056379">
        <ele>1.8</ele>
      </trkpt><trkpt lat="50.789517" lon="0.056327">
        <ele>1.9</ele>
      </trkpt><trkpt lat="50.790244" lon="0.056061">
        <ele>1.9</ele>
      </trkpt><trkpt lat="50.790334" lon="0.056038">
        <ele>1.9</ele>
      </trkpt><trkpt lat="50.790352" lon="0.056035">
        <ele>1.9</ele>
      </trkpt><trkpt lat="50.791264" lon="0.055857">
        <ele>2.1</ele>
      </trkpt><trkpt lat="50.791384" lon="0.055853">
        <ele>2.1</ele>
      </trkpt><trkpt lat="50.792323" lon="0.055892">
        <ele>2.2</ele>
      </trkpt><trkpt lat="50.792412" lon="0.055886">
        <ele>2.3</ele>
      </trkpt><trkpt lat="50.792875" lon="0.055823">
        <ele>2.3</ele>
      </trkpt><trkpt lat="50.793284" lon="0.055627">
        <ele>2.4</ele>
      </trkpt><trkpt lat="50.793763" lon="0.05561">
        <ele>2.4</ele>
      </trkpt><trkpt lat="50.794092" lon="0.055606">
        <ele>2.5</ele>
      </trkpt><trkpt lat="50.794722" lon="0.055621">
        <ele>2.5</ele>
      </trkpt><trkpt lat="50.794888" lon="0.055637">
        <ele>2.5</ele>
      </trkpt><trkpt lat="50.795223" lon="0.055605">
        <ele>2.5</ele>
      </trkpt><trkpt lat="50.795454" lon="0.055499">
        <ele>2.6</ele>
      </trkpt><trkpt lat="50.795409" lon="0.055391">
        <ele>2.6</ele>
      </trkpt><trkpt lat="50.795397" lon="0.055232">
        <ele>2.6</ele>
      </trkpt><trkpt lat="50.795288" lon="0.054914">
        <ele>2.6</ele>
      </trkpt><trkpt lat="50.795254" lon="0.054724">
        <ele>2.6</ele>
      </trkpt><trkpt lat="50.795243" lon="0.05464">
        <ele>2.6</ele>
      </trkpt><trkpt lat="50.795231" lon="0.054566">
        <ele>2.6</ele>
      </trkpt><trkpt lat="50.795196" lon="0.054356">
        <ele>2.5</ele>
      </trkpt><trkpt lat="50.79512" lon="0.054184">
        <ele>2.4</ele>
      </trkpt><trkpt lat="50.795131" lon="0.054119">
        <ele>2.4</ele>
      </trkpt><trkpt lat="50.795144" lon="0.054002">
        <ele>2.4</ele>
      </trkpt><trkpt lat="50.795124" lon="0.053888">
        <ele>2.3</ele>
      </trkpt><trkpt lat="50.795087" lon="0.053845">
        <ele>2.3</ele>
      </trkpt><trkpt lat="50.795118" lon="0.053739">
        <ele>2.3</ele>
      </trkpt><trkpt lat="50.795103" lon="0.053213">
        <ele>2.1</ele>
      </trkpt><trkpt lat="50.795041" lon="0.052686">
        <ele>2</ele>
      </trkpt><trkpt lat="50.795037" lon="0.052665">
        <ele>2</ele>
      </trkpt><trkpt lat="50.795008" lon="0.052541">
        <ele>1.9</ele>
      </trkpt><trkpt lat="50.794854" lon="0.051931">
        <ele>1.7</ele>
      </trkpt><trkpt lat="50.79484" lon="0.05188">
        <ele>1.7</ele>
      </trkpt><trkpt lat="50.794748" lon="0.051752">
        <ele>1.6</ele>
      </trkpt><trkpt lat="50.794707" lon="0.051733">
        <ele>1.6</ele>
      </trkpt><trkpt lat="50.794477" lon="0.051806">
        <ele>1.6</ele>
      </trkpt><trkpt lat="50.794281" lon="0.051792">
        <ele>1.6</ele>
      </trkpt><trkpt lat="50.794221" lon="0.05178">
        <ele>1.6</ele>
      </trkpt><trkpt lat="50.794121" lon="0.051921">
        <ele>1.5</ele>
      </trkpt><trkpt lat="50.794026" lon="0.051946">
        <ele>1.5</ele>
      </trkpt><trkpt lat="50.793658" lon="0.052061">
        <ele>1.5</ele>
      </trkpt><trkpt lat="50.792813" lon="0.052291">
        <ele>1.3</ele>
      </trkpt><trkpt lat="50.792504" lon="0.052192">
        <ele>1.3</ele>
      </trkpt><trkpt lat="50.792165" lon="0.052207">
        <ele>1.2</ele>
      </trkpt><trkpt lat="50.791798" lon="0.052272">
        <ele>1.2</ele>
      </trkpt><trkpt lat="50.79124" lon="0.052428">
        <ele>1.5</ele>
      </trkpt><trkpt lat="50.791076" lon="0.052344">
        <ele>1.6</ele>
      </trkpt><trkpt lat="50.790985" lon="0.052336">
        <ele>1.6</ele>
      </trkpt><trkpt lat="50.790908" lon="0.052359">
        <ele>1.7</ele>
      </trkpt><trkpt lat="50.790775" lon="0.052444">
        <ele>1.7</ele>
      </trkpt><trkpt lat="50.790104" lon="0.052568">
        <ele>1.9</ele>
      </trkpt><trkpt lat="50.789926" lon="0.052514">
        <ele>1.9</ele>
      </trkpt><trkpt lat="50.789818" lon="0.05268">
        <ele>1.8</ele>
      </trkpt><trkpt lat="50.789686" lon="0.052778">
        <ele>1.8</ele>
      </trkpt><trkpt lat="50.789588" lon="0.052991">
        <ele>1.8</ele>
      </trkpt><trkpt lat="50.789198" lon="0.053212">
        <ele>1.4</ele>
      </trkpt><trkpt lat="50.789168" lon="0.053214">
        <ele>1.4</ele>
      </trkpt><trkpt lat="50.789125" lon="0.053266">
        <ele>1.3</ele>
      </trkpt><trkpt lat="50.788769" lon="0.053481">
        <ele>0.9</ele>
      </trkpt><trkpt lat="50.788431" lon="0.05364">
        <ele>0.6</ele>
      </trkpt><trkpt lat="50.788309" lon="0.053664">
        <ele>0.6</ele>
      </trkpt><trkpt lat="50.788218" lon="0.053637">
        <ele>0.5</ele>
      </trkpt><trkpt lat="50.788165" lon="0.05355">
        <ele>0.5</ele>
      </trkpt><trkpt lat="50.788175" lon="0.053295">
        <ele>0.5</ele>
      </trkpt><trkpt lat="50.787869" lon="0.052807">
        <ele>0.6</ele>
      </trkpt><trkpt lat="50.787771" lon="0.052573">
        <ele>0.8</ele>
      </trkpt><trkpt lat="50.787714" lon="0.052518">
        <ele>0.9</ele>
      </trkpt><trkpt lat="50.78729" lon="0.052219">
        <ele>1.2</ele>
      </trkpt><trkpt lat="50.787164" lon="0.052089">
        <ele>1.4</ele>
      </trkpt><trkpt lat="50.787084" lon="0.051901">
        <ele>1.5</ele>
      </trkpt><trkpt lat="50.787033" lon="0.051563">
        <ele>1.7</ele>
      </trkpt><trkpt lat="50.786771" lon="0.051688">
        <ele>2</ele>
      </trkpt><trkpt lat="50.786538" lon="0.051832">
        <ele>2.3</ele>
      </trkpt><trkpt lat="50.785608" lon="0.052409">
        <ele>3.8</ele>
      </trkpt><trkpt lat="50.785238" lon="0.052947">
        <ele>6.1</ele>
      </trkpt><trkpt lat="50.784951" lon="0.052075">
        <ele>10.3</ele>
      </trkpt><trkpt lat="50.784572" lon="0.051719">
        <ele>14.2</ele>
      </trkpt><trkpt lat="50.784359" lon="0.051694">
        <ele>16.4</ele>
      </trkpt><trkpt lat="50.784288" lon="0.051728">
        <ele>17.1</ele>
      </trkpt><trkpt lat="50.78418" lon="0.051827">
        <ele>18.4</ele>
      </trkpt><trkpt lat="50.78402" lon="0.052074">
        <ele>20.5</ele>
      </trkpt><trkpt lat="50.783936" lon="0.052103">
        <ele>21.4</ele>
      </trkpt><trkpt lat="50.78386" lon="0.052187">
        <ele>22.2</ele>
      </trkpt><trkpt lat="50.783769" lon="0.052483">
        <ele>24</ele>
      </trkpt><trkpt lat="50.783681" lon="0.052675">
        <ele>25</ele>
      </trkpt><trkpt lat="50.783631" lon="0.052744">
        <ele>25.4</ele>
      </trkpt><trkpt lat="50.783519" lon="0.052754">
        <ele>26.1</ele>
      </trkpt><trkpt lat="50.783079" lon="0.052512">
        <ele>28.4</ele>
      </trkpt><trkpt lat="50.782964" lon="0.052409">
        <ele>29</ele>
      </trkpt><trkpt lat="50.78288" lon="0.052453">
        <ele>29.3</ele>
      </trkpt><trkpt lat="50.782733" lon="0.052285">
        <ele>29.8</ele>
      </trkpt><trkpt lat="50.782416" lon="0.052053">
        <ele>30.8</ele>
      </trkpt><trkpt lat="50.782365" lon="0.051917">
        <ele>31.1</ele>
      </trkpt><trkpt lat="50.782377" lon="0.051654">
        <ele>31.5</ele>
      </trkpt><trkpt lat="50.782347" lon="0.051429">
        <ele>31.9</ele>
      </trkpt><trkpt lat="50.782392" lon="0.051244">
        <ele>32.2</ele>
      </trkpt><trkpt lat="50.782404" lon="0.051044">
        <ele>32.6</ele>
      </trkpt><trkpt lat="50.782388" lon="0.050747">
        <ele>33.2</ele>
      </trkpt><trkpt lat="50.782272" lon="0.050434">
        <ele>33.9</ele>
      </trkpt><trkpt lat="50.782179" lon="0.050358">
        <ele>34.3</ele>
      </trkpt><trkpt lat="50.782145" lon="0.05024">
        <ele>34.5</ele>
      </trkpt><trkpt lat="50.782215" lon="0.049999">
        <ele>35</ele>
      </trkpt><trkpt lat="50.782254" lon="0.049437">
        <ele>35.6</ele>
      </trkpt><trkpt lat="50.782335" lon="0.049147">
        <ele>35.5</ele>
      </trkpt><trkpt lat="50.78235" lon="0.048998">
        <ele>35.4</ele>
      </trkpt><trkpt lat="50.782343" lon="0.048896">
        <ele>35.3</ele>
      </trkpt><trkpt lat="50.782219" lon="0.048531">
        <ele>34.3</ele>
      </trkpt><trkpt lat="50.782159" lon="0.048248">
        <ele>33.2</ele>
      </trkpt><trkpt lat="50.782132" lon="0.048073">
        <ele>32.4</ele>
      </trkpt><trkpt lat="50.782132" lon="0.047875">
        <ele>31.4</ele>
      </trkpt><trkpt lat="50.781993" lon="0.047374">
        <ele>28.2</ele>
      </trkpt><trkpt lat="50.781987" lon="0.047183">
        <ele>26.8</ele>
      </trkpt><trkpt lat="50.781782" lon="0.046849">
        <ele>23.1</ele>
      </trkpt><trkpt lat="50.781649" lon="0.046703">
        <ele>21</ele>
      </trkpt><trkpt lat="50.781667" lon="0.045926">
        <ele>15.1</ele>
      </trkpt><trkpt lat="50.781564" lon="0.045235">
        <ele>11.4</ele>
      </trkpt><trkpt lat="50.781573" lon="0.045155">
        <ele>11.1</ele>
      </trkpt><trkpt lat="50.781625" lon="0.0447">
        <ele>9.5</ele>
      </trkpt><trkpt lat="50.781637" lon="0.043974">
        <ele>8</ele>
      </trkpt><trkpt lat="50.781704" lon="0.043675">
        <ele>7.8</ele>
      </trkpt><trkpt lat="50.781742" lon="0.043505">
        <ele>7.8</ele>
      </trkpt><trkpt lat="50.781619" lon="0.042598">
        <ele>8.1</ele>
      </trkpt><trkpt lat="50.78164" lon="0.041971">
        <ele>8.1</ele>
      </trkpt><trkpt lat="50.78155" lon="0.041144">
        <ele>7.6</ele>
      </trkpt><trkpt lat="50.781344" lon="0.038036">
        <ele>6.1</ele>
      </trkpt><trkpt lat="50.781348" lon="0.037812">
        <ele>6</ele>
      </trkpt><trkpt lat="50.78139" lon="0.037443">
        <ele>5.9</ele>
      </trkpt><trkpt lat="50.781316" lon="0.03715">
        <ele>6.1</ele>
      </trkpt><trkpt lat="50.781299" lon="0.036988">
        <ele>6.5</ele>
      </trkpt><trkpt lat="50.781326" lon="0.036892">
        <ele>6.6</ele>
      </trkpt><trkpt lat="50.781394" lon="0.036322">
        <ele>7.3</ele>
      </trkpt><trkpt lat="50.781535" lon="0.035742">
        <ele>7.8</ele>
      </trkpt><trkpt lat="50.781695" lon="0.035631">
        <ele>8.1</ele>
      </trkpt><trkpt lat="50.781765" lon="0.035559">
        <ele>8.3</ele>
      </trkpt><trkpt lat="50.781774" lon="0.03505">
        <ele>8.8</ele>
      </trkpt><trkpt lat="50.781968" lon="0.034272">
        <ele>9.4</ele>
      </trkpt><trkpt lat="50.782193" lon="0.033818">
        <ele>9</ele>
      </trkpt><trkpt lat="50.782332" lon="0.033371">
        <ele>8.6</ele>
      </trkpt><trkpt lat="50.782617" lon="0.032178">
        <ele>8.1</ele>
      </trkpt><trkpt lat="50.782709" lon="0.031906">
        <ele>7.9</ele>
      </trkpt><trkpt lat="50.78281" lon="0.03175">
        <ele>7.8</ele>
      </trkpt><trkpt lat="50.782868" lon="0.031531">
        <ele>7.6</ele>
      </trkpt><trkpt lat="50.782837" lon="0.031386">
        <ele>7.4</ele>
      </trkpt><trkpt lat="50.783174" lon="0.029791">
        <ele>7.5</ele>
      </trkpt><trkpt lat="50.783426" lon="0.028865">
        <ele>10.1</ele>
      </trkpt><trkpt lat="50.783476" lon="0.028807">
        <ele>10.3</ele>
      </trkpt><trkpt lat="50.783589" lon="0.028726">
        <ele>10.9</ele>
      </trkpt><trkpt lat="50.783676" lon="0.028607">
        <ele>11.4</ele>
      </trkpt><trkpt lat="50.783809" lon="0.028177">
        <ele>12.4</ele>
      </trkpt><trkpt lat="50.783875" lon="0.027663">
        <ele>13</ele>
      </trkpt><trkpt lat="50.783941" lon="0.027502">
        <ele>13.2</ele>
      </trkpt><trkpt lat="50.784063" lon="0.026833">
        <ele>12.8</ele>
      </trkpt><trkpt lat="50.784217" lon="0.02612">
        <ele>10.8</ele>
      </trkpt><trkpt lat="50.784333" lon="0.025617">
        <ele>10</ele>
      </trkpt><trkpt lat="50.784494" lon="0.025176">
        <ele>9.5</ele>
      </trkpt><trkpt lat="50.784604" lon="0.024621">
        <ele>9.3</ele>
      </trkpt><trkpt lat="50.784611" lon="0.024451">
        <ele>9.3</ele>
      </trkpt><trkpt lat="50.784707" lon="0.024443">
        <ele>9.5</ele>
      </trkpt><trkpt lat="50.784756" lon="0.024384">
        <ele>9.5</ele>
      </trkpt><trkpt lat="50.784775" lon="0.024266">
        <ele>9.6</ele>
      </trkpt><trkpt lat="50.785043" lon="0.023041">
        <ele>11.2</ele>
      </trkpt><trkpt lat="50.785153" lon="0.022564">
        <ele>11.4</ele>
      </trkpt><trkpt lat="50.785272" lon="0.02235">
        <ele>11.4</ele>
      </trkpt><trkpt lat="50.785424" lon="0.022231">
        <ele>11.5</ele>
      </trkpt><trkpt lat="50.785367" lon="0.021796">
        <ele>11.7</ele>
      </trkpt><trkpt lat="50.785352" lon="0.021531">
        <ele>12</ele>
      </trkpt><trkpt lat="50.785593" lon="0.019792">
        <ele>13</ele>
      </trkpt><trkpt lat="50.785533" lon="0.019288">
        <ele>12.9</ele>
      </trkpt><trkpt lat="50.785403" lon="0.018681">
        <ele>12.2</ele>
      </trkpt><trkpt lat="50.785393" lon="0.018364">
        <ele>11.8</ele>
      </trkpt><trkpt lat="50.785414" lon="0.017236">
        <ele>10</ele>
      </trkpt><trkpt lat="50.785447" lon="0.016719">
        <ele>9.3</ele>
      </trkpt><trkpt lat="50.785572" lon="0.01598">
        <ele>8.8</ele>
      </trkpt><trkpt lat="50.7858" lon="0.015268">
        <ele>8.5</ele>
      </trkpt><trkpt lat="50.785925" lon="0.014757">
        <ele>8.5</ele>
      </trkpt><trkpt lat="50.786125" lon="0.014262">
        <ele>8.8</ele>
      </trkpt><trkpt lat="50.786184" lon="0.014032">
        <ele>9</ele>
      </trkpt><trkpt lat="50.786292" lon="0.013601">
        <ele>9.5</ele>
      </trkpt><trkpt lat="50.786412" lon="0.013077">
        <ele>10</ele>
      </trkpt><trkpt lat="50.786513" lon="0.012626">
        <ele>10.1</ele>
      </trkpt><trkpt lat="50.786612" lon="0.012471">
        <ele>10.2</ele>
      </trkpt><trkpt lat="50.786852" lon="0.011426">
        <ele>11.2</ele>
      </trkpt><trkpt lat="50.786935" lon="0.011059">
        <ele>11</ele>
      </trkpt><trkpt lat="50.78709" lon="0.01052">
        <ele>10.2</ele>
      </trkpt><trkpt lat="50.787157" lon="0.010131">
        <ele>9.5</ele>
      </trkpt><trkpt lat="50.787157" lon="0.009698">
        <ele>8.6</ele>
      </trkpt><trkpt lat="50.787235" lon="0.009197">
        <ele>8</ele>
      </trkpt><trkpt lat="50.787374" lon="0.008368">
        <ele>6.2</ele>
      </trkpt><trkpt lat="50.787532" lon="0.00703">
        <ele>4.8</ele>
      </trkpt><trkpt lat="50.787619" lon="0.006888">
        <ele>4.9</ele>
      </trkpt><trkpt lat="50.787786" lon="0.006091">
        <ele>6.2</ele>
      </trkpt><trkpt lat="50.788083" lon="0.005133">
        <ele>8.4</ele>
      </trkpt><trkpt lat="50.788197" lon="0.004265">
        <ele>10</ele>
      </trkpt><trkpt lat="50.788299" lon="0.003816">
        <ele>10.5</ele>
      </trkpt><trkpt lat="50.788798" lon="0.001718">
        <ele>10.6</ele>
      </trkpt><trkpt lat="50.788961" lon="0.001298">
        <ele>10.6</ele>
      </trkpt><trkpt lat="50.788995" lon="0.001212">
        <ele>10.7</ele>
      </trkpt><trkpt lat="50.789004" lon="0.001071">
        <ele>10.7</ele>
      </trkpt><trkpt lat="50.789091" lon="0.000853">
        <ele>10.7</ele>
      </trkpt><trkpt lat="50.789306" lon="0.000112">
        <ele>10.9</ele>
      </trkpt><trkpt lat="50.789656" lon="-0.001453">
        <ele>11.4</ele>
      </trkpt><trkpt lat="50.789666" lon="-0.001511">
        <ele>11.3</ele>
      </trkpt><trkpt lat="50.789697" lon="-0.001513">
        <ele>11.4</ele>
      </trkpt><trkpt lat="50.789696" lon="-0.001572">
        <ele>11.4</ele>
      </trkpt><trkpt lat="50.789941" lon="-0.002507">
        <ele>11.2</ele>
      </trkpt><trkpt lat="50.790056" lon="-0.0028">
        <ele>10.8</ele>
      </trkpt><trkpt lat="50.79012" lon="-0.003079">
        <ele>10.6</ele>
      </trkpt><trkpt lat="50.79013" lon="-0.003133">
        <ele>10.5</ele>
      </trkpt><trkpt lat="50.790241" lon="-0.003557">
        <ele>10.3</ele>
      </trkpt><trkpt lat="50.790377" lon="-0.004046">
        <ele>9.4</ele>
      </trkpt><trkpt lat="50.790513" lon="-0.004593">
        <ele>8.2</ele>
      </trkpt><trkpt lat="50.790634" lon="-0.004967">
        <ele>7.7</ele>
      </trkpt><trkpt lat="50.79072" lon="-0.005425">
        <ele>7.3</ele>
      </trkpt><trkpt lat="50.79077" lon="-0.00592">
        <ele>7.2</ele>
      </trkpt><trkpt lat="50.790916" lon="-0.006672">
        <ele>6.6</ele>
      </trkpt><trkpt lat="50.791102" lon="-0.007435">
        <ele>6.4</ele>
      </trkpt><trkpt lat="50.791309" lon="-0.008378">
        <ele>7</ele>
      </trkpt><trkpt lat="50.791646" lon="-0.009228">
        <ele>6.7</ele>
      </trkpt><trkpt lat="50.791868" lon="-0.009606">
        <ele>6.4</ele>
      </trkpt><trkpt lat="50.791876" lon="-0.009667">
        <ele>6.4</ele>
      </trkpt><trkpt lat="50.792005" lon="-0.0103">
        <ele>5.8</ele>
      </trkpt><trkpt lat="50.791958" lon="-0.010438">
        <ele>5.5</ele>
      </trkpt><trkpt lat="50.7919" lon="-0.010477">
        <ele>5.4</ele>
      </trkpt><trkpt lat="50.791846" lon="-0.010469">
        <ele>5.3</ele>
      </trkpt><trkpt lat="50.791782" lon="-0.010392">
        <ele>5.1</ele>
      </trkpt><trkpt lat="50.791729" lon="-0.010151">
        <ele>4.7</ele>
      </trkpt><trkpt lat="50.791408" lon="-0.009417">
        <ele>2.8</ele>
      </trkpt><trkpt lat="50.791256" lon="-0.008958">
        <ele>2.3</ele>
      </trkpt><trkpt lat="50.791194" lon="-0.008673">
        <ele>2.2</ele>
      </trkpt><trkpt lat="50.791256" lon="-0.008958">
        <ele>2.3</ele>
      </trkpt><trkpt lat="50.791408" lon="-0.009417">
        <ele>2.8</ele>
      </trkpt><trkpt lat="50.791729" lon="-0.010151">
        <ele>4.9</ele>
      </trkpt><trkpt lat="50.791782" lon="-0.010392">
        <ele>5.6</ele>
      </trkpt><trkpt lat="50.791846" lon="-0.010469">
        <ele>5.9</ele>
      </trkpt><trkpt lat="50.7919" lon="-0.010477">
        <ele>6.1</ele>
      </trkpt><trkpt lat="50.791958" lon="-0.010438">
        <ele>6.4</ele>
      </trkpt><trkpt lat="50.792005" lon="-0.0103">
        <ele>6.8</ele>
      </trkpt><trkpt lat="50.791876" lon="-0.009667">
        <ele>7.6</ele>
      </trkpt><trkpt lat="50.791962" lon="-0.009689">
        <ele>7.8</ele>
      </trkpt><trkpt lat="50.792097" lon="-0.010304">
        <ele>7.9</ele>
      </trkpt><trkpt lat="50.792066" lon="-0.010522">
        <ele>7.8</ele>
      </trkpt><trkpt lat="50.79195" lon="-0.010739">
        <ele>7.7</ele>
      </trkpt><trkpt lat="50.791908" lon="-0.010873">
        <ele>7.6</ele>
      </trkpt><trkpt lat="50.792112" lon="-0.011722">
        <ele>6.3</ele>
      </trkpt><trkpt lat="50.792193" lon="-0.012101">
        <ele>5.6</ele>
      </trkpt><trkpt lat="50.792219" lon="-0.012081">
        <ele>5.5</ele>
      </trkpt><trkpt lat="50.792459" lon="-0.013251">
        <ele>4.9</ele>
      </trkpt><trkpt lat="50.792637" lon="-0.013946">
        <ele>5</ele>
      </trkpt><trkpt lat="50.793074" lon="-0.015341">
        <ele>5.3</ele>
      </trkpt><trkpt lat="50.793116" lon="-0.015823">
        <ele>5.4</ele>
      </trkpt><trkpt lat="50.793355" lon="-0.016573">
        <ele>5.6</ele>
      </trkpt><trkpt lat="50.793442" lon="-0.017108">
        <ele>5.8</ele>
      </trkpt><trkpt lat="50.793581" lon="-0.017535">
        <ele>5.7</ele>
      </trkpt><trkpt lat="50.793701" lon="-0.018221">
        <ele>5.3</ele>
      </trkpt><trkpt lat="50.793831" lon="-0.018567">
        <ele>5.1</ele>
      </trkpt><trkpt lat="50.793906" lon="-0.018873">
        <ele>4.8</ele>
      </trkpt><trkpt lat="50.793947" lon="-0.019185">
        <ele>4.5</ele>
      </trkpt><trkpt lat="50.793983" lon="-0.019441">
        <ele>4.4</ele>
      </trkpt><trkpt lat="50.794051" lon="-0.019653">
        <ele>4.3</ele>
      </trkpt><trkpt lat="50.794159" lon="-0.019877">
        <ele>4.2</ele>
      </trkpt><trkpt lat="50.794326" lon="-0.020584">
        <ele>4.2</ele>
      </trkpt><trkpt lat="50.7946" lon="-0.020738">
        <ele>4.6</ele>
      </trkpt><trkpt lat="50.794719" lon="-0.020973">
        <ele>5</ele>
      </trkpt><trkpt lat="50.794937" lon="-0.021527">
        <ele>5.9</ele>
      </trkpt><trkpt lat="50.795001" lon="-0.021622">
        <ele>6.2</ele>
      </trkpt><trkpt lat="50.795059" lon="-0.021875">
        <ele>7.2</ele>
      </trkpt><trkpt lat="50.795352" lon="-0.022634">
        <ele>11.2</ele>
      </trkpt><trkpt lat="50.795454" lon="-0.022979">
        <ele>12.7</ele>
      </trkpt><trkpt lat="50.795889" lon="-0.022844">
        <ele>15.5</ele>
      </trkpt><trkpt lat="50.796012" lon="-0.022797">
        <ele>16.3</ele>
      </trkpt><trkpt lat="50.796035" lon="-0.022882">
        <ele>16.5</ele>
      </trkpt><trkpt lat="50.796451" lon="-0.024403">
        <ele>22.3</ele>
      </trkpt><trkpt lat="50.796485" lon="-0.02453">
        <ele>22.4</ele>
      </trkpt><trkpt lat="50.796565" lon="-0.024709">
        <ele>22.7</ele>
      </trkpt><trkpt lat="50.796715" lon="-0.025322">
        <ele>23.6</ele>
      </trkpt><trkpt lat="50.796878" lon="-0.026047">
        <ele>23.9</ele>
      </trkpt><trkpt lat="50.797104" lon="-0.027273">
        <ele>19.9</ele>
      </trkpt><trkpt lat="50.797029" lon="-0.027426">
        <ele>19</ele>
      </trkpt><trkpt lat="50.796982" lon="-0.027607">
        <ele>18</ele>
      </trkpt><trkpt lat="50.796956" lon="-0.027765">
        <ele>17.1</ele>
      </trkpt><trkpt lat="50.796936" lon="-0.028157">
        <ele>14.8</ele>
      </trkpt><trkpt lat="50.79696" lon="-0.028542">
        <ele>12.6</ele>
      </trkpt><trkpt lat="50.797194" lon="-0.029601">
        <ele>6.8</ele>
      </trkpt><trkpt lat="50.79726" lon="-0.029744">
        <ele>6.3</ele>
      </trkpt><trkpt lat="50.797627" lon="-0.031069">
        <ele>4</ele>
      </trkpt><trkpt lat="50.797755" lon="-0.031753">
        <ele>3.8</ele>
      </trkpt><trkpt lat="50.798242" lon="-0.033021">
        <ele>3.6</ele>
      </trkpt><trkpt lat="50.798273" lon="-0.033286">
        <ele>3.6</ele>
      </trkpt><trkpt lat="50.798615" lon="-0.034317">
        <ele>3.5</ele>
      </trkpt><trkpt lat="50.798711" lon="-0.034768">
        <ele>3.6</ele>
      </trkpt><trkpt lat="50.798951" lon="-0.035361">
        <ele>3.9</ele>
      </trkpt><trkpt lat="50.799686" lon="-0.037591">
        <ele>5.6</ele>
      </trkpt><trkpt lat="50.799743" lon="-0.037698">
        <ele>5.7</ele>
      </trkpt><trkpt lat="50.799963" lon="-0.038851">
        <ele>6.3</ele>
      </trkpt><trkpt lat="50.800097" lon="-0.039322">
        <ele>6.2</ele>
      </trkpt><trkpt lat="50.800261" lon="-0.039861">
        <ele>5.9</ele>
      </trkpt><trkpt lat="50.800286" lon="-0.039936">
        <ele>5.8</ele>
      </trkpt><trkpt lat="50.800309" lon="-0.040004">
        <ele>5.8</ele>
      </trkpt><trkpt lat="50.800288" lon="-0.040169">
        <ele>5.7</ele>
      </trkpt><trkpt lat="50.800416" lon="-0.040465">
        <ele>5.5</ele>
      </trkpt><trkpt lat="50.800407" lon="-0.040551">
        <ele>5.4</ele>
      </trkpt><trkpt lat="50.800371" lon="-0.040616">
        <ele>5.4</ele>
      </trkpt><trkpt lat="50.80033" lon="-0.040639">
        <ele>5.3</ele>
      </trkpt><trkpt lat="50.800351" lon="-0.040907">
        <ele>5.1</ele>
      </trkpt><trkpt lat="50.800436" lon="-0.041029">
        <ele>5</ele>
      </trkpt><trkpt lat="50.800503" lon="-0.041453">
        <ele>4.6</ele>
      </trkpt><trkpt lat="50.80058" lon="-0.041978">
        <ele>4.1</ele>
      </trkpt><trkpt lat="50.800609" lon="-0.04216">
        <ele>3.9</ele>
      </trkpt><trkpt lat="50.800577" lon="-0.042175">
        <ele>3.8</ele>
      </trkpt><trkpt lat="50.800582" lon="-0.042209">
        <ele>3.8</ele>
      </trkpt><trkpt lat="50.800607" lon="-0.042406">
        <ele>3.7</ele>
      </trkpt><trkpt lat="50.80055" lon="-0.042526">
        <ele>3.6</ele>
      </trkpt><trkpt lat="50.800614" lon="-0.042956">
        <ele>3.2</ele>
      </trkpt><trkpt lat="50.800582" lon="-0.043207">
        <ele>3</ele>
      </trkpt><trkpt lat="50.800551" lon="-0.044056">
        <ele>2.3</ele>
      </trkpt><trkpt lat="50.800567" lon="-0.044653">
        <ele>1.9</ele>
      </trkpt><trkpt lat="50.80067" lon="-0.045296">
        <ele>1.4</ele>
      </trkpt><trkpt lat="50.801036" lon="-0.046932">
        <ele>0.8</ele>
      </trkpt><trkpt lat="50.801159" lon="-0.047657">
        <ele>0.8</ele>
      </trkpt><trkpt lat="50.801505" lon="-0.049214">
        <ele>2</ele>
      </trkpt><trkpt lat="50.801565" lon="-0.049609">
        <ele>2.3</ele>
      </trkpt><trkpt lat="50.801608" lon="-0.050124">
        <ele>2.5</ele>
      </trkpt><trkpt lat="50.801616" lon="-0.050586">
        <ele>2.6</ele>
      </trkpt><trkpt lat="50.801578" lon="-0.051795">
        <ele>2.6</ele>
      </trkpt><trkpt lat="50.801604" lon="-0.052214">
        <ele>2.3</ele>
      </trkpt><trkpt lat="50.801655" lon="-0.052715">
        <ele>2.2</ele>
      </trkpt><trkpt lat="50.801952" lon="-0.054463">
        <ele>2.3</ele>
      </trkpt><trkpt lat="50.80203" lon="-0.054927">
        <ele>2.2</ele>
      </trkpt><trkpt lat="50.801909" lon="-0.055128">
        <ele>2.2</ele>
      </trkpt><trkpt lat="50.801867" lon="-0.055248">
        <ele>2.1</ele>
      </trkpt><trkpt lat="50.801914" lon="-0.055559">
        <ele>1.9</ele>
      </trkpt><trkpt lat="50.802041" lon="-0.05593">
        <ele>1.7</ele>
      </trkpt><trkpt lat="50.802292" lon="-0.056887">
        <ele>1.2</ele>
      </trkpt><trkpt lat="50.802307" lon="-0.056946">
        <ele>1.2</ele>
      </trkpt><trkpt lat="50.802533" lon="-0.057559">
        <ele>1.2</ele>
      </trkpt><trkpt lat="50.802607" lon="-0.057726">
        <ele>1.2</ele>
      </trkpt><trkpt lat="50.802828" lon="-0.058689">
        <ele>1.3</ele>
      </trkpt><trkpt lat="50.803166" lon="-0.060405">
        <ele>1.3</ele>
      </trkpt><trkpt lat="50.803243" lon="-0.060822">
        <ele>1.2</ele>
      </trkpt><trkpt lat="50.803588" lon="-0.062113">
        <ele>1.1</ele>
      </trkpt><trkpt lat="50.804055" lon="-0.063531">
        <ele>1</ele>
      </trkpt><trkpt lat="50.804399" lon="-0.064728">
        <ele>0.9</ele>
      </trkpt><trkpt lat="50.805378" lon="-0.068481">
        <ele>1.1</ele>
      </trkpt><trkpt lat="50.805999" lon="-0.070345">
        <ele>2.8</ele>
      </trkpt><trkpt lat="50.806188" lon="-0.070844">
        <ele>3.4</ele>
      </trkpt><trkpt lat="50.80624" lon="-0.070798">
        <ele>3.5</ele>
      </trkpt><trkpt lat="50.806275" lon="-0.070771">
        <ele>3.5</ele>
      </trkpt><trkpt lat="50.806355" lon="-0.070966">
        <ele>3.7</ele>
      </trkpt><trkpt lat="50.806379" lon="-0.070945">
        <ele>3.7</ele>
      </trkpt><trkpt lat="50.806354" lon="-0.070842">
        <ele>3.7</ele>
      </trkpt><trkpt lat="50.806395" lon="-0.070807">
        <ele>3.8</ele>
      </trkpt><trkpt lat="50.80699" lon="-0.072817">
        <ele>3.8</ele>
      </trkpt><trkpt lat="50.807246" lon="-0.073939">
        <ele>3.5</ele>
      </trkpt><trkpt lat="50.807445" lon="-0.074635">
        <ele>3.5</ele>
      </trkpt><trkpt lat="50.808022" lon="-0.07691">
        <ele>4</ele>
      </trkpt><trkpt lat="50.808256" lon="-0.077513">
        <ele>4</ele>
      </trkpt><trkpt lat="50.808529" lon="-0.078463">
        <ele>4.1</ele>
      </trkpt><trkpt lat="50.809064" lon="-0.080578">
        <ele>4.1</ele>
      </trkpt><trkpt lat="50.809165" lon="-0.081083">
        <ele>4</ele>
      </trkpt><trkpt lat="50.809893" lon="-0.083505">
        <ele>3</ele>
      </trkpt><trkpt lat="50.810035" lon="-0.08395">
        <ele>2.9</ele>
      </trkpt><trkpt lat="50.810199" lon="-0.084347">
        <ele>2.9</ele>
      </trkpt><trkpt lat="50.810506" lon="-0.085401">
        <ele>3.1</ele>
      </trkpt><trkpt lat="50.810595" lon="-0.085809">
        <ele>3.2</ele>
      </trkpt><trkpt lat="50.811666" lon="-0.089802">
        <ele>4.3</ele>
      </trkpt><trkpt lat="50.811762" lon="-0.090089">
        <ele>4.4</ele>
      </trkpt><trkpt lat="50.811846" lon="-0.09049">
        <ele>4.7</ele>
      </trkpt><trkpt lat="50.811859" lon="-0.090836">
        <ele>4.9</ele>
      </trkpt><trkpt lat="50.811915" lon="-0.091175">
        <ele>5.2</ele>
      </trkpt><trkpt lat="50.81215" lon="-0.091955">
        <ele>5.9</ele>
      </trkpt><trkpt lat="50.812235" lon="-0.092104">
        <ele>6.1</ele>
      </trkpt><trkpt lat="50.81238" lon="-0.092956">
        <ele>6.9</ele>
      </trkpt><trkpt lat="50.812456" lon="-0.093201">
        <ele>7</ele>
      </trkpt><trkpt lat="50.812451" lon="-0.093515">
        <ele>7.2</ele>
      </trkpt><trkpt lat="50.812475" lon="-0.093818">
        <ele>7.3</ele>
      </trkpt><trkpt lat="50.812637" lon="-0.094702">
        <ele>7.6</ele>
      </trkpt><trkpt lat="50.812611" lon="-0.094722">
        <ele>7.6</ele>
      </trkpt><trkpt lat="50.812595" lon="-0.094807">
        <ele>7.6</ele>
      </trkpt><trkpt lat="50.812846" lon="-0.095895">
        <ele>8.1</ele>
      </trkpt><trkpt lat="50.813083" lon="-0.096677">
        <ele>8.7</ele>
      </trkpt><trkpt lat="50.813371" lon="-0.097454">
        <ele>9.4</ele>
      </trkpt><trkpt lat="50.813474" lon="-0.097852">
        <ele>9.7</ele>
      </trkpt><trkpt lat="50.813573" lon="-0.098574">
        <ele>10</ele>
      </trkpt><trkpt lat="50.81394" lon="-0.100425">
        <ele>10.1</ele>
      </trkpt><trkpt lat="50.814131" lon="-0.101642">
        <ele>9.9</ele>
      </trkpt><trkpt lat="50.814157" lon="-0.101961">
        <ele>9.8</ele>
      </trkpt><trkpt lat="50.814378" lon="-0.103018">
        <ele>9.1</ele>
      </trkpt><trkpt lat="50.814463" lon="-0.10428">
        <ele>7.7</ele>
      </trkpt><trkpt lat="50.814539" lon="-0.10487">
        <ele>7.3</ele>
      </trkpt><trkpt lat="50.814484" lon="-0.105744">
        <ele>7.6</ele>
      </trkpt><trkpt lat="50.814472" lon="-0.106037">
        <ele>7.9</ele>
      </trkpt><trkpt lat="50.814487" lon="-0.106094">
        <ele>8</ele>
      </trkpt><trkpt lat="50.814478" lon="-0.106183">
        <ele>8.1</ele>
      </trkpt><trkpt lat="50.814464" lon="-0.106365">
        <ele>8.3</ele>
      </trkpt><trkpt lat="50.814441" lon="-0.106603">
        <ele>8.6</ele>
      </trkpt><trkpt lat="50.814443" lon="-0.106802">
        <ele>8.8</ele>
      </trkpt><trkpt lat="50.814408" lon="-0.107118">
        <ele>9.2</ele>
      </trkpt><trkpt lat="50.81442" lon="-0.107778">
        <ele>10.2</ele>
      </trkpt><trkpt lat="50.814458" lon="-0.108185">
        <ele>10.8</ele>
      </trkpt><trkpt lat="50.814416" lon="-0.108215">
        <ele>10.8</ele>
      </trkpt><trkpt lat="50.814384" lon="-0.108239">
        <ele>10.9</ele>
      </trkpt><trkpt lat="50.814429" lon="-0.108355">
        <ele>11.1</ele>
      </trkpt><trkpt lat="50.814702" lon="-0.109458">
        <ele>11.5</ele>
      </trkpt><trkpt lat="50.814816" lon="-0.109907">
        <ele>11.5</ele>
      </trkpt><trkpt lat="50.815562" lon="-0.11321">
        <ele>11.9</ele>
      </trkpt><trkpt lat="50.815611" lon="-0.113451">
        <ele>11.9</ele>
      </trkpt><trkpt lat="50.81678" lon="-0.11935">
        <ele>10.3</ele>
      </trkpt><trkpt lat="50.816811" lon="-0.119513">
        <ele>10.4</ele>
      </trkpt><trkpt lat="50.817146" lon="-0.12121">
        <ele>10.5</ele>
      </trkpt><trkpt lat="50.817272" lon="-0.121867">
        <ele>10.3</ele>
      </trkpt><trkpt lat="50.817312" lon="-0.122184">
        <ele>10.2</ele>
      </trkpt><trkpt lat="50.817349" lon="-0.122268">
        <ele>10.1</ele>
      </trkpt><trkpt lat="50.817689" lon="-0.124003">
        <ele>8.4</ele>
      </trkpt><trkpt lat="50.817967" lon="-0.12545">
        <ele>7.4</ele>
      </trkpt><trkpt lat="50.818241" lon="-0.126842">
        <ele>7.2</ele>
      </trkpt><trkpt lat="50.818304" lon="-0.127171">
        <ele>7.2</ele>
      </trkpt><trkpt lat="50.818925" lon="-0.130317">
        <ele>7.5</ele>
      </trkpt><trkpt lat="50.818999" lon="-0.130608">
        <ele>7.6</ele>
      </trkpt><trkpt lat="50.819007" lon="-0.130771">
        <ele>7.6</ele>
      </trkpt><trkpt lat="50.81911" lon="-0.131266">
        <ele>7.7</ele>
      </trkpt><trkpt lat="50.819438" lon="-0.132879">
        <ele>8.9</ele>
      </trkpt><trkpt lat="50.819454" lon="-0.132957">
        <ele>8.9</ele>
      </trkpt><trkpt lat="50.819683" lon="-0.134141">
        <ele>8.9</ele>
      </trkpt><trkpt lat="50.819758" lon="-0.135031">
        <ele>9.1</ele>
      </trkpt><trkpt lat="50.819736" lon="-0.135614">
        <ele>9.1</ele>
      </trkpt><trkpt lat="50.819747" lon="-0.135617">
        <ele>9.1</ele>
      </trkpt><trkpt lat="50.819793" lon="-0.135633">
        <ele>9.2</ele>
      </trkpt><trkpt lat="50.819834" lon="-0.135632">
        <ele>9.2</ele>
      </trkpt><trkpt lat="50.81984" lon="-0.135834">
        <ele>9.2</ele>
      </trkpt><trkpt lat="50.819863" lon="-0.135835">
        <ele>9.2</ele>
      </trkpt><trkpt lat="50.819889" lon="-0.135836">
        <ele>9.2</ele>
      </trkpt><trkpt lat="50.819951" lon="-0.13585">
        <ele>9.3</ele>
      </trkpt><trkpt lat="50.819968" lon="-0.135854">
        <ele>9.3</ele>
      </trkpt><trkpt lat="50.819977" lon="-0.136066">
        <ele>9.4</ele>
      </trkpt><trkpt lat="50.819978" lon="-0.136101">
        <ele>9.4</ele>
      </trkpt><trkpt lat="50.819974" lon="-0.136125">
        <ele>9.5</ele>
      </trkpt><trkpt lat="50.819986" lon="-0.136505">
        <ele>9.8</ele>
      </trkpt><trkpt lat="50.820017" lon="-0.136541">
        <ele>9.9</ele>
      </trkpt><trkpt lat="50.820076" lon="-0.136538">
        <ele>9.9</ele>
      </trkpt><trkpt lat="50.820868" lon="-0.136492">
        <ele>10.7</ele>
      </trkpt><trkpt lat="50.820889" lon="-0.136486">
        <ele>10.7</ele>
      </trkpt><trkpt lat="50.8209" lon="-0.136485">
        <ele>10.7</ele>
      </trkpt><trkpt lat="50.821082" lon="-0.136461">
        <ele>10.7</ele>
      </trkpt><trkpt lat="50.821097" lon="-0.136454">
        <ele>10.7</ele>
      </trkpt><trkpt lat="50.821115" lon="-0.136593">
        <ele>10.7</ele>
      </trkpt><trkpt lat="50.821119" lon="-0.13672">
        <ele>10.8</ele>
      </trkpt><trkpt lat="50.821128" lon="-0.13681">
        <ele>10.8</ele>
      </trkpt><trkpt lat="50.821079" lon="-0.136816">
        <ele>10.9</ele>
      </trkpt><trkpt lat="50.82113" lon="-0.137172">
        <ele>11.2</ele>
      </trkpt><trkpt lat="50.821203" lon="-0.137462">
        <ele>11.6</ele>
      </trkpt><trkpt lat="50.821218" lon="-0.137547">
        <ele>11.7</ele>
      </trkpt><trkpt lat="50.821186" lon="-0.137591">
        <ele>11.8</ele>
      </trkpt><trkpt lat="50.821202" lon="-0.137639">
        <ele>11.8</ele>
      </trkpt><trkpt lat="50.82122" lon="-0.137691">
        <ele>11.9</ele>
      </trkpt><trkpt lat="50.821262" lon="-0.137739">
        <ele>12</ele>
      </trkpt><trkpt lat="50.821249" lon="-0.137763">
        <ele>12</ele>
      </trkpt><trkpt lat="50.821245" lon="-0.137794">
        <ele>12</ele>
      </trkpt><trkpt lat="50.821391" lon="-0.13785">
        <ele>12.3</ele>
      </trkpt><trkpt lat="50.821479" lon="-0.138096">
        <ele>12.7</ele>
      </trkpt><trkpt lat="50.821563" lon="-0.138298">
        <ele>13.1</ele>
      </trkpt><trkpt lat="50.821735" lon="-0.138551">
        <ele>13.8</ele>
      </trkpt><trkpt lat="50.821831" lon="-0.138634">
        <ele>14.1</ele>
      </trkpt><trkpt lat="50.82192" lon="-0.138726">
        <ele>14.5</ele>
      </trkpt><trkpt lat="50.822142" lon="-0.139128">
        <ele>15.9</ele>
      </trkpt><trkpt lat="50.8223" lon="-0.139401">
        <ele>16.8</ele>
      </trkpt><trkpt lat="50.822404" lon="-0.139568">
        <ele>17.4</ele>
      </trkpt><trkpt lat="50.822613" lon="-0.139895">
        <ele>18.2</ele>
      </trkpt><trkpt lat="50.822818" lon="-0.140217">
        <ele>18.9</ele>
      </trkpt><trkpt lat="50.822983" lon="-0.140607">
        <ele>19.7</ele>
      </trkpt><trkpt lat="50.82305" lon="-0.140766">
        <ele>20</ele>
      </trkpt><trkpt lat="50.823208" lon="-0.141369">
        <ele>21.2</ele>
      </trkpt><trkpt lat="50.823296" lon="-0.141669">
        <ele>21.9</ele>
      </trkpt><trkpt lat="50.823362" lon="-0.142068">
        <ele>22.8</ele>
      </trkpt><trkpt lat="50.823454" lon="-0.142656">
        <ele>24.1</ele>
      </trkpt><trkpt lat="50.823622" lon="-0.143549">
        <ele>27</ele>
      </trkpt><trkpt lat="50.823658" lon="-0.143709">
        <ele>27.6</ele>
      </trkpt><trkpt lat="50.823715" lon="-0.143682">
        <ele>27.9</ele>
      </trkpt><trkpt lat="50.823766" lon="-0.14353">
        <ele>28.5</ele>
      </trkpt><trkpt lat="50.823944" lon="-0.143452">
        <ele>29.6</ele>
      </trkpt><trkpt lat="50.824196" lon="-0.143274">
        <ele>31.1</ele>
      </trkpt><trkpt lat="50.82503" lon="-0.142912">
        <ele>34.7</ele>
      </trkpt><trkpt lat="50.825069" lon="-0.142903">
        <ele>34.8</ele>
      </trkpt><trkpt lat="50.825099" lon="-0.142891">
        <ele>34.9</ele>
      </trkpt><trkpt lat="50.826109" lon="-0.142402">
        <ele>36.5</ele>
      </trkpt><trkpt lat="50.82626" lon="-0.142331">
        <ele>36.6</ele>
      </trkpt><trkpt lat="50.827114" lon="-0.141935">
        <ele>37.7</ele>
      </trkpt><trkpt lat="50.82725" lon="-0.141926">
        <ele>38</ele>
      </trkpt><trkpt lat="50.827314" lon="-0.14196">
        <ele>38.1</ele>
      </trkpt><trkpt lat="50.827366" lon="-0.141934">
        <ele>38.2</ele>
      </trkpt><trkpt lat="50.827411" lon="-0.141914">
        <ele>38.2</ele>
      </trkpt><trkpt lat="50.827433" lon="-0.141877">
        <ele>38.3</ele>
      </trkpt><trkpt lat="50.828239" lon="-0.141483">
        <ele>39.7</ele>
      </trkpt><trkpt lat="50.828315" lon="-0.141441">
        <ele>39.7</ele>
      </trkpt><trkpt lat="50.828342" lon="-0.14139">
        <ele>39.6</ele>
      </trkpt><trkpt lat="50.828392" lon="-0.141306">
        <ele>39.5</ele>
      </trkpt><trkpt lat="50.828446" lon="-0.141288">
        <ele>39.5</ele>
      </trkpt><trkpt lat="50.828517" lon="-0.141263">
        <ele>39.4</ele>
      </trkpt><trkpt lat="50.8286" lon="-0.141234">
        <ele>39.4</ele>
      </trkpt><trkpt lat="50.82862" lon="-0.141227">
        <ele>39.4</ele>
      </trkpt><trkpt lat="50.828793" lon="-0.141204">
        <ele>39.3</ele>
      </trkpt><trkpt lat="50.828798" lon="-0.141203">
        <ele>39.3</ele>
      </trkpt><trkpt lat="50.828887" lon="-0.141177">
        <ele>39.2</ele>
      </trkpt><trkpt lat="50.828924" lon="-0.141166">
        <ele>39.2</ele>
      </trkpt><trkpt lat="50.828952" lon="-0.141159">
        <ele>39.2</ele>
      </trkpt><trkpt lat="50.828924" lon="-0.140762">
        <ele>39.2</ele>
      </trkpt><trkpt lat="50.828921" lon="-0.140709">
        <ele>39.2</ele>
      </trkpt><trkpt lat="50.828905" lon="-0.140518">
        <ele>39.2</ele>
      </trkpt><trkpt lat="50.828933" lon="-0.140428">
        <ele>39.2</ele>
      </trkpt><trkpt lat="50.829528" lon="-0.140373">
        <ele>38.4</ele>
      </trkpt><trkpt lat="50.829768" lon="-0.140416">
        <ele>37.9</ele>
      </trkpt><trkpt lat="50.829823" lon="-0.140369">
        <ele>37.7</ele>
      </trkpt><trkpt lat="50.830063" lon="-0.140399">
        <ele>37.7</ele>
      </trkpt><trkpt lat="50.830274" lon="-0.140333">
        <ele>37.9</ele>
      </trkpt><trkpt lat="50.830408" lon="-0.140202">
        <ele>38</ele>
      </trkpt><trkpt lat="50.830767" lon="-0.140194">
        <ele>38.1</ele>
      </trkpt><trkpt lat="50.831121" lon="-0.140354">
        <ele>37.9</ele>
      </trkpt><trkpt lat="50.831598" lon="-0.140744">
        <ele>38.1</ele>
      </trkpt><trkpt lat="50.831559" lon="-0.14085">
        <ele>38.2</ele>
      </trkpt><trkpt lat="50.831831" lon="-0.141117">
        <ele>38.6</ele>
      </trkpt><trkpt lat="50.831803" lon="-0.141189">
        <ele>38.6</ele>
      </trkpt><trkpt lat="50.83177" lon="-0.141283">
        <ele>38.7</ele>
      </trkpt><trkpt lat="50.831686" lon="-0.141521">
        <ele>38.8</ele>
      </trkpt><trkpt lat="50.831635" lon="-0.141545">
        <ele>38.8</ele>
      </trkpt><trkpt lat="50.831581" lon="-0.141502">
        <ele>38.9</ele>
      </trkpt><trkpt lat="50.831572" lon="-0.141474">
        <ele>38.9</ele>
      </trkpt><trkpt lat="50.831569" lon="-0.141409">
        <ele>38.9</ele>
      </trkpt><trkpt lat="50.831597" lon="-0.141315">
        <ele>38.9</ele>
      </trkpt><trkpt lat="50.831366" lon="-0.141082">
        <ele>39</ele>
      </trkpt><trkpt lat="50.831597" lon="-0.141315">
        <ele>38.9</ele>
      </trkpt><trkpt lat="50.831569" lon="-0.141409">
        <ele>38.8</ele>
      </trkpt><trkpt lat="50.831572" lon="-0.141474">
        <ele>38.8</ele>
      </trkpt><trkpt lat="50.831581" lon="-0.141502">
        <ele>38.8</ele>
      </trkpt><trkpt lat="50.831635" lon="-0.141545">
        <ele>38.7</ele>
      </trkpt><trkpt lat="50.831686" lon="-0.141521">
        <ele>38.6</ele>
      </trkpt><trkpt lat="50.83177" lon="-0.141283">
        <ele>38.4</ele>
      </trkpt><trkpt lat="50.831803" lon="-0.141189">
        <ele>38.3</ele>
      </trkpt><trkpt lat="50.831831" lon="-0.141117">
        <ele>38.2</ele>
      </trkpt><trkpt lat="50.831559" lon="-0.14085">
        <ele>37.4</ele>
      </trkpt><trkpt lat="50.831598" lon="-0.140744">
        <ele>37.2</ele>
      </trkpt><trkpt lat="50.831862" lon="-0.140201">
        <ele>36.2</ele>
      </trkpt><trkpt lat="50.831468" lon="-0.139664">
        <ele>35.1</ele>
      </trkpt><trkpt lat="50.831521" lon="-0.139565">
        <ele>34.8</ele>
      </trkpt><trkpt lat="50.831558" lon="-0.139583">
        <ele>34.8</ele>
      </trkpt><trkpt lat="50.831687" lon="-0.139602">
        <ele>34.4</ele>
      </trkpt><trkpt lat="50.831891" lon="-0.139711">
        <ele>34</ele>
      </trkpt><trkpt lat="50.83208" lon="-0.139891">
        <ele>33.6</ele>
      </trkpt><trkpt lat="50.832085" lon="-0.139983">
        <ele>33.6</ele>
      </trkpt><trkpt lat="50.832125" lon="-0.140064">
        <ele>33.5</ele>
      </trkpt><trkpt lat="50.832361" lon="-0.140238">
        <ele>33.2</ele>
      </trkpt><trkpt lat="50.83263" lon="-0.140688">
        <ele>33</ele>
      </trkpt><trkpt lat="50.832756" lon="-0.140839">
        <ele>32.9</ele>
      </trkpt><trkpt lat="50.832929" lon="-0.140984">
        <ele>33</ele>
      </trkpt><trkpt lat="50.833092" lon="-0.141271">
        <ele>32.9</ele>
      </trkpt><trkpt lat="50.833222" lon="-0.141382">
        <ele>32.7</ele>
      </trkpt><trkpt lat="50.833297" lon="-0.141517">
        <ele>32.5</ele>
      </trkpt><trkpt lat="50.83347" lon="-0.141754">
        <ele>31.8</ele>
      </trkpt><trkpt lat="50.833517" lon="-0.141809">
        <ele>31.5</ele>
      </trkpt><trkpt lat="50.833509" lon="-0.141922">
        <ele>31.2</ele>
      </trkpt><trkpt lat="50.833393" lon="-0.142088">
        <ele>30.6</ele>
      </trkpt><trkpt lat="50.833325" lon="-0.142054">
        <ele>30.4</ele>
      </trkpt><trkpt lat="50.833252" lon="-0.142017">
        <ele>30.1</ele>
      </trkpt><trkpt lat="50.833515" lon="-0.140889">
        <ele>28</ele>
      </trkpt><trkpt lat="50.833952" lon="-0.141566">
        <ele>25.2</ele>
      </trkpt><trkpt lat="50.83422" lon="-0.141909">
        <ele>24.2</ele>
      </trkpt><trkpt lat="50.83437" lon="-0.141968">
        <ele>24</ele>
      </trkpt><trkpt lat="50.834532" lon="-0.14196">
        <ele>24</ele>
      </trkpt><trkpt lat="50.834739" lon="-0.141822">
        <ele>23.8</ele>
      </trkpt><trkpt lat="50.834792" lon="-0.141756">
        <ele>23.8</ele>
      </trkpt><trkpt lat="50.834858" lon="-0.141702">
        <ele>23.7</ele>
      </trkpt><trkpt lat="50.835113" lon="-0.14132">
        <ele>23.4</ele>
      </trkpt><trkpt lat="50.835138" lon="-0.141361">
        <ele>23.4</ele>
      </trkpt><trkpt lat="50.835471" lon="-0.141873">
        <ele>23.1</ele>
      </trkpt><trkpt lat="50.835625" lon="-0.142125">
        <ele>23</ele>
      </trkpt><trkpt lat="50.835673" lon="-0.142204">
        <ele>23</ele>
      </trkpt><trkpt lat="50.835713" lon="-0.142269">
        <ele>23</ele>
      </trkpt><trkpt lat="50.835783" lon="-0.14238">
        <ele>23</ele>
      </trkpt><trkpt lat="50.835818" lon="-0.142435">
        <ele>22.9</ele>
      </trkpt><trkpt lat="50.835859" lon="-0.142495">
        <ele>22.9</ele>
      </trkpt><trkpt lat="50.836065" lon="-0.142814">
        <ele>22.7</ele>
      </trkpt><trkpt lat="50.836303" lon="-0.143264">
        <ele>22.5</ele>
      </trkpt><trkpt lat="50.836316" lon="-0.14329">
        <ele>22.5</ele>
      </trkpt><trkpt lat="50.836357" lon="-0.14324">
        <ele>22.5</ele>
      </trkpt><trkpt lat="50.836377" lon="-0.143217">
        <ele>22.5</ele>
      </trkpt><trkpt lat="50.836396" lon="-0.143256">
        <ele>22.5</ele>
      </trkpt><trkpt lat="50.836461" lon="-0.14327">
        <ele>22.5</ele>
      </trkpt><trkpt lat="50.836496" lon="-0.143268">
        <ele>22.4</ele>
      </trkpt><trkpt lat="50.836658" lon="-0.143242">
        <ele>22.3</ele>
      </trkpt><trkpt lat="50.836678" lon="-0.143249">
        <ele>22.3</ele>
      </trkpt><trkpt lat="50.836854" lon="-0.143312">
        <ele>22.2</ele>
      </trkpt><trkpt lat="50.836948" lon="-0.143191">
        <ele>22.2</ele>
      </trkpt><trkpt lat="50.837548" lon="-0.143211">
        <ele>22.3</ele>
      </trkpt><trkpt lat="50.837612" lon="-0.143209">
        <ele>22.4</ele>
      </trkpt><trkpt lat="50.837661" lon="-0.143302">
        <ele>22.4</ele>
      </trkpt><trkpt lat="50.837812" lon="-0.143357">
        <ele>22.7</ele>
      </trkpt><trkpt lat="50.837894" lon="-0.143462">
        <ele>22.8</ele>
      </trkpt><trkpt lat="50.838231" lon="-0.143895">
        <ele>23.4</ele>
      </trkpt><trkpt lat="50.83862" lon="-0.144177">
        <ele>24.4</ele>
      </trkpt><trkpt lat="50.838695" lon="-0.144074">
        <ele>24.6</ele>
      </trkpt><trkpt lat="50.838754" lon="-0.144207">
        <ele>24.9</ele>
      </trkpt><trkpt lat="50.838864" lon="-0.144325">
        <ele>25.4</ele>
      </trkpt><trkpt lat="50.839031" lon="-0.144381">
        <ele>26</ele>
      </trkpt><trkpt lat="50.839025" lon="-0.144402">
        <ele>26.1</ele>
      </trkpt><trkpt lat="50.839547" lon="-0.144357">
        <ele>28.4</ele>
      </trkpt><trkpt lat="50.840195" lon="-0.144373">
        <ele>32</ele>
      </trkpt><trkpt lat="50.840973" lon="-0.144613">
        <ele>36.2</ele>
      </trkpt><trkpt lat="50.842065" lon="-0.145278">
        <ele>40.5</ele>
      </trkpt><trkpt lat="50.842238" lon="-0.145336">
        <ele>40.9</ele>
      </trkpt><trkpt lat="50.842333" lon="-0.145364">
        <ele>41.2</ele>
      </trkpt><trkpt lat="50.842538" lon="-0.145413">
        <ele>41.6</ele>
      </trkpt><trkpt lat="50.843785" lon="-0.146">
        <ele>44.8</ele>
      </trkpt><trkpt lat="50.843816" lon="-0.146039">
        <ele>45</ele>
      </trkpt><trkpt lat="50.843928" lon="-0.146061">
        <ele>45.4</ele>
      </trkpt><trkpt lat="50.843967" lon="-0.145911">
        <ele>45.8</ele>
      </trkpt><trkpt lat="50.844008" lon="-0.145916">
        <ele>45.9</ele>
      </trkpt><trkpt lat="50.844011" lon="-0.145804">
        <ele>46.2</ele>
      </trkpt><trkpt lat="50.844066" lon="-0.145809">
        <ele>46.4</ele>
      </trkpt><trkpt lat="50.84411" lon="-0.145814">
        <ele>46.6</ele>
      </trkpt><trkpt lat="50.844142" lon="-0.145667">
        <ele>46.9</ele>
      </trkpt><trkpt lat="50.844192" lon="-0.14561">
        <ele>47.1</ele>
      </trkpt><trkpt lat="50.844189" lon="-0.14555">
        <ele>47.2</ele>
      </trkpt><trkpt lat="50.84419" lon="-0.145498">
        <ele>47.3</ele>
      </trkpt><trkpt lat="50.844189" lon="-0.145411">
        <ele>47.4</ele>
      </trkpt><trkpt lat="50.844189" lon="-0.145335">
        <ele>47.6</ele>
      </trkpt><trkpt lat="50.844193" lon="-0.145246">
        <ele>47.7</ele>
      </trkpt><trkpt lat="50.844482" lon="-0.14503">
        <ele>48.6</ele>
      </trkpt><trkpt lat="50.844755" lon="-0.144888">
        <ele>49.4</ele>
      </trkpt><trkpt lat="50.844811" lon="-0.144869">
        <ele>49.6</ele>
      </trkpt><trkpt lat="50.844862" lon="-0.144859">
        <ele>49.7</ele>
      </trkpt><trkpt lat="50.844899" lon="-0.14486">
        <ele>49.8</ele>
      </trkpt><trkpt lat="50.845057" lon="-0.144838">
        <ele>50.3</ele>
      </trkpt><trkpt lat="50.845302" lon="-0.14486">
        <ele>50.9</ele>
      </trkpt><trkpt lat="50.845375" lon="-0.144863">
        <ele>51.1</ele>
      </trkpt><trkpt lat="50.845428" lon="-0.144877">
        <ele>51.3</ele>
      </trkpt><trkpt lat="50.845476" lon="-0.14489">
        <ele>51.4</ele>
      </trkpt><trkpt lat="50.845789" lon="-0.145063">
        <ele>52.2</ele>
      </trkpt><trkpt lat="50.845973" lon="-0.14521">
        <ele>52.8</ele>
      </trkpt><trkpt lat="50.846019" lon="-0.145261">
        <ele>52.9</ele>
      </trkpt><trkpt lat="50.846058" lon="-0.145304">
        <ele>53</ele>
      </trkpt><trkpt lat="50.846454" lon="-0.145789">
        <ele>55.2</ele>
      </trkpt><trkpt lat="50.84642" lon="-0.145858">
        <ele>55.5</ele>
      </trkpt><trkpt lat="50.84658" lon="-0.14606">
        <ele>56.6</ele>
      </trkpt><trkpt lat="50.846782" lon="-0.146216">
        <ele>57.9</ele>
      </trkpt><trkpt lat="50.846939" lon="-0.146257">
        <ele>58.8</ele>
      </trkpt><trkpt lat="50.847907" lon="-0.146393">
        <ele>64.2</ele>
      </trkpt><trkpt lat="50.848277" lon="-0.146422">
        <ele>66.1</ele>
      </trkpt><trkpt lat="50.848596" lon="-0.146442">
        <ele>67.7</ele>
      </trkpt><trkpt lat="50.848892" lon="-0.146479">
        <ele>69</ele>
      </trkpt><trkpt lat="50.849098" lon="-0.146498">
        <ele>69.9</ele>
      </trkpt><trkpt lat="50.849215" lon="-0.146508">
        <ele>70.5</ele>
      </trkpt><trkpt lat="50.849871" lon="-0.146554">
        <ele>73.5</ele>
      </trkpt><trkpt lat="50.850053" lon="-0.146541">
        <ele>74.4</ele>
      </trkpt><trkpt lat="50.850124" lon="-0.146443">
        <ele>75</ele>
      </trkpt><trkpt lat="50.850146" lon="-0.146413">
        <ele>75.2</ele>
      </trkpt><trkpt lat="50.850378" lon="-0.146285">
        <ele>76.7</ele>
      </trkpt><trkpt lat="50.850451" lon="-0.14627">
        <ele>77.2</ele>
      </trkpt><trkpt lat="50.850621" lon="-0.146007">
        <ele>78.8</ele>
      </trkpt><trkpt lat="50.850959" lon="-0.145598">
        <ele>81.7</ele>
      </trkpt><trkpt lat="50.851539" lon="-0.145071">
        <ele>85.8</ele>
      </trkpt><trkpt lat="50.851523" lon="-0.144968">
        <ele>86.2</ele>
      </trkpt><trkpt lat="50.85183" lon="-0.144727">
        <ele>88.3</ele>
      </trkpt><trkpt lat="50.852286" lon="-0.144581">
        <ele>91.4</ele>
      </trkpt><trkpt lat="50.852551" lon="-0.144494">
        <ele>92.9</ele>
      </trkpt><trkpt lat="50.852732" lon="-0.144435">
        <ele>93.5</ele>
      </trkpt><trkpt lat="50.85288" lon="-0.144388">
        <ele>94</ele>
      </trkpt><trkpt lat="50.853306" lon="-0.144256">
        <ele>94.3</ele>
      </trkpt><trkpt lat="50.853566" lon="-0.144341">
        <ele>93.8</ele>
      </trkpt><trkpt lat="50.853516" lon="-0.144571">
        <ele>93.4</ele>
      </trkpt><trkpt lat="50.85361" lon="-0.14574">
        <ele>89.1</ele>
      </trkpt><trkpt lat="50.853619" lon="-0.146072">
        <ele>87.6</ele>
      </trkpt><trkpt lat="50.853667" lon="-0.146203">
        <ele>86.9</ele>
      </trkpt><trkpt lat="50.853617" lon="-0.146416">
        <ele>86</ele>
      </trkpt><trkpt lat="50.853811" lon="-0.146738">
        <ele>84.5</ele>
      </trkpt><trkpt lat="50.854068" lon="-0.146792">
        <ele>83.3</ele>
      </trkpt><trkpt lat="50.854143" lon="-0.146728">
        <ele>82.9</ele>
      </trkpt><trkpt lat="50.854653" lon="-0.146614">
        <ele>81.1</ele>
      </trkpt><trkpt lat="50.85579" lon="-0.146457">
        <ele>75.7</ele>
      </trkpt><trkpt lat="50.855829" lon="-0.146663">
        <ele>74.8</ele>
      </trkpt><trkpt lat="50.855674" lon="-0.149228">
        <ele>60.4</ele>
      </trkpt><trkpt lat="50.855988" lon="-0.149132">
        <ele>57</ele>
      </trkpt><trkpt lat="50.85665" lon="-0.148829">
        <ele>50.3</ele>
      </trkpt><trkpt lat="50.856696" lon="-0.148809">
        <ele>49.9</ele>
      </trkpt><trkpt lat="50.856767" lon="-0.14894">
        <ele>49.1</ele>
      </trkpt><trkpt lat="50.856927" lon="-0.148991">
        <ele>48</ele>
      </trkpt><trkpt lat="50.857067" lon="-0.148605">
        <ele>47</ele>
      </trkpt><trkpt lat="50.8573" lon="-0.148574">
        <ele>46.6</ele>
      </trkpt><trkpt lat="50.857811" lon="-0.148775">
        <ele>47.2</ele>
      </trkpt><trkpt lat="50.857991" lon="-0.148721">
        <ele>47.8</ele>
      </trkpt><trkpt lat="50.858533" lon="-0.148217">
        <ele>50.5</ele>
      </trkpt><trkpt lat="50.859099" lon="-0.14781">
        <ele>53.1</ele>
      </trkpt><trkpt lat="50.859596" lon="-0.147488">
        <ele>55.3</ele>
      </trkpt><trkpt lat="50.860092" lon="-0.147234">
        <ele>57.6</ele>
      </trkpt><trkpt lat="50.860291" lon="-0.14736">
        <ele>58.4</ele>
      </trkpt><trkpt lat="50.860478" lon="-0.147746">
        <ele>59.3</ele>
      </trkpt><trkpt lat="50.860615" lon="-0.147989">
        <ele>59.9</ele>
      </trkpt><trkpt lat="50.860667" lon="-0.148034">
        <ele>60.1</ele>
      </trkpt><trkpt lat="50.8609" lon="-0.148071">
        <ele>60.7</ele>
      </trkpt><trkpt lat="50.861044" lon="-0.147909">
        <ele>61.1</ele>
      </trkpt><trkpt lat="50.861266" lon="-0.147704">
        <ele>61.5</ele>
      </trkpt><trkpt lat="50.861681" lon="-0.147545">
        <ele>61.5</ele>
      </trkpt><trkpt lat="50.861982" lon="-0.147461">
        <ele>61.3</ele>
      </trkpt><trkpt lat="50.862469" lon="-0.147416">
        <ele>60.9</ele>
      </trkpt><trkpt lat="50.863258" lon="-0.147495">
        <ele>59.6</ele>
      </trkpt><trkpt lat="50.863732" lon="-0.147556">
        <ele>58.6</ele>
      </trkpt><trkpt lat="50.863734" lon="-0.147525">
        <ele>58.6</ele>
      </trkpt><trkpt lat="50.863966" lon="-0.14767">
        <ele>58.1</ele>
      </trkpt><trkpt lat="50.864458" lon="-0.148101">
        <ele>57.4</ele>
      </trkpt><trkpt lat="50.86538" lon="-0.148778">
        <ele>57.9</ele>
      </trkpt><trkpt lat="50.86547" lon="-0.148947">
        <ele>58.2</ele>
      </trkpt><trkpt lat="50.865572" lon="-0.14896">
        <ele>58.5</ele>
      </trkpt><trkpt lat="50.86563" lon="-0.149024">
        <ele>58.7</ele>
      </trkpt><trkpt lat="50.866131" lon="-0.149486">
        <ele>60.6</ele>
      </trkpt><trkpt lat="50.866436" lon="-0.149675">
        <ele>62</ele>
      </trkpt><trkpt lat="50.866879" lon="-0.149869">
        <ele>64</ele>
      </trkpt><trkpt lat="50.867344" lon="-0.149967">
        <ele>65.4</ele>
      </trkpt><trkpt lat="50.867392" lon="-0.149952">
        <ele>65.6</ele>
      </trkpt><trkpt lat="50.867402" lon="-0.150112">
        <ele>65.8</ele>
      </trkpt><trkpt lat="50.867459" lon="-0.150109">
        <ele>65.9</ele>
      </trkpt><trkpt lat="50.86748" lon="-0.150689">
        <ele>66.4</ele>
      </trkpt><trkpt lat="50.867511" lon="-0.151227">
        <ele>66.8</ele>
      </trkpt><trkpt lat="50.867559" lon="-0.151475">
        <ele>66.9</ele>
      </trkpt><trkpt lat="50.867628" lon="-0.151649">
        <ele>67</ele>
      </trkpt><trkpt lat="50.86778" lon="-0.151861">
        <ele>67.1</ele>
      </trkpt><trkpt lat="50.867955" lon="-0.151961">
        <ele>67.1</ele>
      </trkpt><trkpt lat="50.868066" lon="-0.151939">
        <ele>67.1</ele>
      </trkpt><trkpt lat="50.868238" lon="-0.151829">
        <ele>67</ele>
      </trkpt><trkpt lat="50.868661" lon="-0.151718">
        <ele>66.9</ele>
      </trkpt><trkpt lat="50.868798" lon="-0.151629">
        <ele>67</ele>
      </trkpt><trkpt lat="50.868885" lon="-0.151503">
        <ele>67</ele>
      </trkpt><trkpt lat="50.868924" lon="-0.151551">
        <ele>67</ele>
      </trkpt><trkpt lat="50.868961" lon="-0.151597">
        <ele>67</ele>
      </trkpt><trkpt lat="50.86892" lon="-0.15175">
        <ele>67.1</ele>
      </trkpt><trkpt lat="50.868992" lon="-0.151918">
        <ele>67.3</ele>
      </trkpt><trkpt lat="50.869068" lon="-0.151942">
        <ele>67.4</ele>
      </trkpt><trkpt lat="50.8696" lon="-0.151999">
        <ele>68.4</ele>
      </trkpt><trkpt lat="50.869659" lon="-0.151998">
        <ele>68.5</ele>
      </trkpt><trkpt lat="50.869745" lon="-0.151872">
        <ele>68.6</ele>
      </trkpt><trkpt lat="50.869884" lon="-0.151774">
        <ele>68.8</ele>
      </trkpt><trkpt lat="50.869926" lon="-0.151746">
        <ele>68.9</ele>
      </trkpt><trkpt lat="50.870092" lon="-0.151999">
        <ele>69.4</ele>
      </trkpt><trkpt lat="50.870139" lon="-0.152013">
        <ele>69.5</ele>
      </trkpt><trkpt lat="50.870209" lon="-0.151978">
        <ele>69.8</ele>
      </trkpt><trkpt lat="50.870178" lon="-0.151843">
        <ele>70.1</ele>
      </trkpt><trkpt lat="50.870101" lon="-0.151682">
        <ele>70.7</ele>
      </trkpt><trkpt lat="50.87002" lon="-0.151335">
        <ele>71.8</ele>
      </trkpt><trkpt lat="50.869952" lon="-0.150375">
        <ele>75.2</ele>
      </trkpt><trkpt lat="50.870067" lon="-0.150335">
        <ele>75.8</ele>
      </trkpt><trkpt lat="50.870145" lon="-0.150308">
        <ele>76.2</ele>
      </trkpt><trkpt lat="50.870192" lon="-0.150363">
        <ele>76.5</ele>
      </trkpt><trkpt lat="50.871823" lon="-0.150526">
        <ele>90.2</ele>
      </trkpt><trkpt lat="50.872498" lon="-0.150699">
        <ele>96.5</ele>
      </trkpt><trkpt lat="50.873731" lon="-0.151134">
        <ele>106.2</ele>
      </trkpt><trkpt lat="50.874509" lon="-0.151354">
        <ele>109.6</ele>
      </trkpt><trkpt lat="50.875117" lon="-0.15157">
        <ele>112</ele>
      </trkpt><trkpt lat="50.875682" lon="-0.151659">
        <ele>114.2</ele>
      </trkpt><trkpt lat="50.876599" lon="-0.151738">
        <ele>118.6</ele>
      </trkpt><trkpt lat="50.878298" lon="-0.151679">
        <ele>127.1</ele>
      </trkpt><trkpt lat="50.879344" lon="-0.151607">
        <ele>132.4</ele>
      </trkpt><trkpt lat="50.879916" lon="-0.151572">
        <ele>135.6</ele>
      </trkpt><trkpt lat="50.880562" lon="-0.15136">
        <ele>139.8</ele>
      </trkpt><trkpt lat="50.881332" lon="-0.150961">
        <ele>144</ele>
      </trkpt><trkpt lat="50.881958" lon="-0.150625">
        <ele>146.2</ele>
      </trkpt><trkpt lat="50.882623" lon="-0.150157">
        <ele>147.8</ele>
      </trkpt><trkpt lat="50.883266" lon="-0.149566">
        <ele>150.6</ele>
      </trkpt><trkpt lat="50.883518" lon="-0.149337">
        <ele>152.2</ele>
      </trkpt><trkpt lat="50.884486" lon="-0.148329">
        <ele>159.6</ele>
      </trkpt><trkpt lat="50.884509" lon="-0.148323">
        <ele>159.8</ele>
      </trkpt><trkpt lat="50.884528" lon="-0.148263">
        <ele>160.1</ele>
      </trkpt><trkpt lat="50.884663" lon="-0.148119">
        <ele>161</ele>
      </trkpt><trkpt lat="50.88584" lon="-0.146465">
        <ele>168.5</ele>
      </trkpt><trkpt lat="50.886622" lon="-0.145261">
        <ele>171.8</ele>
      </trkpt><trkpt lat="50.886781" lon="-0.144969">
        <ele>172.4</ele>
      </trkpt><trkpt lat="50.886969" lon="-0.144492">
        <ele>173.2</ele>
      </trkpt><trkpt lat="50.887381" lon="-0.143573">
        <ele>174.3</ele>
      </trkpt><trkpt lat="50.887539" lon="-0.143281">
        <ele>174.6</ele>
      </trkpt><trkpt lat="50.887754" lon="-0.142972">
        <ele>174.8</ele>
      </trkpt><trkpt lat="50.888435" lon="-0.141764">
        <ele>174.4</ele>
      </trkpt><trkpt lat="50.888708" lon="-0.141397">
        <ele>174.1</ele>
      </trkpt><trkpt lat="50.889382" lon="-0.140751">
        <ele>173.7</ele>
      </trkpt><trkpt lat="50.89033" lon="-0.139948">
        <ele>174.3</ele>
      </trkpt><trkpt lat="50.890421" lon="-0.139835">
        <ele>174.5</ele>
      </trkpt><trkpt lat="50.890462" lon="-0.139754">
        <ele>174.6</ele>
      </trkpt><trkpt lat="50.89052" lon="-0.139725">
        <ele>174.8</ele>
      </trkpt><trkpt lat="50.893946" lon="-0.136966">
        <ele>190.5</ele>
      </trkpt><trkpt lat="50.893987" lon="-0.136968">
        <ele>190.7</ele>
      </trkpt><trkpt lat="50.894827" lon="-0.136292">
        <ele>195.8</ele>
      </trkpt><trkpt lat="50.895323" lon="-0.135851">
        <ele>199</ele>
      </trkpt><trkpt lat="50.895972" lon="-0.134864">
        <ele>203.6</ele>
      </trkpt><trkpt lat="50.896159" lon="-0.134611">
        <ele>204.8</ele>
      </trkpt><trkpt lat="50.896412" lon="-0.134365">
        <ele>206.4</ele>
      </trkpt><trkpt lat="50.899332" lon="-0.132513">
        <ele>225.3</ele>
      </trkpt><trkpt lat="50.899912" lon="-0.132173">
        <ele>228.6</ele>
      </trkpt><trkpt lat="50.900402" lon="-0.131957">
        <ele>230.3</ele>
      </trkpt><trkpt lat="50.900377" lon="-0.131505">
        <ele>230.7</ele>
      </trkpt><trkpt lat="50.9004" lon="-0.131195">
        <ele>230.7</ele>
      </trkpt><trkpt lat="50.900425" lon="-0.130979">
        <ele>230.6</ele>
      </trkpt><trkpt lat="50.900498" lon="-0.130995">
        <ele>230.4</ele>
      </trkpt><trkpt lat="50.900613" lon="-0.130354">
        <ele>229.2</ele>
      </trkpt><trkpt lat="50.900679" lon="-0.130198">
        <ele>228.6</ele>
      </trkpt><trkpt lat="50.901188" lon="-0.129521">
        <ele>223.7</ele>
      </trkpt><trkpt lat="50.901446" lon="-0.129101">
        <ele>220</ele>
      </trkpt><trkpt lat="50.901861" lon="-0.128377">
        <ele>212.9</ele>
      </trkpt><trkpt lat="50.901975" lon="-0.128061">
        <ele>209.9</ele>
      </trkpt><trkpt lat="50.902334" lon="-0.12721">
        <ele>201.9</ele>
      </trkpt><trkpt lat="50.902703" lon="-0.126557">
        <ele>195.2</ele>
      </trkpt><trkpt lat="50.903208" lon="-0.126096">
        <ele>186.9</ele>
      </trkpt><trkpt lat="50.904172" lon="-0.125628">
        <ele>170</ele>
      </trkpt><trkpt lat="50.904624" lon="-0.125357">
        <ele>160.7</ele>
      </trkpt><trkpt lat="50.905055" lon="-0.124811">
        <ele>151.6</ele>
      </trkpt><trkpt lat="50.905188" lon="-0.124512">
        <ele>148.1</ele>
      </trkpt><trkpt lat="50.905194" lon="-0.124229">
        <ele>145.4</ele>
      </trkpt><trkpt lat="50.905068" lon="-0.123776">
        <ele>140.6</ele>
      </trkpt><trkpt lat="50.904912" lon="-0.123533">
        <ele>137.3</ele>
      </trkpt><trkpt lat="50.904879" lon="-0.123407">
        <ele>135.9</ele>
      </trkpt><trkpt lat="50.904922" lon="-0.123156">
        <ele>133.4</ele>
      </trkpt><trkpt lat="50.905316" lon="-0.122587">
        <ele>125</ele>
      </trkpt><trkpt lat="50.906146" lon="-0.122018">
        <ele>110.3</ele>
      </trkpt><trkpt lat="50.906341" lon="-0.121513">
        <ele>105.2</ele>
      </trkpt><trkpt lat="50.906654" lon="-0.121118">
        <ele>100.6</ele>
      </trkpt><trkpt lat="50.907095" lon="-0.120914">
        <ele>96.5</ele>
      </trkpt><trkpt lat="50.907888" lon="-0.120851">
        <ele>91.7</ele>
      </trkpt><trkpt lat="50.908242" lon="-0.120768">
        <ele>90.2</ele>
      </trkpt><trkpt lat="50.908587" lon="-0.120636">
        <ele>89</ele>
      </trkpt><trkpt lat="50.908544" lon="-0.119013">
        <ele>86.7</ele>
      </trkpt><trkpt lat="50.908503" lon="-0.118387">
        <ele>85.9</ele>
      </trkpt><trkpt lat="50.908535" lon="-0.118381">
        <ele>85.8</ele>
      </trkpt><trkpt lat="50.908535" lon="-0.118381">
        <ele>85.8</ele>
      </trkpt><trkpt lat="50.908742" lon="-0.118208">
        <ele>85.2</ele>
      </trkpt><trkpt lat="50.908836" lon="-0.118186">
        <ele>84.9</ele>
      </trkpt><trkpt lat="50.911244" lon="-0.118244">
        <ele>76.5</ele>
      </trkpt><trkpt lat="50.911985" lon="-0.118351">
        <ele>74.9</ele>
      </trkpt><trkpt lat="50.9121" lon="-0.118352">
        <ele>74.7</ele>
      </trkpt><trkpt lat="50.912271" lon="-0.118413">
        <ele>74.5</ele>
      </trkpt><trkpt lat="50.913736" lon="-0.118559">
        <ele>72.9</ele>
      </trkpt><trkpt lat="50.914742" lon="-0.118324">
        <ele>70.6</ele>
      </trkpt><trkpt lat="50.914937" lon="-0.118188">
        <ele>70</ele>
      </trkpt><trkpt lat="50.915023" lon="-0.118157">
        <ele>69.7</ele>
      </trkpt><trkpt lat="50.915373" lon="-0.118168">
        <ele>68.5</ele>
      </trkpt><trkpt lat="50.916491" lon="-0.118235">
        <ele>64.6</ele>
      </trkpt><trkpt lat="50.91728" lon="-0.11743">
        <ele>62.6</ele>
      </trkpt><trkpt lat="50.917359" lon="-0.117318">
        <ele>62.4</ele>
      </trkpt><trkpt lat="50.917423" lon="-0.11716">
        <ele>62.2</ele>
      </trkpt><trkpt lat="50.917413" lon="-0.11708">
        <ele>62.2</ele>
      </trkpt><trkpt lat="50.91742" lon="-0.11703">
        <ele>62.1</ele>
      </trkpt><trkpt lat="50.917474" lon="-0.11683">
        <ele>62</ele>
      </trkpt><trkpt lat="50.917474" lon="-0.11683">
        <ele>62</ele>
      </trkpt><trkpt lat="50.917508" lon="-0.116621">
        <ele>61.9</ele>
      </trkpt><trkpt lat="50.917552" lon="-0.116587">
        <ele>61.8</ele>
      </trkpt><trkpt lat="50.917571" lon="-0.116354">
        <ele>61.7</ele>
      </trkpt><trkpt lat="50.917603" lon="-0.116435">
        <ele>61.7</ele>
      </trkpt><trkpt lat="50.917645" lon="-0.116455">
        <ele>61.7</ele>
      </trkpt><trkpt lat="50.917681" lon="-0.116449">
        <ele>61.6</ele>
      </trkpt><trkpt lat="50.917722" lon="-0.116389">
        <ele>61.6</ele>
      </trkpt><trkpt lat="50.917852" lon="-0.116417">
        <ele>61.6</ele>
      </trkpt><trkpt lat="50.91843" lon="-0.116105">
        <ele>61.3</ele>
      </trkpt><trkpt lat="50.918845" lon="-0.116063">
        <ele>61</ele>
      </trkpt><trkpt lat="50.918861" lon="-0.115888">
        <ele>60.9</ele>
      </trkpt><trkpt lat="50.919515" lon="-0.115482">
        <ele>60.7</ele>
      </trkpt><trkpt lat="50.919664" lon="-0.115561">
        <ele>60.7</ele>
      </trkpt><trkpt lat="50.919698" lon="-0.115514">
        <ele>60.7</ele>
      </trkpt><trkpt lat="50.919834" lon="-0.115388">
        <ele>60.9</ele>
      </trkpt><trkpt lat="50.920166" lon="-0.115225">
        <ele>61.4</ele>
      </trkpt><trkpt lat="50.920434" lon="-0.115128">
        <ele>61.9</ele>
      </trkpt><trkpt lat="50.920628" lon="-0.115057">
        <ele>62.5</ele>
      </trkpt><trkpt lat="50.920993" lon="-0.11491">
        <ele>63.6</ele>
      </trkpt><trkpt lat="50.921046" lon="-0.11486">
        <ele>63.7</ele>
      </trkpt><trkpt lat="50.921229" lon="-0.114804">
        <ele>64.3</ele>
      </trkpt><trkpt lat="50.921623" lon="-0.114783">
        <ele>65.5</ele>
      </trkpt><trkpt lat="50.921676" lon="-0.114783">
        <ele>65.6</ele>
      </trkpt><trkpt lat="50.921808" lon="-0.114813">
        <ele>66</ele>
      </trkpt><trkpt lat="50.922129" lon="-0.114862">
        <ele>66.4</ele>
      </trkpt><trkpt lat="50.922421" lon="-0.114949">
        <ele>66.5</ele>
      </trkpt><trkpt lat="50.922462" lon="-0.115244">
        <ele>66.6</ele>
      </trkpt><trkpt lat="50.922875" lon="-0.116486">
        <ele>67.2</ele>
      </trkpt><trkpt lat="50.922995" lon="-0.116487">
        <ele>67.5</ele>
      </trkpt><trkpt lat="50.923088" lon="-0.116527">
        <ele>67.8</ele>
      </trkpt><trkpt lat="50.923188" lon="-0.116631">
        <ele>68.1</ele>
      </trkpt><trkpt lat="50.923494" lon="-0.116856">
        <ele>69.6</ele>
      </trkpt><trkpt lat="50.923705" lon="-0.117111">
        <ele>71.2</ele>
      </trkpt><trkpt lat="50.923779" lon="-0.117293">
        <ele>72.1</ele>
      </trkpt><trkpt lat="50.923824" lon="-0.117483">
        <ele>73</ele>
      </trkpt><trkpt lat="50.923886" lon="-0.117589">
        <ele>73.7</ele>
      </trkpt><trkpt lat="50.924133" lon="-0.117768">
        <ele>75.7</ele>
      </trkpt><trkpt lat="50.924133" lon="-0.117768">
        <ele>75.7</ele>
      </trkpt><trkpt lat="50.9242" lon="-0.117813">
        <ele>76.3</ele>
      </trkpt><trkpt lat="50.924323" lon="-0.117833">
        <ele>77.1</ele>
      </trkpt><trkpt lat="50.924323" lon="-0.117833">
        <ele>77.1</ele>
      </trkpt><trkpt lat="50.925052" lon="-0.117997">
        <ele>80.4</ele>
      </trkpt><trkpt lat="50.92541" lon="-0.118325">
        <ele>81.4</ele>
      </trkpt><trkpt lat="50.925486" lon="-0.118334">
        <ele>81.5</ele>
      </trkpt><trkpt lat="50.925486" lon="-0.118334">
        <ele>81.5</ele>
      </trkpt><trkpt lat="50.925495" lon="-0.118341">
        <ele>81.5</ele>
      </trkpt><trkpt lat="50.92584" lon="-0.118168">
        <ele>81.8</ele>
      </trkpt><trkpt lat="50.925933" lon="-0.118122">
        <ele>81.8</ele>
      </trkpt><trkpt lat="50.926854" lon="-0.118048">
        <ele>81.4</ele>
      </trkpt><trkpt lat="50.927554" lon="-0.118067">
        <ele>80.5</ele>
      </trkpt><trkpt lat="50.927702" lon="-0.11808">
        <ele>80.4</ele>
      </trkpt><trkpt lat="50.92802" lon="-0.118283">
        <ele>79.9</ele>
      </trkpt><trkpt lat="50.928196" lon="-0.118608">
        <ele>79.5</ele>
      </trkpt><trkpt lat="50.928497" lon="-0.119127">
        <ele>78.9</ele>
      </trkpt><trkpt lat="50.929837" lon="-0.120856">
        <ele>78.2</ele>
      </trkpt><trkpt lat="50.93005" lon="-0.121163">
        <ele>78</ele>
      </trkpt><trkpt lat="50.930159" lon="-0.121069">
        <ele>77.8</ele>
      </trkpt><trkpt lat="50.930195" lon="-0.120931">
        <ele>77.7</ele>
      </trkpt><trkpt lat="50.930501" lon="-0.120691">
        <ele>77.2</ele>
      </trkpt><trkpt lat="50.931019" lon="-0.120467">
        <ele>76</ele>
      </trkpt><trkpt lat="50.931445" lon="-0.120347">
        <ele>74.6</ele>
      </trkpt><trkpt lat="50.931492" lon="-0.120331">
        <ele>74.5</ele>
      </trkpt><trkpt lat="50.932664" lon="-0.119918">
        <ele>70</ele>
      </trkpt><trkpt lat="50.933689" lon="-0.119905">
        <ele>67.1</ele>
      </trkpt><trkpt lat="50.93432" lon="-0.120016">
        <ele>66.3</ele>
      </trkpt><trkpt lat="50.935006" lon="-0.120675">
        <ele>65.7</ele>
      </trkpt><trkpt lat="50.936684" lon="-0.122193">
        <ele>64.3</ele>
      </trkpt><trkpt lat="50.936764" lon="-0.122314">
        <ele>64.2</ele>
      </trkpt><trkpt lat="50.937675" lon="-0.123137">
        <ele>63.8</ele>
      </trkpt><trkpt lat="50.938097" lon="-0.123583">
        <ele>64.2</ele>
      </trkpt><trkpt lat="50.938244" lon="-0.124667">
        <ele>64.7</ele>
      </trkpt><trkpt lat="50.938255" lon="-0.124711">
        <ele>64.7</ele>
      </trkpt><trkpt lat="50.939012" lon="-0.124712">
        <ele>65.3</ele>
      </trkpt><trkpt lat="50.939563" lon="-0.124726">
        <ele>65.4</ele>
      </trkpt><trkpt lat="50.941" lon="-0.124775">
        <ele>66.1</ele>
      </trkpt><trkpt lat="50.941246" lon="-0.124771">
        <ele>66.2</ele>
      </trkpt><trkpt lat="50.941268" lon="-0.125685">
        <ele>66.4</ele>
      </trkpt><trkpt lat="50.941358" lon="-0.12634">
        <ele>65.9</ele>
      </trkpt><trkpt lat="50.941469" lon="-0.126882">
        <ele>65.2</ele>
      </trkpt><trkpt lat="50.9416" lon="-0.12732">
        <ele>64.4</ele>
      </trkpt><trkpt lat="50.94172" lon="-0.127589">
        <ele>63.6</ele>
      </trkpt><trkpt lat="50.942046" lon="-0.127521">
        <ele>62</ele>
      </trkpt><trkpt lat="50.942715" lon="-0.127738">
        <ele>57.5</ele>
      </trkpt><trkpt lat="50.943045" lon="-0.127943">
        <ele>54.9</ele>
      </trkpt><trkpt lat="50.943417" lon="-0.128519">
        <ele>51.4</ele>
      </trkpt><trkpt lat="50.943767" lon="-0.129292">
        <ele>48.7</ele>
      </trkpt><trkpt lat="50.943918" lon="-0.129697">
        <ele>47.9</ele>
      </trkpt><trkpt lat="50.943845" lon="-0.130824">
        <ele>48.2</ele>
      </trkpt><trkpt lat="50.943895" lon="-0.132487">
        <ele>50.9</ele>
      </trkpt><trkpt lat="50.943799" lon="-0.133249">
        <ele>52.2</ele>
      </trkpt><trkpt lat="50.943854" lon="-0.133318">
        <ele>52.4</ele>
      </trkpt><trkpt lat="50.944111" lon="-0.132984">
        <ele>53.3</ele>
      </trkpt><trkpt lat="50.945733" lon="-0.131937">
        <ele>58</ele>
      </trkpt><trkpt lat="50.946657" lon="-0.131235">
        <ele>59</ele>
      </trkpt><trkpt lat="50.947022" lon="-0.131085">
        <ele>58.5</ele>
      </trkpt><trkpt lat="50.947392" lon="-0.130861">
        <ele>57.5</ele>
      </trkpt><trkpt lat="50.948296" lon="-0.1306">
        <ele>53.5</ele>
      </trkpt><trkpt lat="50.94933" lon="-0.129773">
        <ele>48.6</ele>
      </trkpt><trkpt lat="50.949627" lon="-0.129592">
        <ele>47.8</ele>
      </trkpt><trkpt lat="50.950017" lon="-0.129384">
        <ele>47.1</ele>
      </trkpt><trkpt lat="50.950801" lon="-0.128972">
        <ele>46.9</ele>
      </trkpt><trkpt lat="50.951814" lon="-0.128319">
        <ele>47.8</ele>
      </trkpt><trkpt lat="50.952249" lon="-0.127843">
        <ele>48.4</ele>
      </trkpt><trkpt lat="50.95249" lon="-0.127657">
        <ele>48.9</ele>
      </trkpt><trkpt lat="50.952596" lon="-0.127605">
        <ele>49.1</ele>
      </trkpt><trkpt lat="50.953048" lon="-0.127601">
        <ele>49.9</ele>
      </trkpt><trkpt lat="50.953007" lon="-0.127624">
        <ele>50</ele>
      </trkpt><trkpt lat="50.952995" lon="-0.127725">
        <ele>50.1</ele>
      </trkpt><trkpt lat="50.9537" lon="-0.127263">
        <ele>50.9</ele>
      </trkpt><trkpt lat="50.953711" lon="-0.127317">
        <ele>51</ele>
      </trkpt><trkpt lat="50.953598" lon="-0.127388">
        <ele>51</ele>
      </trkpt>
    </trkseg>
  </trk>
</gpx>